secim_yili,secim_tarihi,il_plaka,il_adi,parti,oy,oran,kazandi_mi
1950,14 Mayıs 1950,3,Afyonkarahisar,DP,81505,57.02,EVET
1950,14 Mayıs 1950,3,Afyonkarahisar,CHP,48131,33.67,
1950,14 Mayıs 1950,3,Afyonkarahisar,MP50,13293,9.3,
1950,14 Mayıs 1950,4,Ağrı,DP,34115,64.47,EVET
1950,14 Mayıs 1950,4,Ağrı,CHP,18797,35.53,
1950,14 Mayıs 1950,5,Amasya,DP,33824,53.37,EVET
1950,14 Mayıs 1950,5,Amasya,CHP,29548,46.63,
1950,14 Mayıs 1950,6,Ankara,DP,146876,49.1,EVET
1950,14 Mayıs 1950,6,Ankara,CHP,126081,42.15,
1950,14 Mayıs 1950,6,Ankara,MP50,26196,8.76,
1950,14 Mayıs 1950,7,Antalya,DP,67867,64.7,EVET
1950,14 Mayıs 1950,7,Antalya,CHP,37025,35.3,
1950,14 Mayıs 1950,9,Aydın,DP,76896,54.7,EVET
1950,14 Mayıs 1950,9,Aydın,CHP,60860,43.29,
1950,14 Mayıs 1950,9,Aydın,MP50,2820,2.01,
1950,14 Mayıs 1950,10,Balıkesir,DP,142239,58.55,EVET
1950,14 Mayıs 1950,10,Balıkesir,CHP,100680,41.45,
1950,14 Mayıs 1950,11,Bilecik,DP,32613,54.01,EVET
1950,14 Mayıs 1950,11,Bilecik,CHP,27772,45.99,
1950,14 Mayıs 1950,12,Bingöl,DP,8341,32.58,
1950,14 Mayıs 1950,12,Bingöl,CHP,15700,61.33,EVET
1950,14 Mayıs 1950,12,Bingöl,Bağımsız,1560,6.09,
1950,14 Mayıs 1950,13,Bitlis,DP,7989,27.79,
1950,14 Mayıs 1950,13,Bitlis,CHP,16025,55.75,EVET
1950,14 Mayıs 1950,13,Bitlis,Bağımsız,4732,16.46,
1950,14 Mayıs 1950,14,Bolu,DP,80675,65.44,EVET
1950,14 Mayıs 1950,14,Bolu,CHP,38577,31.29,
1950,14 Mayıs 1950,14,Bolu,MP50,4032,3.27,
1950,14 Mayıs 1950,15,Burdur,DP,29783,45.91,EVET
1950,14 Mayıs 1950,15,Burdur,CHP,14479,22.32,
1950,14 Mayıs 1950,15,Burdur,MP50,189,0.29,
1950,14 Mayıs 1950,15,Burdur,Bağımsız,20419,31.48,
1950,14 Mayıs 1950,16,Bursa,DP,138445,58.67,EVET
1950,14 Mayıs 1950,16,Bursa,CHP,97532,41.33,
1950,14 Mayıs 1950,17,Çanakkale,DP,77296,65.69,EVET
1950,14 Mayıs 1950,17,Çanakkale,CHP,40180,34.15,
1950,14 Mayıs 1950,17,Çanakkale,Bağımsız,189,0.16,
1950,14 Mayıs 1950,18,Çankırı,DP,47769,61.55,EVET
1950,14 Mayıs 1950,18,Çankırı,CHP,20013,25.79,
1950,14 Mayıs 1950,18,Çankırı,MP50,4136,5.33,
1950,14 Mayıs 1950,18,Çankırı,Bağımsız,5695,7.34,
1950,14 Mayıs 1950,8,Artvin,DP,30691,54.41,EVET
1950,14 Mayıs 1950,8,Artvin,CHP,23765,42.13,
1950,14 Mayıs 1950,8,Artvin,MP50,1956,3.47,
1950,14 Mayıs 1950,19,Çorum,DP,89390,65.49,EVET
1950,14 Mayıs 1950,19,Çorum,CHP,47099,34.51,
1950,14 Mayıs 1950,20,Denizli,DP,76760,59.74,EVET
1950,14 Mayıs 1950,20,Denizli,CHP,51728,40.26,
1950,14 Mayıs 1950,21,Diyarbakır,DP,53691,52.8,EVET
1950,14 Mayıs 1950,21,Diyarbakır,CHP,48000,47.2,
1950,14 Mayıs 1950,22,Edirne,DP,47715,54.13,EVET
1950,14 Mayıs 1950,22,Edirne,CHP,36238,41.11,
1950,14 Mayıs 1950,22,Edirne,MP50,4178,4.74,
1950,14 Mayıs 1950,22,Edirne,Bağımsız,10,0.01,
1950,14 Mayıs 1950,23,Elazığ,DP,37983,53.53,EVET
1950,14 Mayıs 1950,23,Elazığ,CHP,32972,46.47,
1950,14 Mayıs 1950,24,Erzincan,DP,25311,39.58,
1950,14 Mayıs 1950,24,Erzincan,CHP,38631,60.42,EVET
1950,14 Mayıs 1950,25,Erzurum,DP,88711,64.32,EVET
1950,14 Mayıs 1950,25,Erzurum,CHP,49219,35.68,
1950,14 Mayıs 1950,26,Eskişehir,DP,65368,60.58,EVET
1950,14 Mayıs 1950,26,Eskişehir,CHP,37343,34.61,
1950,14 Mayıs 1950,26,Eskişehir,MP50,4096,3.8,
1950,14 Mayıs 1950,26,Eskişehir,Bağımsız,1092,1.01,
1950,14 Mayıs 1950,27,Gaziantep,DP,69792,58.59,EVET
1950,14 Mayıs 1950,27,Gaziantep,CHP,49333,41.41,
1950,14 Mayıs 1950,28,Giresun,DP,62026,62.37,EVET
1950,14 Mayıs 1950,28,Giresun,CHP,37417,37.63,
1950,14 Mayıs 1950,29,Gümüşhane,DP,36778,46.29,EVET
1950,14 Mayıs 1950,29,Gümüşhane,CHP,29616,37.28,
1950,14 Mayıs 1950,29,Gümüşhane,Bağımsız,13049,16.43,
1950,14 Mayıs 1950,30,Hakkari,CHP,12384,100.0,EVET
1950,14 Mayıs 1950,31,Hatay,DP,49240,47.78,
1950,14 Mayıs 1950,31,Hatay,CHP,53818,52.22,EVET
1950,14 Mayıs 1950,32,Isparta,DP,45154,59.9,EVET
1950,14 Mayıs 1950,32,Isparta,CHP,30233,40.1,
1950,14 Mayıs 1950,33,Mersin,DP,73269,61.98,EVET
1950,14 Mayıs 1950,33,Mersin,CHP,43814,37.07,
1950,14 Mayıs 1950,33,Mersin,MP50,1124,0.95,
1950,14 Mayıs 1950,34,İstanbul,DP,238763,56.61,EVET
1950,14 Mayıs 1950,34,İstanbul,CHP,110299,26.15,
1950,14 Mayıs 1950,34,İstanbul,MP50,72737,17.24,
1950,14 Mayıs 1950,35,İzmir,DP,188476,56.75,EVET
1950,14 Mayıs 1950,35,İzmir,CHP,137622,41.44,
1950,14 Mayıs 1950,35,İzmir,MP50,6038,1.82,
1950,14 Mayıs 1950,36,Kars,DP,54112,41.12,
1950,14 Mayıs 1950,36,Kars,CHP,76561,58.18,EVET
1950,14 Mayıs 1950,36,Kars,Bağımsız,917,0.7,
1950,14 Mayıs 1950,37,Kastamonu,DP,70422,43.87,EVET
1950,14 Mayıs 1950,37,Kastamonu,CHP,63809,39.75,
1950,14 Mayıs 1950,37,Kastamonu,MP50,26307,16.39,
1950,14 Mayıs 1950,38,Kayseri,DP,100268,66.93,EVET
1950,14 Mayıs 1950,38,Kayseri,CHP,47946,32.0,
1950,14 Mayıs 1950,38,Kayseri,MP50,1597,1.07,
1950,14 Mayıs 1950,39,Kırklareli,DP,42840,53.92,EVET
1950,14 Mayıs 1950,39,Kırklareli,CHP,36607,46.08,
1950,14 Mayıs 1950,40,Kırşehir,DP,23568,35.73,EVET
1950,14 Mayıs 1950,40,Kırşehir,CHP,21408,32.46,
1950,14 Mayıs 1950,40,Kırşehir,MP50,17675,26.8,
1950,14 Mayıs 1950,40,Kırşehir,Bağımsız,3310,5.02,
1950,14 Mayıs 1950,41,Kocaeli,DP,105910,59.17,EVET
1950,14 Mayıs 1950,41,Kocaeli,CHP,64828,36.22,
1950,14 Mayıs 1950,41,Kocaeli,MP50,8251,4.61,
1950,14 Mayıs 1950,42,Konya,DP,163222,59.15,EVET
1950,14 Mayıs 1950,42,Konya,CHP,111139,40.28,
1950,14 Mayıs 1950,42,Konya,Bağımsız,1573,0.57,
1950,14 Mayıs 1950,43,Kütahya,DP,87792,51.61,EVET
1950,14 Mayıs 1950,43,Kütahya,CHP,62992,37.03,
1950,14 Mayıs 1950,43,Kütahya,MP50,19317,11.36,
1950,14 Mayıs 1950,44,Malatya,DP,64834,40.65,
1950,14 Mayıs 1950,44,Malatya,CHP,94677,59.35,EVET
1950,14 Mayıs 1950,45,Manisa,DP,128199,58.64,EVET
1950,14 Mayıs 1950,45,Manisa,CHP,90412,41.36,
1950,14 Mayıs 1950,46,Kahramanmaraş,DP,52823,44.77,EVET
1950,14 Mayıs 1950,46,Kahramanmaraş,CHP,39045,33.09,
1950,14 Mayıs 1950,46,Kahramanmaraş,Bağımsız,26121,22.14,
1950,14 Mayıs 1950,47,Mardin,DP,45078,32.73,
1950,14 Mayıs 1950,47,Mardin,CHP,44882,32.59,
1950,14 Mayıs 1950,47,Mardin,Bağımsız,47771,34.68,EVET
1950,14 Mayıs 1950,48,Muğla,DP,53719,55.06,EVET
1950,14 Mayıs 1950,48,Muğla,CHP,43842,44.94,
1950,14 Mayıs 1950,49,Muş,DP,16880,51.28,EVET
1950,14 Mayıs 1950,49,Muş,CHP,16040,48.72,
1950,14 Mayıs 1950,51,Niğde,DP,70796,55.39,EVET
1950,14 Mayıs 1950,51,Niğde,CHP,55175,43.17,
1950,14 Mayıs 1950,51,Niğde,MP50,1849,1.45,
1950,14 Mayıs 1950,52,Ordu,DP,61184,50.03,EVET
1950,14 Mayıs 1950,52,Ordu,CHP,61111,49.97,
1950,14 Mayıs 1950,53,Rize,DP,42038,69.99,EVET
1950,14 Mayıs 1950,53,Rize,CHP,18021,30.01,
1950,14 Mayıs 1950,55,Samsun,DP,98336,57.54,EVET
1950,14 Mayıs 1950,55,Samsun,CHP,71678,41.94,
1950,14 Mayıs 1950,55,Samsun,MP50,884,0.52,
1950,14 Mayıs 1950,1,Adana,DP,90720,50.21,EVET
1950,14 Mayıs 1950,1,Adana,CHP,77189,42.72,
1950,14 Mayıs 1950,1,Adana,MP50,3515,1.95,
1950,14 Mayıs 1950,1,Adana,Bağımsız,9275,5.13,
1950,14 Mayıs 1950,56,Siirt,DP,22144,59.04,EVET
1950,14 Mayıs 1950,56,Siirt,CHP,15363,40.96,
1950,14 Mayıs 1950,57,Sinop,DP,9522,10.81,
1950,14 Mayıs 1950,57,Sinop,CHP,55348,62.85,EVET
1950,14 Mayıs 1950,57,Sinop,MP50,23196,26.34,
1950,14 Mayıs 1950,58,Sivas,DP,103586,54.35,EVET
1950,14 Mayıs 1950,58,Sivas,CHP,87014,45.65,
1950,14 Mayıs 1950,59,Tekirdağ,DP,53660,58.92,EVET
1950,14 Mayıs 1950,59,Tekirdağ,CHP,36916,40.54,
1950,14 Mayıs 1950,59,Tekirdağ,Bağımsız,490,0.54,
1950,14 Mayıs 1950,60,Tokat,DP,81822,55.64,EVET
1950,14 Mayıs 1950,60,Tokat,CHP,65241,44.36,
1950,14 Mayıs 1950,61,Trabzon,DP,60871,46.33,
1950,14 Mayıs 1950,61,Trabzon,CHP,63684,48.47,EVET
1950,14 Mayıs 1950,61,Trabzon,MP50,6839,5.2,
1950,14 Mayıs 1950,62,Tunceli,DP,13089,58.7,EVET
1950,14 Mayıs 1950,62,Tunceli,CHP,9209,41.3,
1950,14 Mayıs 1950,63,Şanlıurfa,DP,55959,51.87,EVET
1950,14 Mayıs 1950,63,Şanlıurfa,CHP,51924,48.13,
1950,14 Mayıs 1950,65,Van,DP,16785,35.11,
1950,14 Mayıs 1950,65,Van,CHP,20653,43.2,EVET
1950,14 Mayıs 1950,65,Van,Bağımsız,10374,21.7,
1950,14 Mayıs 1950,66,Yozgat,DP,68969,57.55,EVET
1950,14 Mayıs 1950,66,Yozgat,CHP,50866,42.45,
1950,14 Mayıs 1950,67,Zonguldak,DP,107863,63.49,EVET
1950,14 Mayıs 1950,67,Zonguldak,CHP,62020,36.51,
1954,2 Mayıs 1954,3,Afyonkarahisar,DP,89969,58.23,EVET
1954,2 Mayıs 1954,3,Afyonkarahisar,CHP,40872,26.45,
1954,2 Mayıs 1954,3,Afyonkarahisar,CMP,23379,15.13,
1954,2 Mayıs 1954,3,Afyonkarahisar,Bağımsız,298,0.19,
1954,2 Mayıs 1954,4,Ağrı,DP,42222,69.6,EVET
1954,2 Mayıs 1954,4,Ağrı,CHP,17209,28.37,
1954,2 Mayıs 1954,4,Ağrı,Bağımsız,1236,2.04,
1954,2 Mayıs 1954,5,Amasya,DP,49015,54.87,EVET
1954,2 Mayıs 1954,5,Amasya,CHP,35825,40.11,
1954,2 Mayıs 1954,5,Amasya,CMP,4322,4.84,
1954,2 Mayıs 1954,5,Amasya,Bağımsız,163,0.18,
1954,2 Mayıs 1954,6,Ankara,DP,181789,50.11,EVET
1954,2 Mayıs 1954,6,Ankara,CHP,142161,39.18,
1954,2 Mayıs 1954,6,Ankara,CMP,35676,9.83,
1954,2 Mayıs 1954,6,Ankara,TKöyP,2966,0.82,
1954,2 Mayıs 1954,6,Ankara,Bağımsız,210,0.06,
1954,2 Mayıs 1954,7,Antalya,DP,82337,61.49,EVET
1954,2 Mayıs 1954,7,Antalya,CHP,46824,34.97,
1954,2 Mayıs 1954,7,Antalya,Bağımsız,4751,3.55,
1954,2 Mayıs 1954,9,Aydın,DP,105569,64.72,EVET
1954,2 Mayıs 1954,9,Aydın,CHP,53677,32.91,
1954,2 Mayıs 1954,9,Aydın,CMP,3641,2.23,
1954,2 Mayıs 1954,9,Aydın,Bağımsız,238,0.15,
1954,2 Mayıs 1954,10,Balıkesir,DP,163152,62.05,EVET
1954,2 Mayıs 1954,10,Balıkesir,CHP,91329,34.74,
1954,2 Mayıs 1954,10,Balıkesir,CMP,7282,2.77,
1954,2 Mayıs 1954,10,Balıkesir,Bağımsız,1162,0.44,
1954,2 Mayıs 1954,12,Bingöl,DP,10025,31.71,EVET
1954,2 Mayıs 1954,12,Bingöl,CHP,8255,26.12,
1954,2 Mayıs 1954,12,Bingöl,CMP,4529,14.33,
1954,2 Mayıs 1954,12,Bingöl,Bağımsız,8801,27.84,
1954,2 Mayıs 1954,11,Bilecik,DP,35346,54.07,EVET
1954,2 Mayıs 1954,11,Bilecik,CHP,25678,39.28,
1954,2 Mayıs 1954,11,Bilecik,CMP,1686,2.58,
1954,2 Mayıs 1954,11,Bilecik,Bağımsız,2659,4.07,
1954,2 Mayıs 1954,13,Bitlis,DP,20707,67.2,EVET
1954,2 Mayıs 1954,13,Bitlis,CHP,6904,22.41,
1954,2 Mayıs 1954,13,Bitlis,Bağımsız,3201,10.39,
1954,2 Mayıs 1954,14,Bolu,DP,85819,69.66,EVET
1954,2 Mayıs 1954,14,Bolu,CHP,31390,25.48,
1954,2 Mayıs 1954,14,Bolu,CMP,5511,4.47,
1954,2 Mayıs 1954,14,Bolu,Bağımsız,484,0.39,
1954,2 Mayıs 1954,15,Burdur,DP,36743,57.16,EVET
1954,2 Mayıs 1954,15,Burdur,CHP,25510,39.68,
1954,2 Mayıs 1954,15,Burdur,TKöyP,2029,3.16,
1954,2 Mayıs 1954,16,Bursa,DP,158361,62.9,EVET
1954,2 Mayıs 1954,16,Bursa,CHP,76363,30.33,
1954,2 Mayıs 1954,16,Bursa,CMP,15724,6.25,
1954,2 Mayıs 1954,16,Bursa,Bağımsız,1336,0.53,
1954,2 Mayıs 1954,17,Çanakkale,DP,80416,60.89,EVET
1954,2 Mayıs 1954,17,Çanakkale,CHP,41727,31.6,
1954,2 Mayıs 1954,17,Çanakkale,CMP,3062,2.32,
1954,2 Mayıs 1954,17,Çanakkale,TKöyP,4135,3.13,
1954,2 Mayıs 1954,17,Çanakkale,Bağımsız,2721,2.06,
1954,2 Mayıs 1954,18,Çankırı,DP,42998,50.75,EVET
1954,2 Mayıs 1954,18,Çankırı,CHP,23712,27.99,
1954,2 Mayıs 1954,18,Çankırı,CMP,10503,12.4,
1954,2 Mayıs 1954,18,Çankırı,TKöyP,6097,7.2,
1954,2 Mayıs 1954,18,Çankırı,Bağımsız,1416,1.67,
1954,2 Mayıs 1954,8,Artvin,DP,39662,59.08,EVET
1954,2 Mayıs 1954,8,Artvin,CHP,23871,35.56,
1954,2 Mayıs 1954,8,Artvin,Bağımsız,3604,5.37,
1954,2 Mayıs 1954,19,Çorum,DP,92332,60.42,EVET
1954,2 Mayıs 1954,19,Çorum,CHP,51246,33.54,
1954,2 Mayıs 1954,19,Çorum,Bağımsız,9232,6.04,
1954,2 Mayıs 1954,20,Denizli,DP,85341,57.52,EVET
1954,2 Mayıs 1954,20,Denizli,CHP,62950,42.43,
1954,2 Mayıs 1954,20,Denizli,Bağımsız,88,0.06,
1954,2 Mayıs 1954,21,Diyarbakır,DP,72907,61.11,EVET
1954,2 Mayıs 1954,21,Diyarbakır,CHP,42333,35.48,
1954,2 Mayıs 1954,21,Diyarbakır,TKöyP,3389,2.84,
1954,2 Mayıs 1954,21,Diyarbakır,Bağımsız,673,0.56,
1954,2 Mayıs 1954,22,Edirne,DP,62916,61.26,EVET
1954,2 Mayıs 1954,22,Edirne,CHP,35624,34.69,
1954,2 Mayıs 1954,22,Edirne,CMP,3821,3.72,
1954,2 Mayıs 1954,22,Edirne,Bağımsız,346,0.34,
1954,2 Mayıs 1954,23,Elazığ,DP,48992,57.44,EVET
1954,2 Mayıs 1954,23,Elazığ,CHP,32133,37.67,
1954,2 Mayıs 1954,23,Elazığ,CMP,1399,1.64,
1954,2 Mayıs 1954,23,Elazığ,TKöyP,1784,2.09,
1954,2 Mayıs 1954,23,Elazığ,Bağımsız,985,1.15,
1954,2 Mayıs 1954,24,Erzincan,DP,35719,51.35,EVET
1954,2 Mayıs 1954,24,Erzincan,CHP,33321,47.9,
1954,2 Mayıs 1954,24,Erzincan,Bağımsız,517,0.74,
1954,2 Mayıs 1954,25,Erzurum,DP,99304,59.63,EVET
1954,2 Mayıs 1954,25,Erzurum,CHP,47013,28.23,
1954,2 Mayıs 1954,25,Erzurum,CMP,20065,12.05,
1954,2 Mayıs 1954,25,Erzurum,Bağımsız,149,0.09,
1954,2 Mayıs 1954,26,Eskişehir,DP,80598,63.08,EVET
1954,2 Mayıs 1954,26,Eskişehir,CHP,34294,26.84,
1954,2 Mayıs 1954,26,Eskişehir,CMP,8767,6.86,
1954,2 Mayıs 1954,26,Eskişehir,TKöyP,1679,1.31,
1954,2 Mayıs 1954,26,Eskişehir,Bağımsız,2436,1.91,
1954,2 Mayıs 1954,27,Gaziantep,DP,83026,58.15,EVET
1954,2 Mayıs 1954,27,Gaziantep,CHP,58834,41.2,
1954,2 Mayıs 1954,27,Gaziantep,Bağımsız,925,0.65,
1954,2 Mayıs 1954,28,Giresun,DP,73445,61.35,EVET
1954,2 Mayıs 1954,28,Giresun,CHP,38364,32.04,
1954,2 Mayıs 1954,28,Giresun,CMP,7816,6.53,
1954,2 Mayıs 1954,28,Giresun,Bağımsız,97,0.08,
1954,2 Mayıs 1954,29,Gümüşhane,DP,38863,49.89,EVET
1954,2 Mayıs 1954,29,Gümüşhane,CHP,32778,42.07,
1954,2 Mayıs 1954,29,Gümüşhane,Bağımsız,6263,8.04,
1954,2 Mayıs 1954,30,Hakkari,DP,9801,54.39,EVET
1954,2 Mayıs 1954,30,Hakkari,CHP,4289,23.8,
1954,2 Mayıs 1954,30,Hakkari,Bağımsız,3929,21.8,
1954,2 Mayıs 1954,31,Hatay,DP,76136,59.99,EVET
1954,2 Mayıs 1954,31,Hatay,CHP,48746,38.41,
1954,2 Mayıs 1954,31,Hatay,CMP,2034,1.6,
1954,2 Mayıs 1954,31,Hatay,Bağımsız,8,0.01,
1954,2 Mayıs 1954,32,Isparta,DP,52051,62.33,EVET
1954,2 Mayıs 1954,32,Isparta,CHP,30893,36.99,
1954,2 Mayıs 1954,32,Isparta,Bağımsız,571,0.68,
1954,2 Mayıs 1954,33,Mersin,DP,73792,53.16,EVET
1954,2 Mayıs 1954,33,Mersin,CHP,50037,36.05,
1954,2 Mayıs 1954,33,Mersin,CMP,1338,0.96,
1954,2 Mayıs 1954,33,Mersin,TKöyP,2166,1.56,
1954,2 Mayıs 1954,33,Mersin,Bağımsız,11485,8.27,
1954,2 Mayıs 1954,34,İstanbul,DP,338010,62.66,EVET
1954,2 Mayıs 1954,34,İstanbul,CHP,143705,26.64,
1954,2 Mayıs 1954,34,İstanbul,CMP,43420,8.05,
1954,2 Mayıs 1954,34,İstanbul,TKöyP,4215,0.78,
1954,2 Mayıs 1954,34,İstanbul,Bağımsız,10076,1.87,
1954,2 Mayıs 1954,35,İzmir,DP,230522,61.18,EVET
1954,2 Mayıs 1954,35,İzmir,CHP,145871,38.72,
1954,2 Mayıs 1954,35,İzmir,TKöyP,374,0.1,
1954,2 Mayıs 1954,36,Kars,DP,61573,38.07,
1954,2 Mayıs 1954,36,Kars,CHP,79426,49.11,EVET
1954,2 Mayıs 1954,36,Kars,CMP,18400,11.38,
1954,2 Mayıs 1954,36,Kars,Bağımsız,2335,1.44,
1954,2 Mayıs 1954,37,Kastamonu,DP,92135,59.07,EVET
1954,2 Mayıs 1954,37,Kastamonu,CHP,45591,29.23,
1954,2 Mayıs 1954,37,Kastamonu,CMP,16044,10.29,
1954,2 Mayıs 1954,37,Kastamonu,TKöyP,2200,1.41,
1954,2 Mayıs 1954,37,Kastamonu,Bağımsız,18,0.01,
1954,2 Mayıs 1954,38,Kayseri,DP,104862,61.69,EVET
1954,2 Mayıs 1954,38,Kayseri,CHP,57329,33.73,
1954,2 Mayıs 1954,38,Kayseri,CMP,7257,4.27,
1954,2 Mayıs 1954,38,Kayseri,Bağımsız,528,0.31,
1954,2 Mayıs 1954,39,Kırklareli,DP,56105,62.28,EVET
1954,2 Mayıs 1954,39,Kırklareli,CHP,31926,35.44,
1954,2 Mayıs 1954,39,Kırklareli,CMP,1845,2.05,
1954,2 Mayıs 1954,39,Kırklareli,Bağımsız,214,0.24,
1954,2 Mayıs 1954,40,Kırşehir,DP,24354,30.0,
1954,2 Mayıs 1954,40,Kırşehir,CHP,18633,22.95,
1954,2 Mayıs 1954,40,Kırşehir,CMP,34374,42.34,EVET
1954,2 Mayıs 1954,40,Kırşehir,TKöyP,114,0.14,
1954,2 Mayıs 1954,40,Kırşehir,Bağımsız,3717,4.58,
1954,2 Mayıs 1954,41,Kocaeli,DP,127578,63.02,EVET
1954,2 Mayıs 1954,41,Kocaeli,CHP,60860,30.07,
1954,2 Mayıs 1954,41,Kocaeli,CMP,12008,5.93,
1954,2 Mayıs 1954,41,Kocaeli,TKöyP,798,0.39,
1954,2 Mayıs 1954,41,Kocaeli,Bağımsız,1184,0.58,
1954,2 Mayıs 1954,42,Konya,DP,164002,53.6,EVET
1954,2 Mayıs 1954,42,Konya,CHP,106497,34.8,
1954,2 Mayıs 1954,42,Konya,CMP,30376,9.93,
1954,2 Mayıs 1954,42,Konya,TKöyP,4397,1.44,
1954,2 Mayıs 1954,42,Konya,Bağımsız,715,0.23,
1954,2 Mayıs 1954,43,Kütahya,DP,87140,64.22,EVET
1954,2 Mayıs 1954,43,Kütahya,CHP,35144,25.9,
1954,2 Mayıs 1954,43,Kütahya,CMP,12658,9.33,
1954,2 Mayıs 1954,43,Kütahya,Bağımsız,752,0.55,
1954,2 Mayıs 1954,44,Malatya,DP,88235,44.32,
1954,2 Mayıs 1954,44,Malatya,CHP,107643,54.07,EVET
1954,2 Mayıs 1954,44,Malatya,CMP,557,0.28,
1954,2 Mayıs 1954,44,Malatya,TKöyP,2171,1.09,
1954,2 Mayıs 1954,44,Malatya,Bağımsız,492,0.25,
1954,2 Mayıs 1954,45,Manisa,DP,151569,64.54,EVET
1954,2 Mayıs 1954,45,Manisa,CHP,76069,32.39,
1954,2 Mayıs 1954,45,Manisa,CMP,7195,3.06,
1954,2 Mayıs 1954,46,Kahramanmaraş,DP,65777,54.92,EVET
1954,2 Mayıs 1954,46,Kahramanmaraş,CHP,43501,36.32,
1954,2 Mayıs 1954,46,Kahramanmaraş,CMP,3781,3.16,
1954,2 Mayıs 1954,46,Kahramanmaraş,TKöyP,5498,4.59,
1954,2 Mayıs 1954,46,Kahramanmaraş,Bağımsız,1210,1.01,
1954,2 Mayıs 1954,47,Mardin,DP,60614,47.76,EVET
1954,2 Mayıs 1954,47,Mardin,CHP,44650,35.18,
1954,2 Mayıs 1954,47,Mardin,Bağımsız,21646,17.06,
1954,2 Mayıs 1954,48,Muğla,DP,64467,60.62,EVET
1954,2 Mayıs 1954,48,Muğla,CHP,41755,39.27,
1954,2 Mayıs 1954,48,Muğla,Bağımsız,119,0.11,
1954,2 Mayıs 1954,49,Muş,DP,12807,38.0,EVET
1954,2 Mayıs 1954,49,Muş,CHP,8485,25.17,
1954,2 Mayıs 1954,49,Muş,Bağımsız,12413,36.83,
1954,2 Mayıs 1954,51,Niğde,DP,76613,55.01,EVET
1954,2 Mayıs 1954,51,Niğde,CHP,42347,30.41,
1954,2 Mayıs 1954,51,Niğde,CMP,8673,6.23,
1954,2 Mayıs 1954,51,Niğde,TKöyP,3518,2.53,
1954,2 Mayıs 1954,51,Niğde,Bağımsız,8115,5.83,
1954,2 Mayıs 1954,52,Ordu,DP,77361,55.2,EVET
1954,2 Mayıs 1954,52,Ordu,CHP,62785,44.8,
1954,2 Mayıs 1954,53,Rize,DP,52952,69.48,EVET
1954,2 Mayıs 1954,53,Rize,CHP,19264,25.28,
1954,2 Mayıs 1954,53,Rize,CMP,4000,5.25,
1954,2 Mayıs 1954,55,Samsun,DP,121098,60.31,EVET
1954,2 Mayıs 1954,55,Samsun,CHP,75329,37.52,
1954,2 Mayıs 1954,55,Samsun,CMP,4357,2.17,
1954,2 Mayıs 1954,1,Adana,DP,107447,49.22,EVET
1954,2 Mayıs 1954,1,Adana,CHP,99741,45.69,
1954,2 Mayıs 1954,1,Adana,CMP,2618,1.2,
1954,2 Mayıs 1954,1,Adana,TKöyP,8178,3.75,
1954,2 Mayıs 1954,1,Adana,Bağımsız,316,0.14,
1954,2 Mayıs 1954,56,Siirt,DP,33097,65.76,EVET
1954,2 Mayıs 1954,56,Siirt,CHP,14583,28.97,
1954,2 Mayıs 1954,56,Siirt,Bağımsız,2653,5.27,
1954,2 Mayıs 1954,57,Sinop,DP,30920,34.67,
1954,2 Mayıs 1954,57,Sinop,CHP,36987,41.48,EVET
1954,2 Mayıs 1954,57,Sinop,CMP,21270,23.85,
1954,2 Mayıs 1954,58,Sivas,DP,117204,52.49,EVET
1954,2 Mayıs 1954,58,Sivas,CHP,98996,44.34,
1954,2 Mayıs 1954,58,Sivas,CMP,7071,3.17,
1954,2 Mayıs 1954,59,Tekirdağ,DP,64901,63.19,EVET
1954,2 Mayıs 1954,59,Tekirdağ,CHP,35145,34.22,
1954,2 Mayıs 1954,59,Tekirdağ,CMP,2551,2.48,
1954,2 Mayıs 1954,59,Tekirdağ,Bağımsız,115,0.11,
1954,2 Mayıs 1954,60,Tokat,DP,80537,55.19,EVET
1954,2 Mayıs 1954,60,Tokat,CHP,65380,44.81,
1954,2 Mayıs 1954,61,Trabzon,DP,94121,61.8,EVET
1954,2 Mayıs 1954,61,Trabzon,CHP,53957,35.43,
1954,2 Mayıs 1954,61,Trabzon,CMP,4225,2.77,
1954,2 Mayıs 1954,62,Tunceli,DP,17024,46.53,
1954,2 Mayıs 1954,62,Tunceli,CHP,19567,53.47,EVET
1954,2 Mayıs 1954,63,Şanlıurfa,DP,65070,49.45,EVET
1954,2 Mayıs 1954,63,Şanlıurfa,CHP,51127,38.85,
1954,2 Mayıs 1954,63,Şanlıurfa,TKöyP,803,0.61,
1954,2 Mayıs 1954,63,Şanlıurfa,Bağımsız,14591,11.09,
1954,2 Mayıs 1954,64,Uşak,DP,29973,43.02,EVET
1954,2 Mayıs 1954,64,Uşak,CHP,28042,40.25,
1954,2 Mayıs 1954,64,Uşak,CMP,11650,16.72,
1954,2 Mayıs 1954,65,Van,DP,33637,64.51,EVET
1954,2 Mayıs 1954,65,Van,CHP,18507,35.49,
1954,2 Mayıs 1954,66,Yozgat,DP,79733,57.99,EVET
1954,2 Mayıs 1954,66,Yozgat,CHP,45653,33.2,
1954,2 Mayıs 1954,66,Yozgat,CMP,7862,5.72,
1954,2 Mayıs 1954,66,Yozgat,Bağımsız,4250,3.09,
1954,2 Mayıs 1954,67,Zonguldak,DP,130759,66.8,EVET
1954,2 Mayıs 1954,67,Zonguldak,CHP,53539,27.35,
1954,2 Mayıs 1954,67,Zonguldak,CMP,11338,5.79,
1954,2 Mayıs 1954,67,Zonguldak,Bağımsız,119,0.06,
1957,27 Ekim 1957,1,Adana,DP,96197,42.41,
1957,27 Ekim 1957,1,Adana,CHP,125040,55.13,EVET
1957,27 Ekim 1957,1,Adana,CMP,4897,2.16,
1957,27 Ekim 1957,1,Adana,HP57,695,0.31,
1957,27 Ekim 1957,2,Adıyaman,DP,37868,49.8,EVET
1957,27 Ekim 1957,2,Adıyaman,CHP,28684,37.72,
1957,27 Ekim 1957,2,Adıyaman,CMP,253,0.33,
1957,27 Ekim 1957,2,Adıyaman,HP57,9236,12.15,
1957,27 Ekim 1957,3,Afyonkarahisar,DP,72811,48.13,EVET
1957,27 Ekim 1957,3,Afyonkarahisar,CHP,45271,29.93,
1957,27 Ekim 1957,3,Afyonkarahisar,CMP,33195,21.94,
1957,27 Ekim 1957,4,Ağrı,DP,29079,50.15,EVET
1957,27 Ekim 1957,4,Ağrı,CHP,24028,41.44,
1957,27 Ekim 1957,4,Ağrı,CMP,4851,8.37,
1957,27 Ekim 1957,4,Ağrı,Diğer,22,0.04,
1957,27 Ekim 1957,5,Amasya,DP,42922,46.28,EVET
1957,27 Ekim 1957,5,Amasya,CHP,41877,45.15,
1957,27 Ekim 1957,5,Amasya,CMP,6853,7.39,
1957,27 Ekim 1957,5,Amasya,HP57,1095,1.18,
1957,27 Ekim 1957,6,Ankara,DP,145836,37.36,
1957,27 Ekim 1957,6,Ankara,CHP,178844,45.81,EVET
1957,27 Ekim 1957,6,Ankara,CMP,52250,13.38,
1957,27 Ekim 1957,6,Ankara,HP57,13412,3.44,
1957,27 Ekim 1957,6,Ankara,Diğer,23,0.01,
1957,27 Ekim 1957,7,Antalya,DP,65698,51.11,EVET
1957,27 Ekim 1957,7,Antalya,CHP,52358,40.73,
1957,27 Ekim 1957,7,Antalya,CMP,1419,1.1,
1957,27 Ekim 1957,7,Antalya,HP57,9065,7.05,
1957,27 Ekim 1957,8,Artvin,DP,31180,49.71,EVET
1957,27 Ekim 1957,8,Artvin,CHP,25063,39.96,
1957,27 Ekim 1957,8,Artvin,CMP,379,0.6,
1957,27 Ekim 1957,8,Artvin,HP57,6104,9.73,
1957,27 Ekim 1957,9,Aydın,DP,109947,60.76,EVET
1957,27 Ekim 1957,9,Aydın,CHP,62981,34.8,
1957,27 Ekim 1957,9,Aydın,CMP,3960,2.19,
1957,27 Ekim 1957,9,Aydın,HP57,4073,2.25,
1957,27 Ekim 1957,10,Balıkesir,DP,143724,54.73,EVET
1957,27 Ekim 1957,10,Balıkesir,CHP,92053,35.05,
1957,27 Ekim 1957,10,Balıkesir,CMP,4266,1.62,
1957,27 Ekim 1957,10,Balıkesir,HP57,22561,8.59,
1957,27 Ekim 1957,11,Bilecik,DP,31751,48.79,EVET
1957,27 Ekim 1957,11,Bilecik,CHP,26686,41.01,
1957,27 Ekim 1957,11,Bilecik,CMP,2090,3.21,
1957,27 Ekim 1957,11,Bilecik,HP57,4545,6.98,
1957,27 Ekim 1957,12,Bingöl,DP,13219,41.4,EVET
1957,27 Ekim 1957,12,Bingöl,CHP,11635,36.44,
1957,27 Ekim 1957,12,Bingöl,CMP,2209,6.92,
1957,27 Ekim 1957,12,Bingöl,HP57,1200,3.76,
1957,27 Ekim 1957,12,Bingöl,Diğer,3665,11.48,
1957,27 Ekim 1957,13,Bitlis,DP,19750,60.91,EVET
1957,27 Ekim 1957,13,Bitlis,CHP,12136,37.43,
1957,27 Ekim 1957,13,Bitlis,CMP,402,1.24,
1957,27 Ekim 1957,13,Bitlis,HP57,137,0.42,
1957,27 Ekim 1957,14,Bolu,DP,70223,54.11,EVET
1957,27 Ekim 1957,14,Bolu,CHP,49932,38.48,
1957,27 Ekim 1957,14,Bolu,CMP,9598,7.4,
1957,27 Ekim 1957,14,Bolu,Diğer,14,0.01,
1957,27 Ekim 1957,15,Burdur,DP,20460,32.83,
1957,27 Ekim 1957,15,Burdur,CHP,19218,30.84,
1957,27 Ekim 1957,15,Burdur,CMP,208,0.33,
1957,27 Ekim 1957,15,Burdur,HP57,22438,36.0,EVET
1957,27 Ekim 1957,16,Bursa,DP,156590,58.11,EVET
1957,27 Ekim 1957,16,Bursa,CHP,78061,28.97,
1957,27 Ekim 1957,16,Bursa,CMP,14345,5.32,
1957,27 Ekim 1957,16,Bursa,HP57,20296,7.53,
1957,27 Ekim 1957,16,Bursa,Diğer,194,0.07,
1957,27 Ekim 1957,17,Çanakkale,DP,75687,55.79,EVET
1957,27 Ekim 1957,17,Çanakkale,CHP,48298,35.6,
1957,27 Ekim 1957,17,Çanakkale,CMP,5835,4.3,
1957,27 Ekim 1957,17,Çanakkale,HP57,5847,4.31,
1957,27 Ekim 1957,18,Çankırı,DP,28533,35.45,
1957,27 Ekim 1957,18,Çankırı,CHP,30177,37.5,EVET
1957,27 Ekim 1957,18,Çankırı,CMP,19786,24.58,
1957,27 Ekim 1957,18,Çankırı,HP57,1986,2.47,
1957,27 Ekim 1957,19,Çorum,DP,71068,45.49,EVET
1957,27 Ekim 1957,19,Çorum,CHP,53407,34.19,
1957,27 Ekim 1957,19,Çorum,CMP,27786,17.79,
1957,27 Ekim 1957,19,Çorum,HP57,3956,2.53,
1957,27 Ekim 1957,20,Denizli,DP,78589,51.09,EVET
1957,27 Ekim 1957,20,Denizli,CHP,68352,44.44,
1957,27 Ekim 1957,20,Denizli,CMP,2095,1.36,
1957,27 Ekim 1957,20,Denizli,HP57,4785,3.11,
1957,27 Ekim 1957,21,Diyarbakır,DP,56309,49.61,EVET
1957,27 Ekim 1957,21,Diyarbakır,CHP,33820,29.8,
1957,27 Ekim 1957,21,Diyarbakır,CMP,900,0.79,
1957,27 Ekim 1957,21,Diyarbakır,HP57,22466,19.79,
1957,27 Ekim 1957,22,Edirne,DP,55269,53.24,EVET
1957,27 Ekim 1957,22,Edirne,CHP,38686,37.26,
1957,27 Ekim 1957,22,Edirne,CMP,6873,6.62,
1957,27 Ekim 1957,22,Edirne,HP57,2992,2.88,
1957,27 Ekim 1957,23,Elazığ,DP,34433,41.78,
1957,27 Ekim 1957,23,Elazığ,CHP,36630,44.44,EVET
1957,27 Ekim 1957,23,Elazığ,CMP,3065,3.72,
1957,27 Ekim 1957,23,Elazığ,HP57,8293,10.06,
1957,27 Ekim 1957,24,Erzincan,DP,19611,32.2,
1957,27 Ekim 1957,24,Erzincan,CHP,34305,56.32,EVET
1957,27 Ekim 1957,24,Erzincan,CMP,6593,10.82,
1957,27 Ekim 1957,24,Erzincan,HP57,401,0.66,
1957,27 Ekim 1957,25,Erzurum,DP,80990,50.22,EVET
1957,27 Ekim 1957,25,Erzurum,CHP,52090,32.3,
1957,27 Ekim 1957,25,Erzurum,CMP,22061,13.68,
1957,27 Ekim 1957,25,Erzurum,HP57,6124,3.8,
1957,27 Ekim 1957,26,Eskişehir,DP,68676,52.05,EVET
1957,27 Ekim 1957,26,Eskişehir,CHP,48972,37.12,
1957,27 Ekim 1957,26,Eskişehir,CMP,6419,4.87,
1957,27 Ekim 1957,26,Eskişehir,HP57,7875,5.97,
1957,27 Ekim 1957,27,Gaziantep,DP,70848,48.03,EVET
1957,27 Ekim 1957,27,Gaziantep,CHP,69762,47.29,
1957,27 Ekim 1957,27,Gaziantep,CMP,2294,1.56,
1957,27 Ekim 1957,27,Gaziantep,HP57,4613,3.13,
1957,27 Ekim 1957,28,Giresun,DP,55645,43.94,EVET
1957,27 Ekim 1957,28,Giresun,CHP,53854,42.52,
1957,27 Ekim 1957,28,Giresun,CMP,12548,9.91,
1957,27 Ekim 1957,28,Giresun,HP57,4594,3.63,
1957,27 Ekim 1957,29,Gümüşhane,DP,38074,47.82,
1957,27 Ekim 1957,29,Gümüşhane,CHP,39416,49.5,EVET
1957,27 Ekim 1957,29,Gümüşhane,CMP,980,1.23,
1957,27 Ekim 1957,29,Gümüşhane,HP57,1151,1.45,
1957,27 Ekim 1957,30,Hakkari,DP,13068,67.82,EVET
1957,27 Ekim 1957,30,Hakkari,CHP,5907,30.66,
1957,27 Ekim 1957,30,Hakkari,HP57,294,1.53,
1957,27 Ekim 1957,31,Hatay,DP,60617,45.46,
1957,27 Ekim 1957,31,Hatay,CHP,62562,46.92,EVET
1957,27 Ekim 1957,31,Hatay,CMP,2653,1.99,
1957,27 Ekim 1957,31,Hatay,HP57,7503,5.63,
1957,27 Ekim 1957,32,Isparta,DP,36179,44.08,EVET
1957,27 Ekim 1957,32,Isparta,CHP,26050,31.74,
1957,27 Ekim 1957,32,Isparta,CMP,575,0.7,
1957,27 Ekim 1957,32,Isparta,HP57,19265,23.47,
1957,27 Ekim 1957,33,Mersin,DP,67205,46.97,EVET
1957,27 Ekim 1957,33,Mersin,CHP,63075,44.09,
1957,27 Ekim 1957,33,Mersin,CMP,2032,1.42,
1957,27 Ekim 1957,33,Mersin,HP57,10754,7.52,
1957,27 Ekim 1957,34,İstanbul,DP,315967,52.11,EVET
1957,27 Ekim 1957,34,İstanbul,CHP,249097,41.08,
1957,27 Ekim 1957,34,İstanbul,CMP,25779,4.25,
1957,27 Ekim 1957,34,İstanbul,HP57,15325,2.53,
1957,27 Ekim 1957,34,İstanbul,Diğer,190,0.03,
1957,27 Ekim 1957,35,İzmir,DP,217677,54.69,EVET
1957,27 Ekim 1957,35,İzmir,CHP,166661,41.87,
1957,27 Ekim 1957,35,İzmir,CMP,4814,1.21,
1957,27 Ekim 1957,35,İzmir,HP57,8768,2.2,
1957,27 Ekim 1957,35,İzmir,Diğer,78,0.02,
1957,27 Ekim 1957,36,Kars,DP,56742,36.76,
1957,27 Ekim 1957,36,Kars,CHP,90368,58.55,EVET
1957,27 Ekim 1957,36,Kars,CMP,1161,0.75,
1957,27 Ekim 1957,36,Kars,HP57,6068,3.93,
1957,27 Ekim 1957,36,Kars,Diğer,6,0.0,
1957,27 Ekim 1957,37,Kastamonu,DP,69027,44.67,EVET
1957,27 Ekim 1957,37,Kastamonu,CHP,62343,40.35,
1957,27 Ekim 1957,37,Kastamonu,CMP,18326,11.86,
1957,27 Ekim 1957,37,Kastamonu,HP57,4824,3.12,
1957,27 Ekim 1957,38,Kayseri,DP,77790,48.82,EVET
1957,27 Ekim 1957,38,Kayseri,CHP,68674,43.1,
1957,27 Ekim 1957,38,Kayseri,CMP,9298,5.84,
1957,27 Ekim 1957,38,Kayseri,HP57,3581,2.25,
1957,27 Ekim 1957,39,Kırklareli,DP,49417,53.16,EVET
1957,27 Ekim 1957,39,Kırklareli,CHP,36013,38.74,
1957,27 Ekim 1957,39,Kırklareli,CMP,3319,3.57,
1957,27 Ekim 1957,39,Kırklareli,HP57,4204,4.52,
1957,27 Ekim 1957,39,Kırklareli,Diğer,2,0.0,
1957,27 Ekim 1957,40,Kırşehir,DP,15460,25.4,
1957,27 Ekim 1957,40,Kırşehir,CHP,6973,11.46,
1957,27 Ekim 1957,40,Kırşehir,CMP,38422,63.14,EVET
1957,27 Ekim 1957,41,Kocaeli,DP,49517,50.74,EVET
1957,27 Ekim 1957,41,Kocaeli,CHP,38300,39.25,
1957,27 Ekim 1957,41,Kocaeli,CMP,5727,5.87,
1957,27 Ekim 1957,41,Kocaeli,HP57,4047,4.15,
1957,27 Ekim 1957,42,Konya,DP,137709,44.27,EVET
1957,27 Ekim 1957,42,Konya,CHP,127132,40.87,
1957,27 Ekim 1957,42,Konya,CMP,32501,10.45,
1957,27 Ekim 1957,42,Konya,HP57,13727,4.41,
1957,27 Ekim 1957,43,Kütahya,DP,73429,51.87,EVET
1957,27 Ekim 1957,43,Kütahya,CHP,43881,31.0,
1957,27 Ekim 1957,43,Kütahya,CMP,16484,11.64,
1957,27 Ekim 1957,43,Kütahya,HP57,7761,5.48,
1957,27 Ekim 1957,44,Malatya,DP,39229,32.76,
1957,27 Ekim 1957,44,Malatya,CHP,78175,65.29,EVET
1957,27 Ekim 1957,44,Malatya,CMP,847,0.71,
1957,27 Ekim 1957,44,Malatya,HP57,1483,1.24,
1957,27 Ekim 1957,45,Manisa,DP,139896,56.85,EVET
1957,27 Ekim 1957,45,Manisa,CHP,81714,33.21,
1957,27 Ekim 1957,45,Manisa,CMP,6055,2.46,
1957,27 Ekim 1957,45,Manisa,HP57,18422,7.49,
1957,27 Ekim 1957,46,Kahramanmaraş,DP,45890,42.08,
1957,27 Ekim 1957,46,Kahramanmaraş,CHP,49252,45.16,EVET
1957,27 Ekim 1957,46,Kahramanmaraş,CMP,13922,12.76,
1957,27 Ekim 1957,47,Mardin,DP,48379,46.25,
1957,27 Ekim 1957,47,Mardin,CHP,55571,53.13,EVET
1957,27 Ekim 1957,47,Mardin,CMP,651,0.62,
1957,27 Ekim 1957,48,Muğla,DP,60321,54.97,EVET
1957,27 Ekim 1957,48,Muğla,CHP,47305,43.11,
1957,27 Ekim 1957,48,Muğla,CMP,1201,1.09,
1957,27 Ekim 1957,48,Muğla,HP57,912,0.83,
1957,27 Ekim 1957,49,Muş,DP,19360,43.52,EVET
1957,27 Ekim 1957,49,Muş,CHP,13500,30.34,
1957,27 Ekim 1957,49,Muş,CMP,3588,8.06,
1957,27 Ekim 1957,49,Muş,HP57,6316,14.2,
1957,27 Ekim 1957,49,Muş,Diğer,1726,3.88,
1957,27 Ekim 1957,50,Nevşehir,DP,28878,42.36,EVET
1957,27 Ekim 1957,50,Nevşehir,CHP,19593,28.74,
1957,27 Ekim 1957,50,Nevşehir,CMP,19706,28.9,
1957,27 Ekim 1957,51,Niğde,DP,40373,40.26,
1957,27 Ekim 1957,51,Niğde,CHP,40817,40.7,EVET
1957,27 Ekim 1957,51,Niğde,CMP,18606,18.55,
1957,27 Ekim 1957,51,Niğde,HP57,483,0.48,
1957,27 Ekim 1957,52,Ordu,DP,61075,43.07,
1957,27 Ekim 1957,52,Ordu,CHP,72837,51.37,EVET
1957,27 Ekim 1957,52,Ordu,CMP,6145,4.33,
1957,27 Ekim 1957,52,Ordu,HP57,1739,1.23,
1957,27 Ekim 1957,53,Rize,DP,41070,50.6,EVET
1957,27 Ekim 1957,53,Rize,CHP,24991,30.79,
1957,27 Ekim 1957,53,Rize,CMP,14954,18.42,
1957,27 Ekim 1957,53,Rize,HP57,148,0.18,
1957,27 Ekim 1957,54,Sakarya,DP,70248,58.95,EVET
1957,27 Ekim 1957,54,Sakarya,CHP,34110,28.62,
1957,27 Ekim 1957,54,Sakarya,CMP,6144,5.16,
1957,27 Ekim 1957,54,Sakarya,HP57,8665,7.27,
1957,27 Ekim 1957,55,Samsun,DP,102213,48.24,EVET
1957,27 Ekim 1957,55,Samsun,CHP,94774,44.73,
1957,27 Ekim 1957,55,Samsun,CMP,10452,4.93,
1957,27 Ekim 1957,55,Samsun,HP57,4431,2.09,
1957,27 Ekim 1957,56,Siirt,DP,27954,49.47,EVET
1957,27 Ekim 1957,56,Siirt,CHP,24510,43.38,
1957,27 Ekim 1957,56,Siirt,CMP,423,0.75,
1957,27 Ekim 1957,56,Siirt,HP57,3620,6.41,
1957,27 Ekim 1957,57,Sinop,DP,31716,37.92,EVET
1957,27 Ekim 1957,57,Sinop,CHP,31070,37.15,
1957,27 Ekim 1957,57,Sinop,CMP,20857,24.94,
1957,27 Ekim 1957,58,Sivas,DP,87126,39.58,
1957,27 Ekim 1957,58,Sivas,CHP,116703,53.02,EVET
1957,27 Ekim 1957,58,Sivas,CMP,16300,7.4,
1957,27 Ekim 1957,59,Tekirdağ,DP,52440,51.58,EVET
1957,27 Ekim 1957,59,Tekirdağ,CHP,42058,41.37,
1957,27 Ekim 1957,59,Tekirdağ,CMP,7147,7.03,
1957,27 Ekim 1957,59,Tekirdağ,Diğer,16,0.02,
1957,27 Ekim 1957,60,Tokat,DP,67282,44.91,
1957,27 Ekim 1957,60,Tokat,CHP,73054,48.76,EVET
1957,27 Ekim 1957,60,Tokat,CMP,6524,4.35,
1957,27 Ekim 1957,60,Tokat,HP57,2963,1.98,
1957,27 Ekim 1957,61,Trabzon,DP,63237,47.59,EVET
1957,27 Ekim 1957,61,Trabzon,CHP,58833,44.27,
1957,27 Ekim 1957,61,Trabzon,CMP,8550,6.43,
1957,27 Ekim 1957,61,Trabzon,HP57,2204,1.66,
1957,27 Ekim 1957,61,Trabzon,Diğer,58,0.04,
1957,27 Ekim 1957,62,Tunceli,DP,13178,34.8,
1957,27 Ekim 1957,62,Tunceli,CHP,20266,53.52,EVET
1957,27 Ekim 1957,62,Tunceli,HP57,4419,11.67,
1957,27 Ekim 1957,63,Şanlıurfa,DP,57017,45.44,
1957,27 Ekim 1957,63,Şanlıurfa,CHP,65096,51.88,EVET
1957,27 Ekim 1957,63,Şanlıurfa,CMP,3136,2.5,
1957,27 Ekim 1957,63,Şanlıurfa,HP57,225,0.18,
1957,27 Ekim 1957,64,Uşak,DP,22613,32.81,
1957,27 Ekim 1957,64,Uşak,CHP,28846,41.86,EVET
1957,27 Ekim 1957,64,Uşak,CMP,17138,24.87,
1957,27 Ekim 1957,64,Uşak,HP57,314,0.46,
1957,27 Ekim 1957,65,Van,DP,22266,42.13,
1957,27 Ekim 1957,65,Van,CHP,29950,56.67,EVET
1957,27 Ekim 1957,65,Van,CMP,632,1.2,
1957,27 Ekim 1957,66,Yozgat,DP,59933,43.82,EVET
1957,27 Ekim 1957,66,Yozgat,CHP,44756,32.72,
1957,27 Ekim 1957,66,Yozgat,CMP,31922,23.34,
1957,27 Ekim 1957,66,Yozgat,HP57,172,0.13,
1957,27 Ekim 1957,67,Zonguldak,DP,110136,53.17,EVET
1957,27 Ekim 1957,67,Zonguldak,CHP,76683,37.02,
1957,27 Ekim 1957,67,Zonguldak,CMP,17202,8.3,
1957,27 Ekim 1957,67,Zonguldak,HP57,3124,1.51,
1961,15 Ekim 1961,1,Adana,CHP,108161,43.87,
1961,15 Ekim 1961,1,Adana,AP,126365,51.25,EVET
1961,15 Ekim 1961,1,Adana,CKMP,10347,4.2,
1961,15 Ekim 1961,1,Adana,Bağımsız,1687,0.68,
1961,15 Ekim 1961,2,Adıyaman,CHP,31034,37.52,
1961,15 Ekim 1961,2,Adıyaman,AP,2372,2.87,
1961,15 Ekim 1961,2,Adıyaman,CKMP,8881,10.74,
1961,15 Ekim 1961,2,Adıyaman,YTP61,40423,48.87,EVET
1961,15 Ekim 1961,3,Afyonkarahisar,CHP,42032,25.01,
1961,15 Ekim 1961,3,Afyonkarahisar,AP,47715,28.39,
1961,15 Ekim 1961,3,Afyonkarahisar,CKMP,76349,45.43,EVET
1961,15 Ekim 1961,3,Afyonkarahisar,YTP61,1972,1.17,
1961,15 Ekim 1961,4,Ağrı,CHP,21759,32.36,
1961,15 Ekim 1961,4,Ağrı,AP,7411,11.02,
1961,15 Ekim 1961,4,Ağrı,CKMP,23094,34.35,EVET
1961,15 Ekim 1961,4,Ağrı,YTP61,14974,22.27,
1961,15 Ekim 1961,5,Amasya,CHP,39940,38.79,
1961,15 Ekim 1961,5,Amasya,AP,55548,53.95,EVET
1961,15 Ekim 1961,5,Amasya,CKMP,7469,7.25,
1961,15 Ekim 1961,6,Ankara,CHP,181147,38.74,EVET
1961,15 Ekim 1961,6,Ankara,AP,92734,19.83,
1961,15 Ekim 1961,6,Ankara,CKMP,166535,35.62,
1961,15 Ekim 1961,6,Ankara,YTP61,23646,5.06,
1961,15 Ekim 1961,6,Ankara,Bağımsız,3522,0.75,
1961,15 Ekim 1961,7,Antalya,CHP,51952,35.07,
1961,15 Ekim 1961,7,Antalya,AP,90614,61.17,EVET
1961,15 Ekim 1961,7,Antalya,CKMP,5560,3.75,
1961,15 Ekim 1961,8,Artvin,CHP,29158,44.23,
1961,15 Ekim 1961,8,Artvin,AP,30197,45.81,EVET
1961,15 Ekim 1961,8,Artvin,CKMP,6563,9.96,
1961,15 Ekim 1961,9,Aydın,CHP,59587,30.88,
1961,15 Ekim 1961,9,Aydın,AP,124272,64.4,EVET
1961,15 Ekim 1961,9,Aydın,CKMP,7326,3.8,
1961,15 Ekim 1961,9,Aydın,YTP61,1790,0.93,
1961,15 Ekim 1961,10,Balıkesir,CHP,101784,35.65,
1961,15 Ekim 1961,10,Balıkesir,AP,167088,58.53,EVET
1961,15 Ekim 1961,10,Balıkesir,CKMP,11933,4.18,
1961,15 Ekim 1961,10,Balıkesir,YTP61,4670,1.64,
1961,15 Ekim 1961,11,Bilecik,CHP,27684,41.49,
1961,15 Ekim 1961,11,Bilecik,AP,33900,50.81,EVET
1961,15 Ekim 1961,11,Bilecik,CKMP,5140,7.7,
1961,15 Ekim 1961,12,Bingöl,CHP,12768,31.07,
1961,15 Ekim 1961,12,Bingöl,CKMP,4814,11.71,
1961,15 Ekim 1961,12,Bingöl,YTP61,22442,54.61,EVET
1961,15 Ekim 1961,12,Bingöl,Bağımsız,1071,2.61,
1961,15 Ekim 1961,13,Bitlis,CHP,11496,30.84,
1961,15 Ekim 1961,13,Bitlis,CKMP,8310,22.3,
1961,15 Ekim 1961,13,Bitlis,YTP61,17465,46.86,EVET
1961,15 Ekim 1961,14,Bolu,CHP,40150,28.82,
1961,15 Ekim 1961,14,Bolu,AP,32353,23.22,
1961,15 Ekim 1961,14,Bolu,CKMP,26497,19.02,
1961,15 Ekim 1961,14,Bolu,YTP61,40321,28.94,EVET
1961,15 Ekim 1961,15,Burdur,CHP,29595,43.66,EVET
1961,15 Ekim 1961,15,Burdur,AP,24600,36.29,
1961,15 Ekim 1961,15,Burdur,YTP61,13593,20.05,
1961,15 Ekim 1961,16,Bursa,CHP,87410,29.27,
1961,15 Ekim 1961,16,Bursa,AP,188362,63.07,EVET
1961,15 Ekim 1961,16,Bursa,CKMP,16792,5.62,
1961,15 Ekim 1961,16,Bursa,YTP61,6114,2.05,
1961,15 Ekim 1961,17,Çanakkale,CHP,49304,35.04,EVET
1961,15 Ekim 1961,17,Çanakkale,AP,43730,31.08,
1961,15 Ekim 1961,17,Çanakkale,CKMP,13942,9.91,
1961,15 Ekim 1961,17,Çanakkale,YTP61,33720,23.97,
1961,15 Ekim 1961,18,Çankırı,CHP,20910,23.23,
1961,15 Ekim 1961,18,Çankırı,AP,12741,14.15,
1961,15 Ekim 1961,18,Çankırı,CKMP,56166,62.39,EVET
1961,15 Ekim 1961,18,Çankırı,Bağımsız,200,0.22,
1961,15 Ekim 1961,19,Çorum,CHP,50563,29.62,
1961,15 Ekim 1961,19,Çorum,AP,89903,52.66,EVET
1961,15 Ekim 1961,19,Çorum,CKMP,27502,16.11,
1961,15 Ekim 1961,19,Çorum,Bağımsız,2741,1.61,
1961,15 Ekim 1961,20,Denizli,CHP,65426,39.99,
1961,15 Ekim 1961,20,Denizli,AP,92355,56.45,EVET
1961,15 Ekim 1961,20,Denizli,CKMP,2904,1.77,
1961,15 Ekim 1961,20,Denizli,YTP61,2119,1.3,
1961,15 Ekim 1961,20,Denizli,Bağımsız,811,0.5,
1961,15 Ekim 1961,21,Diyarbakır,CHP,39857,32.78,
1961,15 Ekim 1961,21,Diyarbakır,AP,23401,19.24,
1961,15 Ekim 1961,21,Diyarbakır,CKMP,6331,5.21,
1961,15 Ekim 1961,21,Diyarbakır,YTP61,52012,42.77,EVET
1961,15 Ekim 1961,22,Edirne,CHP,42551,38.45,EVET
1961,15 Ekim 1961,22,Edirne,AP,29075,26.27,
1961,15 Ekim 1961,22,Edirne,CKMP,11182,10.1,
1961,15 Ekim 1961,22,Edirne,YTP61,27046,24.44,
1961,15 Ekim 1961,22,Edirne,Bağımsız,811,0.73,
1961,15 Ekim 1961,23,Elazığ,CHP,30017,35.27,
1961,15 Ekim 1961,23,Elazığ,AP,35909,42.19,EVET
1961,15 Ekim 1961,23,Elazığ,CKMP,18610,21.87,
1961,15 Ekim 1961,23,Elazığ,YTP61,573,0.67,
1961,15 Ekim 1961,24,Erzincan,CHP,39438,48.46,EVET
1961,15 Ekim 1961,24,Erzincan,AP,3893,4.78,
1961,15 Ekim 1961,24,Erzincan,CKMP,1648,2.02,
1961,15 Ekim 1961,24,Erzincan,YTP61,36033,44.27,
1961,15 Ekim 1961,24,Erzincan,Bağımsız,374,0.46,
1961,15 Ekim 1961,25,Erzurum,CHP,53008,28.08,
1961,15 Ekim 1961,25,Erzurum,AP,13748,7.28,
1961,15 Ekim 1961,25,Erzurum,CKMP,35262,18.68,
1961,15 Ekim 1961,25,Erzurum,YTP61,85468,45.27,EVET
1961,15 Ekim 1961,25,Erzurum,Bağımsız,1314,0.7,
1961,15 Ekim 1961,26,Eskişehir,CHP,51627,35.24,
1961,15 Ekim 1961,26,Eskişehir,AP,54841,37.43,EVET
1961,15 Ekim 1961,26,Eskişehir,CKMP,36171,24.69,
1961,15 Ekim 1961,26,Eskişehir,YTP61,2640,1.8,
1961,15 Ekim 1961,26,Eskişehir,Bağımsız,1227,0.84,
1961,15 Ekim 1961,27,Gaziantep,CHP,73766,47.01,EVET
1961,15 Ekim 1961,27,Gaziantep,AP,46066,29.36,
1961,15 Ekim 1961,27,Gaziantep,CKMP,4313,2.75,
1961,15 Ekim 1961,27,Gaziantep,YTP61,32766,20.88,
1961,15 Ekim 1961,28,Giresun,CHP,48162,34.78,
1961,15 Ekim 1961,28,Giresun,AP,3860,2.79,
1961,15 Ekim 1961,28,Giresun,CKMP,32439,23.43,
1961,15 Ekim 1961,28,Giresun,YTP61,53996,38.99,EVET
1961,15 Ekim 1961,28,Giresun,Bağımsız,13,0.01,
1961,15 Ekim 1961,29,Gümüşhane,CHP,32784,37.8,EVET
1961,15 Ekim 1961,29,Gümüşhane,AP,23225,26.78,
1961,15 Ekim 1961,29,Gümüşhane,YTP61,30714,35.42,
1961,15 Ekim 1961,30,Hakkari,CHP,8846,41.28,EVET
1961,15 Ekim 1961,30,Hakkari,AP,667,3.11,
1961,15 Ekim 1961,30,Hakkari,YTP61,5426,25.32,
1961,15 Ekim 1961,30,Hakkari,Bağımsız,6491,30.29,
1961,15 Ekim 1961,31,Hatay,CHP,54279,37.27,EVET
1961,15 Ekim 1961,31,Hatay,AP,31588,21.69,
1961,15 Ekim 1961,31,Hatay,CKMP,5145,3.53,
1961,15 Ekim 1961,31,Hatay,YTP61,49697,34.13,
1961,15 Ekim 1961,31,Hatay,Bağımsız,4920,3.38,
1961,15 Ekim 1961,32,Isparta,CHP,30357,33.58,
1961,15 Ekim 1961,32,Isparta,AP,46155,51.06,EVET
1961,15 Ekim 1961,32,Isparta,YTP61,13886,15.36,
1961,15 Ekim 1961,33,Mersin,CHP,67483,41.19,
1961,15 Ekim 1961,33,Mersin,AP,90903,55.48,EVET
1961,15 Ekim 1961,33,Mersin,CKMP,5457,3.33,
1961,15 Ekim 1961,34,İstanbul,CHP,270920,38.16,
1961,15 Ekim 1961,34,İstanbul,AP,296568,41.78,EVET
1961,15 Ekim 1961,34,İstanbul,CKMP,87696,12.35,
1961,15 Ekim 1961,34,İstanbul,YTP61,23473,3.31,
1961,15 Ekim 1961,34,İstanbul,Bağımsız,31216,4.4,
1961,15 Ekim 1961,35,İzmir,CHP,174014,39.64,
1961,15 Ekim 1961,35,İzmir,AP,241753,55.07,EVET
1961,15 Ekim 1961,35,İzmir,CKMP,13456,3.07,
1961,15 Ekim 1961,35,İzmir,YTP61,6388,1.46,
1961,15 Ekim 1961,35,İzmir,Bağımsız,3409,0.78,
1961,15 Ekim 1961,36,Kars,CHP,83806,47.81,EVET
1961,15 Ekim 1961,36,Kars,AP,38115,21.74,
1961,15 Ekim 1961,36,Kars,YTP61,53365,30.44,
1961,15 Ekim 1961,37,Kastamonu,CHP,53131,30.65,
1961,15 Ekim 1961,37,Kastamonu,AP,16125,9.3,
1961,15 Ekim 1961,37,Kastamonu,CKMP,44185,25.49,
1961,15 Ekim 1961,37,Kastamonu,YTP61,59903,34.56,EVET
1961,15 Ekim 1961,38,Kayseri,CHP,72405,41.61,
1961,15 Ekim 1961,38,Kayseri,AP,77751,44.68,EVET
1961,15 Ekim 1961,38,Kayseri,CKMP,13971,8.03,
1961,15 Ekim 1961,38,Kayseri,YTP61,8242,4.74,
1961,15 Ekim 1961,38,Kayseri,Bağımsız,1633,0.94,
1961,15 Ekim 1961,39,Kırklareli,CHP,38653,40.31,EVET
1961,15 Ekim 1961,39,Kırklareli,AP,13774,14.36,
1961,15 Ekim 1961,39,Kırklareli,CKMP,8225,8.58,
1961,15 Ekim 1961,39,Kırklareli,YTP61,35240,36.75,
1961,15 Ekim 1961,40,Kırşehir,CHP,16048,25.8,
1961,15 Ekim 1961,40,Kırşehir,AP,6591,10.6,
1961,15 Ekim 1961,40,Kırşehir,CKMP,39560,63.6,EVET
1961,15 Ekim 1961,41,Kocaeli,CHP,42752,38.77,
1961,15 Ekim 1961,41,Kocaeli,AP,49404,44.8,EVET
1961,15 Ekim 1961,41,Kocaeli,CKMP,15507,14.06,
1961,15 Ekim 1961,41,Kocaeli,YTP61,2609,2.37,
1961,15 Ekim 1961,42,Konya,CHP,120768,34.58,EVET
1961,15 Ekim 1961,42,Konya,AP,81098,23.22,
1961,15 Ekim 1961,42,Konya,CKMP,88761,25.42,
1961,15 Ekim 1961,42,Konya,YTP61,58614,16.78,
1961,15 Ekim 1961,43,Kütahya,CHP,40177,27.38,
1961,15 Ekim 1961,43,Kütahya,AP,50156,34.18,
1961,15 Ekim 1961,43,Kütahya,CKMP,53155,36.23,EVET
1961,15 Ekim 1961,43,Kütahya,YTP61,3237,2.21,
1961,15 Ekim 1961,44,Malatya,CHP,89252,67.3,EVET
1961,15 Ekim 1961,44,Malatya,AP,5556,4.19,
1961,15 Ekim 1961,44,Malatya,CKMP,7145,5.39,
1961,15 Ekim 1961,44,Malatya,YTP61,30671,23.13,
1961,15 Ekim 1961,45,Manisa,CHP,86721,32.59,
1961,15 Ekim 1961,45,Manisa,AP,159369,59.9,EVET
1961,15 Ekim 1961,45,Manisa,CKMP,18667,7.02,
1961,15 Ekim 1961,45,Manisa,Bağımsız,1307,0.49,
1961,15 Ekim 1961,46,Kahramanmaraş,CHP,48694,38.9,
1961,15 Ekim 1961,46,Kahramanmaraş,AP,65069,51.98,EVET
1961,15 Ekim 1961,46,Kahramanmaraş,CKMP,7514,6.0,
1961,15 Ekim 1961,46,Kahramanmaraş,YTP61,2456,1.96,
1961,15 Ekim 1961,46,Kahramanmaraş,Bağımsız,1453,1.16,
1961,15 Ekim 1961,47,Mardin,CHP,50734,43.26,EVET
1961,15 Ekim 1961,47,Mardin,CKMP,25622,21.85,
1961,15 Ekim 1961,47,Mardin,YTP61,40927,34.9,
1961,15 Ekim 1961,48,Muğla,CHP,46398,38.46,
1961,15 Ekim 1961,48,Muğla,AP,71698,59.44,EVET
1961,15 Ekim 1961,48,Muğla,CKMP,2532,2.1,
1961,15 Ekim 1961,49,Muş,CHP,16530,31.34,
1961,15 Ekim 1961,49,Muş,AP,10779,20.44,
1961,15 Ekim 1961,49,Muş,CKMP,2274,4.31,
1961,15 Ekim 1961,49,Muş,YTP61,23162,43.91,EVET
1961,15 Ekim 1961,50,Nevşehir,CHP,23034,31.94,
1961,15 Ekim 1961,50,Nevşehir,AP,23473,32.55,
1961,15 Ekim 1961,50,Nevşehir,CKMP,25608,35.51,EVET
1961,15 Ekim 1961,51,Niğde,CHP,34305,30.78,
1961,15 Ekim 1961,51,Niğde,AP,32912,29.53,
1961,15 Ekim 1961,51,Niğde,CKMP,39611,35.54,EVET
1961,15 Ekim 1961,51,Niğde,YTP61,4619,4.14,
1961,15 Ekim 1961,52,Ordu,CHP,62890,40.51,EVET
1961,15 Ekim 1961,52,Ordu,AP,38212,24.61,
1961,15 Ekim 1961,52,Ordu,CKMP,10734,6.91,
1961,15 Ekim 1961,52,Ordu,YTP61,43417,27.97,
1961,15 Ekim 1961,53,Rize,CHP,27994,31.58,
1961,15 Ekim 1961,53,Rize,AP,47315,53.38,EVET
1961,15 Ekim 1961,53,Rize,CKMP,11984,13.52,
1961,15 Ekim 1961,53,Rize,YTP61,1348,1.52,
1961,15 Ekim 1961,54,Sakarya,CHP,37333,27.99,
1961,15 Ekim 1961,54,Sakarya,AP,51242,38.42,EVET
1961,15 Ekim 1961,54,Sakarya,CKMP,16578,12.43,
1961,15 Ekim 1961,54,Sakarya,YTP61,28039,21.02,
1961,15 Ekim 1961,54,Sakarya,Bağımsız,197,0.15,
1961,15 Ekim 1961,55,Samsun,CHP,89220,36.77,
1961,15 Ekim 1961,55,Samsun,AP,141387,58.26,EVET
1961,15 Ekim 1961,55,Samsun,CKMP,12068,4.97,
1961,15 Ekim 1961,56,Siirt,CHP,33576,47.7,
1961,15 Ekim 1961,56,Siirt,YTP61,35879,50.97,EVET
1961,15 Ekim 1961,56,Siirt,Bağımsız,938,1.33,
1961,15 Ekim 1961,57,Sinop,CHP,34612,37.22,EVET
1961,15 Ekim 1961,57,Sinop,AP,24388,26.23,
1961,15 Ekim 1961,57,Sinop,CKMP,33988,36.55,
1961,15 Ekim 1961,58,Sivas,CHP,90290,39.18,
1961,15 Ekim 1961,58,Sivas,AP,11055,4.8,
1961,15 Ekim 1961,58,Sivas,CKMP,22546,9.78,
1961,15 Ekim 1961,58,Sivas,YTP61,101245,43.94,EVET
1961,15 Ekim 1961,58,Sivas,Bağımsız,5293,2.3,
1961,15 Ekim 1961,59,Tekirdağ,CHP,39577,36.4,
1961,15 Ekim 1961,59,Tekirdağ,AP,7505,6.9,
1961,15 Ekim 1961,59,Tekirdağ,CKMP,7979,7.34,
1961,15 Ekim 1961,59,Tekirdağ,YTP61,53675,49.36,EVET
1961,15 Ekim 1961,60,Tokat,CHP,63617,38.19,
1961,15 Ekim 1961,60,Tokat,AP,26567,15.95,
1961,15 Ekim 1961,60,Tokat,CKMP,9513,5.71,
1961,15 Ekim 1961,60,Tokat,YTP61,66901,40.16,EVET
1961,15 Ekim 1961,61,Trabzon,CHP,69014,39.47,
1961,15 Ekim 1961,61,Trabzon,AP,90012,51.48,EVET
1961,15 Ekim 1961,61,Trabzon,CKMP,11818,6.76,
1961,15 Ekim 1961,61,Trabzon,YTP61,3993,2.28,
1961,15 Ekim 1961,62,Tunceli,CHP,15466,35.14,
1961,15 Ekim 1961,62,Tunceli,CKMP,3137,7.13,
1961,15 Ekim 1961,62,Tunceli,YTP61,15587,35.42,EVET
1961,15 Ekim 1961,62,Tunceli,Bağımsız,9821,22.31,
1961,15 Ekim 1961,63,Şanlıurfa,CHP,51544,42.94,EVET
1961,15 Ekim 1961,63,Şanlıurfa,AP,24741,20.61,
1961,15 Ekim 1961,63,Şanlıurfa,CKMP,7299,6.08,
1961,15 Ekim 1961,63,Şanlıurfa,YTP61,36456,30.37,
1961,15 Ekim 1961,64,Uşak,CHP,29398,41.68,EVET
1961,15 Ekim 1961,64,Uşak,AP,14592,20.69,
1961,15 Ekim 1961,64,Uşak,CKMP,26540,37.63,
1961,15 Ekim 1961,65,Van,CHP,20963,32.64,
1961,15 Ekim 1961,65,Van,AP,5085,7.92,
1961,15 Ekim 1961,65,Van,CKMP,13757,21.42,
1961,15 Ekim 1961,65,Van,YTP61,24428,38.03,EVET
1961,15 Ekim 1961,66,Yozgat,CHP,47186,32.67,
1961,15 Ekim 1961,66,Yozgat,AP,17614,12.19,
1961,15 Ekim 1961,66,Yozgat,CKMP,63825,44.18,EVET
1961,15 Ekim 1961,66,Yozgat,YTP61,14544,10.07,
1961,15 Ekim 1961,66,Yozgat,Bağımsız,1283,0.89,
1961,15 Ekim 1961,67,Zonguldak,CHP,69695,31.81,
1961,15 Ekim 1961,67,Zonguldak,AP,121938,55.66,EVET
1961,15 Ekim 1961,67,Zonguldak,CKMP,27453,12.53,
