referandum,tarih,il_plaka,il_adi,evet_oy,evet_oran,hayir_oy,hayir_oran,kazanan,katilim_orani
2017referandum,16 Nisan 2017,3,Afyonkarahisar,281392,64.56,154462,35.44,Evet,89.1
2017referandum,16 Nisan 2017,5,Amasya,121360,56.26,94367,43.74,Evet,90.6
2017referandum,16 Nisan 2017,75,Ardahan,23455,44.27,29529,55.73,Hayır,80.3
2017referandum,16 Nisan 2017,2,Adıyaman,230176,69.76,99781,30.24,Evet,86.1
2017referandum,16 Nisan 2017,68,Aksaray,162985,75.49,52910,24.51,Evet,84.4
2017referandum,16 Nisan 2017,1,Adana,535932,41.83,745219,58.17,Hayır,86.2
2017referandum,16 Nisan 2017,10,Balıkesir,368741,45.5,441598,54.5,Hayır,89.9
2017referandum,16 Nisan 2017,72,Batman,96139,36.35,168376,63.65,Hayır,83.1
2017referandum,16 Nisan 2017,11,Bilecik,65867,48.86,68954,51.14,Hayır,90.6
2017referandum,16 Nisan 2017,9,Aydın,245016,35.66,442040,64.34,Hayır,88.1
2017referandum,16 Nisan 2017,13,Bitlis,87868,59.35,60187,40.65,Evet,78.7
2017referandum,16 Nisan 2017,12,Bingöl,95987,72.57,36273,27.43,Evet,78.5
2017referandum,16 Nisan 2017,14,Bolu,120685,62.26,73162,37.74,Evet,89.2
2017referandum,16 Nisan 2017,15,Burdur,87451,51.75,81550,48.25,Evet,89.5
2017referandum,16 Nisan 2017,17,Çanakkale,139974,39.54,213991,60.46,Hayır,90.5
2017referandum,16 Nisan 2017,18,Çankırı,79760,73.35,28980,26.65,Evet,85.0
2017referandum,16 Nisan 2017,19,Çorum,219394,64.49,120814,35.51,Evet,89.6
2017referandum,16 Nisan 2017,81,Düzce,164122,70.56,68476,29.44,Evet,90.4
2017referandum,16 Nisan 2017,22,Edirne,78914,29.5,188556,70.5,Hayır,88.4
2017referandum,16 Nisan 2017,23,Elazığ,240773,71.79,94620,28.21,Evet,84.5
2017referandum,16 Nisan 2017,24,Erzincan,80903,60.5,52816,39.5,Evet,88.1
2017referandum,16 Nisan 2017,25,Erzurum,300589,74.48,103007,25.52,Evet,85.0
2017referandum,16 Nisan 2017,26,Eskişehir,236994,42.43,321623,57.57,Hayır,89.2
2017referandum,16 Nisan 2017,4,Ağrı,87257,43.08,115271,56.92,Hayır,71.2
2017referandum,16 Nisan 2017,8,Artvin,49974,46.93,56504,53.07,Hayır,85.1
2017referandum,16 Nisan 2017,7,Antalya,574421,40.92,829415,59.08,Hayır,87.3
2017referandum,16 Nisan 2017,6,Ankara,1668601,48.85,1747151,51.15,Hayır,90.0
2017referandum,16 Nisan 2017,29,Gümüşhane,54601,75.16,18050,24.84,Evet,73.3
2017referandum,16 Nisan 2017,28,Giresun,164567,61.66,102329,38.34,Evet,83.1
2017referandum,16 Nisan 2017,74,Bartın,67744,56.03,53160,43.97,Evet,86.2
2017referandum,16 Nisan 2017,30,Hakkari,41104,32.42,85689,67.58,Hayır,80.9
2017referandum,16 Nisan 2017,69,Bayburt,37629,81.7,8431,18.3,Evet,82.2
2017referandum,16 Nisan 2017,31,Hatay,401405,45.65,477978,54.35,Hayır,87.8
2017referandum,16 Nisan 2017,35,İzmir,870681,31.2,1919828,68.8,Hayır,89.2
2017referandum,16 Nisan 2017,70,Karaman,94289,63.85,53386,36.15,Evet,88.7
2017referandum,16 Nisan 2017,16,Bursa,987929,53.21,868865,46.79,Evet,89.4
2017referandum,16 Nisan 2017,20,Denizli,289986,44.53,361198,55.47,Hayır,90.4
2017referandum,16 Nisan 2017,36,Kars,70922,50.95,68264,49.05,Evet,78.3
2017referandum,16 Nisan 2017,27,Gaziantep,603954,62.45,363136,37.55,Evet,83.4
2017referandum,16 Nisan 2017,21,Diyarbakır,251733,32.41,525089,67.59,Hayır,80.9
2017referandum,16 Nisan 2017,37,Kastamonu,147530,64.82,80078,35.18,Evet,83.7
2017referandum,16 Nisan 2017,38,Kayseri,557397,67.76,265239,32.24,Evet,89.5
2017referandum,16 Nisan 2017,79,Kilis,44461,64.09,24912,35.91,Evet,87.0
2017referandum,16 Nisan 2017,39,Kırklareli,68552,28.67,170574,71.33,Hayır,90.1
2017referandum,16 Nisan 2017,40,Kırşehir,72363,53.25,63520,46.75,Evet,85.2
2017referandum,16 Nisan 2017,41,Kocaeli,650336,56.69,496928,43.31,Evet,89.8
2017referandum,16 Nisan 2017,42,Konya,928599,72.88,345610,27.12,Evet,88.1
2017referandum,16 Nisan 2017,43,Kütahya,261275,70.31,110314,29.69,Evet,90.3
2017referandum,16 Nisan 2017,47,Mardin,149580,40.94,215810,59.06,Hayır,82.4
2017referandum,16 Nisan 2017,33,Mersin,387350,35.95,690009,64.05,Hayır,88.0
2017referandum,16 Nisan 2017,48,Muğla,184381,30.67,416710,69.33,Hayır,88.6
2017referandum,16 Nisan 2017,50,Nevşehir,117548,65.59,61663,34.41,Evet,88.1
2017referandum,16 Nisan 2017,46,Kahramanmaraş,458349,73.96,161395,26.04,Evet,87.5
2017referandum,16 Nisan 2017,32,Isparta,148837,56.02,116866,43.98,Evet,87.8
2017referandum,16 Nisan 2017,80,Osmaniye,169918,57.84,123860,42.16,Evet,85.6
2017referandum,16 Nisan 2017,52,Ordu,275328,61.89,169544,38.11,Evet,82.8
2017referandum,16 Nisan 2017,53,Rize,155028,75.55,50158,24.45,Evet,85.2
2017referandum,16 Nisan 2017,54,Sakarya,413091,68.05,193910,31.95,Evet,89.5
2017referandum,16 Nisan 2017,55,Samsun,507303,63.55,290932,36.45,Evet,86.4
2017referandum,16 Nisan 2017,56,Siirt,68121,47.81,74365,52.19,Hayır,83.5
2017referandum,16 Nisan 2017,57,Sinop,73324,57.75,53651,42.25,Evet,83.9
2017referandum,16 Nisan 2017,73,Şırnak,58607,28.3,148482,71.7,Hayır,84.1
2017referandum,16 Nisan 2017,45,Manisa,417386,45.67,496622,54.33,Hayır,90.6
2017referandum,16 Nisan 2017,34,İstanbul,4479196,48.65,4728584,51.35,Hayır,88.8
2017referandum,16 Nisan 2017,59,Tekirdağ,242115,38.89,380494,61.11,Hayır,89.1
2017referandum,16 Nisan 2017,60,Tokat,226835,63.18,132188,36.82,Evet,87.6
2017referandum,16 Nisan 2017,61,Trabzon,316330,66.45,159700,33.55,Evet,85.3
2017referandum,16 Nisan 2017,62,Tunceli,9859,19.59,40478,80.41,Hayır,83.8
2017referandum,16 Nisan 2017,44,Malatya,323654,69.57,141553,30.43,Evet,86.9
2017referandum,16 Nisan 2017,76,Iğdır,30817,34.8,57736,65.2,Hayır,76.8
2017referandum,16 Nisan 2017,64,Uşak,109263,47.03,123052,52.97,Hayır,90.4
2017referandum,16 Nisan 2017,78,Karabük,89031,60.73,57581,39.27,Evet,86.9
2017referandum,16 Nisan 2017,77,Yalova,71929,49.73,72708,50.27,Hayır,85.4
2017referandum,16 Nisan 2017,65,Van,193797,42.73,259758,57.27,Hayır,75.8
2017referandum,16 Nisan 2017,66,Yozgat,179911,74.27,62338,25.73,Evet,83.6
2017referandum,16 Nisan 2017,67,Zonguldak,186197,49.35,191117,50.65,Hayır,86.6
2017referandum,16 Nisan 2017,51,Niğde,118141,59.8,79427,40.2,Evet,85.6
2017referandum,16 Nisan 2017,49,Muş,87314,50.56,85370,49.44,Evet,79.1
2017referandum,16 Nisan 2017,71,Kırıkkale,103784,62.42,62478,37.58,Evet,86.1
2017referandum,16 Nisan 2017,63,Şanlıurfa,599073,70.82,246835,29.18,Evet,84.0
2017referandum,16 Nisan 2017,58,Sivas,262449,71.28,105732,28.72,Evet,86.5
2010referandum,12 Eylül 2010,4,Ağrı,299602,95.75,13298,4.25,Evet,
2010referandum,12 Eylül 2010,5,Amasya,151570,58.68,106730,41.32,Evet,
2010referandum,12 Eylül 2010,3,Afyonkarahisar,328860,65.68,171840,34.32,Evet,
2010referandum,12 Eylül 2010,7,Antalya,495782,43.33,648418,56.67,Hayır,
2010referandum,12 Eylül 2010,68,Aksaray,183040,76.65,55760,23.35,Evet,
2010referandum,12 Eylül 2010,1,Adana,504346,43.86,645554,56.14,Hayır,
2010referandum,12 Eylül 2010,2,Adıyaman,298717,80.43,72683,19.57,Evet,
2010referandum,12 Eylül 2010,6,Ankara,1465459,54.21,1237841,45.79,Evet,
2010referandum,12 Eylül 2010,72,Batman,247298,94.75,13702,5.25,Evet,
2010referandum,12 Eylül 2010,10,Balıkesir,400731,48.31,428769,51.69,Hayır,
2010referandum,12 Eylül 2010,74,Bartın,83401,55.49,66899,44.51,Evet,
2010referandum,12 Eylül 2010,8,Artvin,86833,49.99,86867,50.01,Hayır,
2010referandum,12 Eylül 2010,75,Ardahan,54790,55.01,44810,44.99,Evet,
2010referandum,12 Eylül 2010,9,Aydın,231727,35.91,413573,64.09,Hayır,
2010referandum,12 Eylül 2010,11,Bilecik,84051,49.5,85749,50.5,Hayır,
2010referandum,12 Eylül 2010,69,Bayburt,66594,85.05,11706,14.95,Evet,
2010referandum,12 Eylül 2010,13,Bitlis,202362,93.04,15138,6.96,Evet,
2010referandum,12 Eylül 2010,14,Bolu,171387,65.44,90513,34.56,Evet,
2010referandum,12 Eylül 2010,15,Burdur,100265,52.55,90535,47.45,Evet,
2010referandum,12 Eylül 2010,17,Çanakkale,158225,40.23,235075,59.77,Hayır,
2010referandum,12 Eylül 2010,12,Bingöl,176649,95.28,8751,4.72,Evet,
2010referandum,12 Eylül 2010,19,Çorum,323956,67.83,153644,32.17,Evet,
2010referandum,12 Eylül 2010,18,Çankırı,151344,77.02,45156,22.98,Evet,
2010referandum,12 Eylül 2010,16,Bursa,852127,56.38,659273,43.62,Evet,
2010referandum,12 Eylül 2010,21,Diyarbakır,752574,94.06,47526,5.94,Evet,
2010referandum,12 Eylül 2010,23,Elazığ,340162,81.75,75938,18.25,Evet,
2010referandum,12 Eylül 2010,20,Denizli,278681,46.47,321019,53.53,Hayır,
2010referandum,12 Eylül 2010,81,Düzce,170443,72.56,64457,27.44,Evet,
2010referandum,12 Eylül 2010,22,Edirne,72474,26.46,201426,73.54,Hayır,
2010referandum,12 Eylül 2010,26,Eskişehir,239878,45.98,281822,54.02,Hayır,
2010referandum,12 Eylül 2010,25,Erzurum,534297,86.92,80403,13.08,Evet,
2010referandum,12 Eylül 2010,24,Erzincan,169430,63.96,95470,36.04,Evet,
2010referandum,12 Eylül 2010,30,Hakkari,115669,94.27,7031,5.73,Evet,
2010referandum,12 Eylül 2010,29,Gümüşhane,124783,78.48,34217,21.52,Evet,
2010referandum,12 Eylül 2010,27,Gaziantep,590433,69.94,253767,30.06,Evet,
2010referandum,12 Eylül 2010,32,Isparta,168301,57.48,124499,42.52,Evet,
2010referandum,12 Eylül 2010,31,Hatay,372519,48.26,399381,51.74,Hayır,
2010referandum,12 Eylül 2010,76,Iğdır,61989,53.95,52911,46.05,Evet,
2010referandum,12 Eylül 2010,28,Giresun,223379,63.37,129121,36.63,Evet,
2010referandum,12 Eylül 2010,46,Kahramanmaraş,481879,79.4,125021,20.6,Evet,
2010referandum,12 Eylül 2010,78,Karabük,122630,63.97,69070,36.03,Evet,
2010referandum,12 Eylül 2010,34,İstanbul,3770063,54.87,3100837,45.13,Evet,
2010referandum,12 Eylül 2010,38,Kayseri,538096,73.33,195704,26.67,Evet,
2010referandum,12 Eylül 2010,70,Karaman,110866,65.64,58034,34.36,Evet,
2010referandum,12 Eylül 2010,36,Kars,135554,65.58,71146,34.42,Evet,
2010referandum,12 Eylül 2010,37,Kastamonu,287173,62.77,170327,37.23,Evet,
2010referandum,12 Eylül 2010,35,İzmir,852199,36.82,1462301,63.18,Hayır,
2010referandum,12 Eylül 2010,40,Kırşehir,109725,58.52,77775,41.48,Evet,
2010referandum,12 Eylül 2010,71,Kırıkkale,137906,69.23,61294,30.77,Evet,
2010referandum,12 Eylül 2010,39,Kırklareli,59134,25.8,170066,74.2,Hayır,
2010referandum,12 Eylül 2010,79,Kilis,64749,66.82,32151,33.18,Evet,
2010referandum,12 Eylül 2010,42,Konya,941665,78.14,263435,21.86,Evet,
2010referandum,12 Eylül 2010,43,Kütahya,338618,74.75,114382,25.25,Evet,
2010referandum,12 Eylül 2010,41,Kocaeli,536773,60.9,344627,39.1,Evet,
2010referandum,12 Eylül 2010,44,Malatya,388314,75.43,126486,24.57,Evet,
2010referandum,12 Eylül 2010,50,Nevşehir,132455,67.51,63745,32.49,Evet,
2010referandum,12 Eylül 2010,48,Muğla,163782,31.09,363018,68.91,Hayır,
2010referandum,12 Eylül 2010,49,Muş,212636,92.17,18064,7.83,Evet,
2010referandum,12 Eylül 2010,47,Mardin,389812,93.48,27188,6.52,Evet,
2010referandum,12 Eylül 2010,33,Mersin,358282,37.17,605618,62.83,Hayır,
2010referandum,12 Eylül 2010,45,Manisa,443298,49.82,446502,50.18,Hayır,
2010referandum,12 Eylül 2010,52,Ordu,344316,63.48,198084,36.52,Evet,
2010referandum,12 Eylül 2010,51,Niğde,126919,60.96,81281,39.04,Evet,
2010referandum,12 Eylül 2010,58,Sivas,503229,76.7,152871,23.3,Evet,
2010referandum,12 Eylül 2010,53,Rize,201000,76.05,63300,23.95,Evet,
2010referandum,12 Eylül 2010,57,Sinop,130442,60.39,85558,39.61,Evet,
2010referandum,12 Eylül 2010,54,Sakarya,378460,67.21,184640,32.79,Evet,
2010referandum,12 Eylül 2010,55,Samsun,566598,67.38,274302,32.62,Evet,
2010referandum,12 Eylül 2010,80,Osmaniye,143940,53.43,125460,46.57,Evet,
2010referandum,12 Eylül 2010,63,Şanlıurfa,791544,94.4,46956,5.6,Evet,
2010referandum,12 Eylül 2010,56,Siirt,168165,95.17,8535,4.83,Evet,
2010referandum,12 Eylül 2010,64,Uşak,116728,49.82,117572,50.18,Hayır,
2010referandum,12 Eylül 2010,61,Trabzon,386212,68.66,176288,31.34,Evet,
2010referandum,12 Eylül 2010,65,Van,477445,94.45,28055,5.55,Evet,
2010referandum,12 Eylül 2010,77,Yalova,61594,51.2,58706,48.8,Evet,
2010referandum,12 Eylül 2010,73,Şırnak,173191,89.09,21209,10.91,Evet,
2010referandum,12 Eylül 2010,60,Tokat,308632,64.5,169868,35.5,Evet,
2010referandum,12 Eylül 2010,59,Tekirdağ,165337,34.64,311963,65.36,Hayır,
2010referandum,12 Eylül 2010,62,Tunceli,25247,19.17,106453,80.83,Hayır,
2010referandum,12 Eylül 2010,67,Zonguldak,215573,50.18,214027,49.82,Evet,
2010referandum,12 Eylül 2010,66,Yozgat,296058,77.34,86742,22.66,Evet,
2007referandum,21 Ekim 2007,1,Adana,411458,60.89,264300,39.11,Evet,58.14
2007referandum,21 Ekim 2007,2,Adıyaman,182881,85.15,31882,14.85,Evet,72.69
2007referandum,21 Ekim 2007,3,Afyonkarahisar,249105,73.48,89912,26.52,Evet,80.21
2007referandum,21 Ekim 2007,4,Ağrı,145211,95.02,7618,4.98,Evet,70.43
2007referandum,21 Ekim 2007,68,Aksaray,125085,85.6,21042,14.4,Evet,67.46
2007referandum,21 Ekim 2007,5,Amasya,115257,68.38,53303,31.62,Evet,74.06
2007referandum,21 Ekim 2007,6,Ankara,1200895,65.59,630099,34.41,Evet,63.77
2007referandum,21 Ekim 2007,7,Antalya,376399,57.63,276695,42.37,Evet,61.55
2007referandum,21 Ekim 2007,75,Ardahan,31897,66.05,16397,33.95,Evet,71.95
2007referandum,21 Ekim 2007,8,Artvin,47604,65.52,25055,34.48,Evet,62.7
2007referandum,21 Ekim 2007,9,Aydın,218528,47.27,243736,52.73,Hayır,74.48
2007referandum,21 Ekim 2007,10,Balıkesir,352614,60.0,235098,40.0,Evet,75.51
2007referandum,21 Ekim 2007,74,Bartın,61691,65.09,33087,34.91,Evet,74.44
2007referandum,21 Ekim 2007,72,Batman,131970,95.68,5955,4.32,Evet,66.39
2007referandum,21 Ekim 2007,69,Bayburt,30760,89.25,3705,10.75,Evet,66.03
2007referandum,21 Ekim 2007,11,Bilecik,62219,59.96,41551,40.04,Evet,83.29
2007referandum,21 Ekim 2007,12,Bingöl,101439,95.81,4433,4.19,Evet,79.88
2007referandum,21 Ekim 2007,13,Bitlis,102826,93.86,6723,6.14,Evet,79.75
2007referandum,21 Ekim 2007,14,Bolu,105582,74.67,35824,25.33,Evet,78.11
2007referandum,21 Ekim 2007,15,Burdur,85907,62.49,51564,37.51,Evet,81.76
2007referandum,21 Ekim 2007,16,Bursa,735287,67.21,358677,32.79,Evet,73.5
2007referandum,21 Ekim 2007,17,Çanakkale,133279,52.29,121593,47.71,Evet,78.23
2007referandum,21 Ekim 2007,18,Çankırı,74197,81.53,16811,18.47,Evet,69.8
2007referandum,21 Ekim 2007,19,Çorum,206853,74.49,70823,25.51,Evet,73.83
2007referandum,21 Ekim 2007,20,Denizli,254886,58.91,177764,41.09,Evet,77.8
2007referandum,21 Ekim 2007,21,Diyarbakır,328846,94.26,20034,5.74,Evet,52.96
2007referandum,21 Ekim 2007,81,Düzce,124826,81.16,28985,18.84,Evet,76.08
2007referandum,21 Ekim 2007,22,Edirne,76026,37.39,127306,62.61,Hayır,75.1
2007referandum,21 Ekim 2007,23,Elazığ,205669,86.63,31742,13.37,Evet,67.55
2007referandum,21 Ekim 2007,24,Erzincan,71783,70.97,29369,29.03,Evet,71.46
2007referandum,21 Ekim 2007,25,Erzurum,285850,90.12,31329,9.88,Evet,71.06
2007referandum,21 Ekim 2007,26,Eskişehir,210904,56.94,159476,43.06,Evet,75.18
2007referandum,21 Ekim 2007,27,Gaziantep,344761,79.7,87796,20.3,Evet,62.89
2007referandum,21 Ekim 2007,28,Giresun,139812,74.02,49075,25.98,Evet,65.76
2007referandum,21 Ekim 2007,29,Gümüşhane,46323,84.19,8697,15.81,Evet,65.97
2007referandum,21 Ekim 2007,30,Hakkari,70322,95.38,3410,4.62,Evet,74.58
2007referandum,21 Ekim 2007,31,Hatay,324721,59.85,217864,40.15,Evet,69.98
2007referandum,21 Ekim 2007,34,İstanbul,2849487,66.71,1422183,33.29,Evet,58.66
2007referandum,21 Ekim 2007,35,İzmir,772848,48.81,810539,51.19,Hayır,64.11
2007referandum,21 Ekim 2007,76,Iğdır,34755,68.15,16240,31.85,Evet,57.76
2007referandum,21 Ekim 2007,32,Isparta,138316,67.84,65557,32.16,Evet,77.42
2007referandum,21 Ekim 2007,33,Mersin,309829,51.92,286944,48.08,Evet,60.78
2007referandum,21 Ekim 2007,36,Kars,75381,73.19,27612,26.81,Evet,61.38
2007referandum,21 Ekim 2007,78,Karabük,82200,75.35,26889,24.65,Evet,74.39
2007referandum,21 Ekim 2007,70,Karaman,78801,73.43,28515,26.57,Evet,78.0
2007referandum,21 Ekim 2007,37,Kastamonu,137879,71.22,55729,28.78,Evet,76.23
2007referandum,21 Ekim 2007,38,Kayseri,423738,82.12,92242,17.88,Evet,75.87
2007referandum,21 Ekim 2007,79,Kilis,38537,79.32,10048,20.68,Evet,77.98
2007referandum,21 Ekim 2007,71,Kırıkkale,96785,80.32,23715,19.68,Evet,63.75
2007referandum,21 Ekim 2007,39,Kırklareli,62779,35.84,112387,64.16,Hayır,77.32
2007referandum,21 Ekim 2007,40,Kırşehir,66844,70.82,27541,29.18,Evet,64.3
2007referandum,21 Ekim 2007,41,Kocaeli,436718,71.52,173933,28.48,Evet,70.35
2007referandum,21 Ekim 2007,42,Konya,721104,84.27,134574,15.73,Evet,73.73
2007referandum,21 Ekim 2007,43,Kütahya,262032,81.43,59739,18.57,Evet,82.82
2007referandum,21 Ekim 2007,44,Malatya,253471,82.16,55040,17.84,Evet,66.56
2007referandum,21 Ekim 2007,45,Manisa,399508,59.95,266894,40.05,Evet,80.09
2007referandum,21 Ekim 2007,46,Kahramanmaraş,338739,86.02,55046,13.98,Evet,69.1
2007referandum,21 Ekim 2007,47,Mardin,204000,94.81,11176,5.19,Evet,75.1
2007referandum,21 Ekim 2007,48,Muğla,151721,43.28,198834,56.72,Hayır,69.19
2007referandum,21 Ekim 2007,49,Muş,120785,93.17,8850,6.83,Evet,72.77
2007referandum,21 Ekim 2007,50,Nevşehir,102527,76.92,30762,23.08,Evet,72.81
2007referandum,21 Ekim 2007,51,Niğde,90006,72.68,33838,27.32,Evet,60.4
2007referandum,21 Ekim 2007,52,Ordu,222559,75.78,71149,24.22,Evet,65.2
2007referandum,21 Ekim 2007,80,Osmaniye,111526,63.23,64842,36.77,Evet,68.59
2007referandum,21 Ekim 2007,53,Rize,112636,83.08,22938,16.92,Evet,61.01
2007referandum,21 Ekim 2007,54,Sakarya,304189,77.38,88917,22.62,Evet,71.11
2007referandum,21 Ekim 2007,55,Samsun,404905,77.17,119762,22.83,Evet,68.66
2007referandum,21 Ekim 2007,56,Siirt,76484,94.31,4614,5.69,Evet,71.17
2007referandum,21 Ekim 2007,57,Sinop,67526,68.84,30560,31.16,Evet,71.12
2007referandum,21 Ekim 2007,58,Sivas,226113,80.46,54904,19.54,Evet,72.68
2007referandum,21 Ekim 2007,59,Tekirdağ,143459,44.69,177522,55.31,Hayır,71.92
2007referandum,21 Ekim 2007,60,Tokat,208216,73.7,74301,26.3,Evet,73.32
2007referandum,21 Ekim 2007,61,Trabzon,249173,77.85,70893,22.15,Evet,66.12
2007referandum,21 Ekim 2007,62,Tunceli,11639,35.02,21598,64.98,Hayır,62.08
2007referandum,21 Ekim 2007,63,Şanlıurfa,384831,95.66,17460,4.34,Evet,72.72
2007referandum,21 Ekim 2007,73,Şırnak,95666,91.31,9110,8.69,Evet,72.23
2007referandum,21 Ekim 2007,64,Uşak,104764,59.88,70180,40.12,Evet,80.97
2007referandum,21 Ekim 2007,65,Van,253591,95.09,13082,4.91,Evet,65.35
2007referandum,21 Ekim 2007,77,Yalova,48001,63.29,27845,36.71,Evet,61.37
2007referandum,21 Ekim 2007,66,Yozgat,178397,84.08,33772,15.92,Evet,72.72
2007referandum,21 Ekim 2007,67,Zonguldak,177849,61.4,111788,38.6,Evet,70.03
1988referandum,25 Eylül 1988,1,Adana,224142,30.2,518012,69.8,Hayır,87.57
1988referandum,25 Eylül 1988,2,Adıyaman,51150,34.85,95632,65.15,Hayır,85.27
1988referandum,25 Eylül 1988,3,Afyonkarahisar,98408,33.48,195526,66.52,Hayır,93.28
1988referandum,25 Eylül 1988,4,Ağrı,38704,30.91,86522,69.09,Hayır,86.65
1988referandum,25 Eylül 1988,5,Amasya,56864,33.55,112619,66.45,Hayır,91.75
1988referandum,25 Eylül 1988,6,Ankara,560236,36.48,975597,63.52,Hayır,87.41
1988referandum,25 Eylül 1988,7,Antalya,131860,29.34,317514,70.66,Hayır,90.67
1988referandum,25 Eylül 1988,8,Artvin,33156,31.22,73033,68.78,Hayır,87.08
1988referandum,25 Eylül 1988,9,Aydın,149369,37.93,244435,62.07,Hayır,93.1
1988referandum,25 Eylül 1988,10,Balıkesir,191304,36.05,339407,63.95,Hayır,92.72
1988referandum,25 Eylül 1988,11,Bilecik,34675,38.91,54435,61.09,Hayır,94.54
1988referandum,25 Eylül 1988,12,Bingöl,26493,35.88,47336,64.12,Hayır,90.8
1988referandum,25 Eylül 1988,13,Bitlis,28867,36.6,50007,63.4,Hayır,90.76
1988referandum,25 Eylül 1988,14,Bolu,106921,41.36,151593,58.64,Hayır,92.26
1988referandum,25 Eylül 1988,15,Burdur,46324,35.79,83101,64.21,Hayır,93.0
1988referandum,25 Eylül 1988,16,Bursa,278587,37.1,472372,62.9,Hayır,92.66
1988referandum,25 Eylül 1988,17,Çanakkale,85173,35.35,155794,64.65,Hayır,93.07
1988referandum,25 Eylül 1988,18,Çankırı,45842,40.71,66771,59.29,Hayır,91.54
1988referandum,25 Eylül 1988,19,Çorum,97290,35.63,175746,64.37,Hayır,91.19
1988referandum,25 Eylül 1988,20,Denizli,119216,34.74,223938,65.26,Hayır,92.22
1988referandum,25 Eylül 1988,21,Diyarbakır,76885,27.19,205870,72.81,Hayır,84.64
1988referandum,25 Eylül 1988,22,Edirne,56475,26.65,155421,73.35,Hayır,92.98
1988referandum,25 Eylül 1988,23,Elazığ,55330,28.69,137528,71.31,Hayır,89.29
1988referandum,25 Eylül 1988,24,Erzincan,44850,40.84,64960,59.16,Hayır,84.12
1988referandum,25 Eylül 1988,25,Erzurum,126653,40.22,188214,59.78,Hayır,88.04
1988referandum,25 Eylül 1988,26,Eskişehir,114025,33.36,227756,66.64,Hayır,92.58
1988referandum,25 Eylül 1988,27,Gaziantep,103469,27.37,274589,72.63,Hayır,87.92
1988referandum,25 Eylül 1988,28,Giresun,80704,38.95,126506,61.05,Hayır,87.87
1988referandum,25 Eylül 1988,29,Gümüşhane,48081,48.89,50269,51.11,Hayır,82.32
1988referandum,25 Eylül 1988,30,Hakkari,11495,19.92,46204,80.08,Hayır,92.58
1988referandum,25 Eylül 1988,31,Hatay,126101,30.71,284538,69.29,Hayır,89.31
1988referandum,25 Eylül 1988,32,Isparta,38134,21.43,139833,78.57,Hayır,93.49
1988referandum,25 Eylül 1988,33,Mersin,154281,32.46,321078,67.54,Hayır,89.17
1988referandum,25 Eylül 1988,34,İstanbul,1192319,40.57,1746390,59.43,Hayır,82.76
1988referandum,25 Eylül 1988,35,İzmir,411917,32.67,849027,67.33,Hayır,89.51
1988referandum,25 Eylül 1988,36,Kars,67093,27.27,178973,72.73,Hayır,85.14
1988referandum,25 Eylül 1988,37,Kastamonu,81010,36.54,140697,63.46,Hayır,90.59
1988referandum,25 Eylül 1988,38,Kayseri,159847,42.64,215057,57.36,Hayır,89.19
1988referandum,25 Eylül 1988,39,Kırklareli,53802,33.35,107518,66.65,Hayır,92.64
1988referandum,25 Eylül 1988,40,Kırşehir,38160,35.71,68701,64.29,Hayır,88.06
1988referandum,25 Eylül 1988,41,Kocaeli,112946,29.5,269878,70.5,Hayır,88.19
1988referandum,25 Eylül 1988,42,Konya,270879,35.61,489705,64.39,Hayır,90.85
1988referandum,25 Eylül 1988,43,Kütahya,102756,36.89,175818,63.11,Hayır,93.71
1988referandum,25 Eylül 1988,44,Malatya,151557,58.24,108679,41.76,Evet,87.05
1988referandum,25 Eylül 1988,45,Manisa,187921,33.48,373431,66.52,Hayır,94.75
1988referandum,25 Eylül 1988,46,Kahramanmaraş,93527,31.62,202219,68.38,Hayır,88.16
1988referandum,25 Eylül 1988,47,Mardin,63044,31.46,137333,68.54,Hayır,86.6
1988referandum,25 Eylül 1988,48,Muğla,88957,32.52,184567,67.48,Hayır,92.33
1988referandum,25 Eylül 1988,49,Muş,32046,30.42,73299,69.58,Hayır,88.82
1988referandum,25 Eylül 1988,50,Nevşehir,42066,33.78,82454,66.22,Hayır,89.36
1988referandum,25 Eylül 1988,51,Niğde,74413,33.18,149880,66.82,Hayır,89.16
1988referandum,25 Eylül 1988,52,Ordu,117550,38.35,188958,61.65,Hayır,88.24
1988referandum,25 Eylül 1988,53,Rize,50728,31.14,112179,68.86,Hayır,85.36
1988referandum,25 Eylül 1988,54,Sakarya,116034,37.34,194705,62.66,Hayır,90.56
1988referandum,25 Eylül 1988,55,Samsun,154666,30.39,354328,69.61,Hayır,89.39
1988referandum,25 Eylül 1988,56,Siirt,49612,31.49,107924,68.51,Hayır,89.06
1988referandum,25 Eylül 1988,57,Sinop,42609,34.37,81374,65.63,Hayır,88.98
1988referandum,25 Eylül 1988,58,Sivas,112351,37.33,188631,62.67,Hayır,88.51
1988referandum,25 Eylül 1988,63,Şanlıurfa,82081,32.0,174445,68.0,Hayır,84.4
1988referandum,25 Eylül 1988,59,Tekirdağ,68844,31.46,150005,68.54,Hayır,92.2
1988referandum,25 Eylül 1988,60,Tokat,108879,36.87,186460,63.13,Hayır,90.66
1988referandum,25 Eylül 1988,61,Trabzon,118885,36.83,203884,63.17,Hayır,88.45
1988referandum,25 Eylül 1988,62,Tunceli,9925,18.05,45059,81.95,Hayır,85.73
1988referandum,25 Eylül 1988,64,Uşak,53270,37.9,87296,62.1,Hayır,93.35
1988referandum,25 Eylül 1988,65,Van,48547,27.63,127139,72.37,Hayır,90.57
1988referandum,25 Eylül 1988,66,Yozgat,95941,44.13,121487,55.87,Hayır,89.75
1988referandum,25 Eylül 1988,67,Zonguldak,129885,25.88,371975,74.12,Hayır,91.56
1987referandum,6 Eylül 1987,1,Adana,408229,55.19,331473,44.81,Evet,92.56
1987referandum,6 Eylül 1987,2,Adıyaman,71350,47.35,79347,52.65,Hayır,93.91
1987referandum,6 Eylül 1987,3,Afyonkarahisar,141337,47.4,156868,52.6,Hayır,95.57
1987referandum,6 Eylül 1987,4,Ağrı,59912,47.3,66754,52.7,Hayır,92.4
1987referandum,6 Eylül 1987,5,Amasya,80156,46.92,90691,53.08,Hayır,96.11
1987referandum,6 Eylül 1987,6,Ankara,752674,49.18,777758,50.82,Hayır,90.88
1987referandum,6 Eylül 1987,7,Antalya,242971,54.35,204041,45.65,Evet,94.32
1987referandum,6 Eylül 1987,8,Artvin,65751,59.3,45127,40.7,Evet,94.34
1987referandum,6 Eylül 1987,9,Aydın,197141,49.52,200998,50.48,Hayır,96.4
1987referandum,6 Eylül 1987,10,Balıkesir,261980,48.75,275392,51.25,Hayır,96.6
1987referandum,6 Eylül 1987,11,Bilecik,41945,47.26,46805,52.74,Hayır,97.08
1987referandum,6 Eylül 1987,12,Bingöl,35805,48.14,38574,51.86,Hayır,95.28
1987referandum,6 Eylül 1987,13,Bitlis,30294,37.39,50724,62.61,Hayır,95.29
1987referandum,6 Eylül 1987,14,Bolu,106834,40.58,156411,59.42,Hayır,96.28
1987referandum,6 Eylül 1987,15,Burdur,59186,44.54,73689,55.46,Hayır,97.14
1987referandum,6 Eylül 1987,16,Bursa,367631,48.8,385718,51.2,Hayır,95.74
1987referandum,6 Eylül 1987,17,Çanakkale,115780,47.34,128813,52.66,Hayır,96.71
1987referandum,6 Eylül 1987,18,Çankırı,44947,39.01,70274,60.99,Hayır,96.46
1987referandum,6 Eylül 1987,19,Çorum,121225,43.37,158294,56.63,Hayır,96.28
1987referandum,6 Eylül 1987,20,Denizli,177861,51.11,170127,48.89,Evet,96.68
1987referandum,6 Eylül 1987,21,Diyarbakır,170160,59.92,113816,40.08,Evet,90.87
1987referandum,6 Eylül 1987,22,Edirne,132879,62.66,79198,37.34,Evet,96.68
1987referandum,6 Eylül 1987,23,Elazığ,108912,55.98,85629,44.02,Evet,94.41
1987referandum,6 Eylül 1987,24,Erzincan,47886,40.8,69489,59.2,Hayır,93.21
1987referandum,6 Eylül 1987,25,Erzurum,121340,37.52,202021,62.48,Hayır,93.6
1987referandum,6 Eylül 1987,26,Eskişehir,157057,48.21,168747,51.79,Hayır,95.47
1987referandum,6 Eylül 1987,27,Gaziantep,223239,58.25,159989,41.75,Evet,93.23
1987referandum,6 Eylül 1987,28,Giresun,90960,42.22,124465,57.78,Hayır,94.7
1987referandum,6 Eylül 1987,29,Gümüşhane,35145,33.0,71359,67.0,Hayır,92.35
1987referandum,6 Eylül 1987,30,Hakkari,35152,63.35,20334,36.65,Evet,95.01
1987referandum,6 Eylül 1987,31,Hatay,235680,56.88,178674,43.12,Evet,94.72
1987referandum,6 Eylül 1987,34,İstanbul,1458789,49.97,1460610,50.03,Hayır,88.07
1987referandum,6 Eylül 1987,35,İzmir,729255,58.21,523438,41.79,Evet,93.34
1987referandum,6 Eylül 1987,32,Isparta,128188,71.18,51890,28.82,Evet,97.13
1987referandum,6 Eylül 1987,33,Mersin,254219,53.8,218306,46.2,Evet,94.0
1987referandum,6 Eylül 1987,36,Kars,130254,51.21,124080,48.79,Evet,93.31
1987referandum,6 Eylül 1987,37,Kastamonu,108040,47.15,121108,52.85,Hayır,95.81
1987referandum,6 Eylül 1987,38,Kayseri,139986,36.32,245422,63.68,Hayır,94.82
1987referandum,6 Eylül 1987,39,Kırklareli,95889,59.0,66622,41.0,Evet,96.48
1987referandum,6 Eylül 1987,40,Kırşehir,42840,42.36,58292,57.64,Hayır,93.63
1987referandum,6 Eylül 1987,41,Kocaeli,229164,60.18,151655,39.82,Evet,92.85
1987referandum,6 Eylül 1987,42,Konya,313557,40.52,460323,59.48,Hayır,95.97
1987referandum,6 Eylül 1987,43,Kütahya,131271,46.71,149735,53.29,Hayır,97.18
1987referandum,6 Eylül 1987,44,Malatya,76229,28.67,189638,71.33,Hayır,92.36
1987referandum,6 Eylül 1987,45,Manisa,307705,54.68,254984,45.32,Evet,97.39
1987referandum,6 Eylül 1987,46,Kahramanmaraş,151254,50.86,146165,49.14,Evet,94.1
1987referandum,6 Eylül 1987,47,Mardin,136886,67.08,67183,32.92,Evet,92.61
1987referandum,6 Eylül 1987,48,Muğla,151229,55.13,123094,44.87,Evet,96.0
1987referandum,6 Eylül 1987,49,Muş,38144,38.1,61976,61.9,Hayır,93.26
1987referandum,6 Eylül 1987,50,Nevşehir,59868,46.9,67795,53.1,Hayır,94.95
1987referandum,6 Eylül 1987,51,Niğde,110294,48.46,117324,51.54,Hayır,95.31
1987referandum,6 Eylül 1987,52,Ordu,136261,43.27,178617,56.73,Hayır,93.16
1987referandum,6 Eylül 1987,53,Rize,102505,59.63,69385,40.37,Evet,93.22
1987referandum,6 Eylül 1987,54,Sakarya,148856,48.16,160205,51.84,Hayır,95.6
1987referandum,6 Eylül 1987,55,Samsun,271040,52.42,246017,47.58,Evet,94.25
1987referandum,6 Eylül 1987,56,Siirt,93842,60.34,61678,39.66,Evet,93.28
1987referandum,6 Eylül 1987,57,Sinop,70318,54.2,59416,45.8,Evet,95.49
1987referandum,6 Eylül 1987,58,Sivas,122045,38.88,191851,61.12,Hayır,94.72
1987referandum,6 Eylül 1987,59,Tekirdağ,128471,58.38,91605,41.62,Evet,95.82
1987referandum,6 Eylül 1987,60,Tokat,133660,44.41,167342,55.59,Hayır,95.33
1987referandum,6 Eylül 1987,61,Trabzon,159642,48.05,172631,51.95,Hayır,92.7
1987referandum,6 Eylül 1987,62,Tunceli,45130,78.72,12197,21.28,Evet,93.01
1987referandum,6 Eylül 1987,63,Şanlıurfa,130125,49.37,133422,50.63,Hayır,92.88
1987referandum,6 Eylül 1987,64,Uşak,63772,45.43,76606,54.57,Hayır,95.82
1987referandum,6 Eylül 1987,65,Van,78407,45.42,94230,54.58,Hayır,94.13
1987referandum,6 Eylül 1987,66,Yozgat,74238,33.27,148889,66.73,Hayır,95.88
1987referandum,6 Eylül 1987,67,Zonguldak,312625,61.93,192201,38.07,Evet,95.86
1982referandum,7 Kasım 1982,1,Adana,531016,90.55,55399,9.45,Evet,91.44
1982referandum,7 Kasım 1982,2,Adıyaman,110834,95.46,5275,4.54,Evet,88.26
1982referandum,7 Kasım 1982,3,Afyonkarahisar,238709,93.3,17135,6.7,Evet,93.69
1982referandum,7 Kasım 1982,4,Ağrı,98955,96.4,3699,3.6,Evet,88.96
1982referandum,7 Kasım 1982,5,Amasya,139364,93.46,9757,6.54,Evet,93.82
1982referandum,7 Kasım 1982,6,Ankara,1086945,88.13,146450,11.87,Evet,89.88
1982referandum,7 Kasım 1982,7,Antalya,315606,92.42,25871,7.58,Evet,93.71
1982referandum,7 Kasım 1982,8,Artvin,93450,94.65,5277,5.35,Evet,91.01
1982referandum,7 Kasım 1982,9,Aydın,307341,92.73,24091,7.27,Evet,94.31
1982referandum,7 Kasım 1982,10,Balıkesir,414771,92.11,35517,7.89,Evet,93.12
1982referandum,7 Kasım 1982,11,Bilecik,74678,95.86,3229,4.14,Evet,95.25
1982referandum,7 Kasım 1982,12,Bingöl,45115,76.5,13858,23.5,Evet,89.37
1982referandum,7 Kasım 1982,13,Bitlis,57448,87.35,8321,12.65,Evet,90.71
1982referandum,7 Kasım 1982,14,Bolu,210617,93.47,14724,6.53,Evet,93.62
1982referandum,7 Kasım 1982,15,Burdur,105097,92.85,8093,7.15,Evet,93.54
1982referandum,7 Kasım 1982,16,Bursa,562010,92.89,42989,7.11,Evet,94.01
1982referandum,7 Kasım 1982,17,Çanakkale,198894,94.01,12676,5.99,Evet,93.68
1982referandum,7 Kasım 1982,18,Çankırı,96328,93.98,6165,6.02,Evet,91.28
1982referandum,7 Kasım 1982,19,Çorum,216290,91.12,21066,8.88,Evet,92.44
1982referandum,7 Kasım 1982,20,Denizli,255799,92.27,21436,7.73,Evet,91.88
1982referandum,7 Kasım 1982,21,Diyarbakır,171598,80.3,42095,19.7,Evet,86.67
1982referandum,7 Kasım 1982,22,Edirne,167723,92.72,13164,7.28,Evet,94.0
1982referandum,7 Kasım 1982,23,Elazığ,130548,85.31,22472,14.69,Evet,87.92
1982referandum,7 Kasım 1982,24,Erzincan,91323,90.74,9325,9.26,Evet,90.33
1982referandum,7 Kasım 1982,25,Erzurum,250281,94.28,15181,5.72,Evet,89.37
1982referandum,7 Kasım 1982,26,Eskişehir,254435,92.8,19734,7.2,Evet,93.87
1982referandum,7 Kasım 1982,27,Gaziantep,291573,94.49,16991,5.51,Evet,92.11
1982referandum,7 Kasım 1982,28,Giresun,176457,94.62,10030,5.38,Evet,89.66
1982referandum,7 Kasım 1982,29,Gümüşhane,81117,91.43,7602,8.57,Evet,84.83
1982referandum,7 Kasım 1982,30,Hakkari,33083,82.78,6881,17.22,Evet,90.63
1982referandum,7 Kasım 1982,31,Hatay,305317,94.4,18109,5.6,Evet,93.59
1982referandum,7 Kasım 1982,34,İstanbul,2146443,88.97,266112,11.03,Evet,87.06
1982referandum,7 Kasım 1982,35,İzmir,936708,90.53,98038,9.47,Evet,97.57
1982referandum,7 Kasım 1982,32,Isparta,139077,91.8,12416,8.2,Evet,93.83
1982referandum,7 Kasım 1982,33,Mersin,333737,90.88,33480,9.12,Evet,93.04
1982referandum,7 Kasım 1982,36,Kars,219164,97.05,6654,2.95,Evet,89.98
1982referandum,7 Kasım 1982,37,Kastamonu,198569,93.89,12927,6.11,Evet,90.54
1982referandum,7 Kasım 1982,38,Kayseri,279952,92.32,23275,7.68,Evet,90.28
1982referandum,7 Kasım 1982,39,Kırklareli,131168,93.37,9319,6.63,Evet,94.49
1982referandum,7 Kasım 1982,40,Kırşehir,79460,93.96,5108,6.04,Evet,88.91
1982referandum,7 Kasım 1982,41,Kocaeli,253955,88.49,33037,11.51,Evet,91.35
1982referandum,7 Kasım 1982,42,Konya,551642,88.89,68927,11.11,Evet,91.33
1982referandum,7 Kasım 1982,43,Kütahya,222898,92.98,16830,7.02,Evet,94.14
1982referandum,7 Kasım 1982,44,Malatya,189234,91.03,18636,8.97,Evet,88.44
1982referandum,7 Kasım 1982,45,Manisa,440100,93.41,31069,6.59,Evet,95.56
1982referandum,7 Kasım 1982,46,Kahramanmaraş,212783,93.22,15482,6.78,Evet,91.49
1982referandum,7 Kasım 1982,47,Mardin,124280,86.87,18782,13.13,Evet,87.5
1982referandum,7 Kasım 1982,48,Muğla,204757,92.66,16211,7.34,Evet,95.06
1982referandum,7 Kasım 1982,49,Muş,63826,85.15,11133,14.85,Evet,87.79
1982referandum,7 Kasım 1982,50,Nevşehir,91738,90.44,9700,9.56,Evet,90.4
1982referandum,7 Kasım 1982,51,Niğde,167599,91.19,16202,8.81,Evet,90.13
1982referandum,7 Kasım 1982,52,Ordu,255236,94.36,15246,5.64,Evet,90.31
1982referandum,7 Kasım 1982,53,Rize,121212,91.45,11338,8.55,Evet,84.55
1982referandum,7 Kasım 1982,54,Sakarya,231744,91.4,21792,8.6,Evet,92.6
1982referandum,7 Kasım 1982,55,Samsun,392271,94.63,22246,5.37,Evet,91.71
1982referandum,7 Kasım 1982,56,Siirt,106238,88.05,14421,11.95,Evet,89.35
1982referandum,7 Kasım 1982,57,Sinop,103555,91.3,9863,8.7,Evet,88.93
1982referandum,7 Kasım 1982,58,Sivas,248802,91.8,22231,8.2,Evet,90.33
1982referandum,7 Kasım 1982,59,Tekirdağ,168970,94.14,10527,5.86,Evet,94.21
1982referandum,7 Kasım 1982,60,Tokat,242149,94.94,12896,5.06,Evet,92.79
1982referandum,7 Kasım 1982,61,Trabzon,248021,93.67,16755,6.33,Evet,87.9
1982referandum,7 Kasım 1982,62,Tunceli,42182,82.64,8864,17.36,Evet,89.97
1982referandum,7 Kasım 1982,63,Şanlıurfa,178198,94.77,9841,5.23,Evet,86.53
1982referandum,7 Kasım 1982,64,Uşak,109171,92.91,8328,7.09,Evet,93.07
1982referandum,7 Kasım 1982,65,Van,109326,91.06,10727,8.94,Evet,91.02
1982referandum,7 Kasım 1982,66,Yozgat,167856,93.97,10769,6.03,Evet,91.29
1982referandum,7 Kasım 1982,67,Zonguldak,390816,91.86,34637,8.14,Evet,93.44
1961referandum,9 Temmuz 1961,1,Adana,121451,55.22,98507,44.78,Evet,75.69
1961referandum,9 Temmuz 1961,2,Adıyaman,57512,66.63,28809,33.37,Evet,84.42
1961referandum,9 Temmuz 1961,3,Afyonkarahisar,107039,59.63,72453,40.37,Evet,82.82
1961referandum,9 Temmuz 1961,4,Ağrı,58543,82.87,12099,17.13,Evet,87.96
1961referandum,9 Temmuz 1961,5,Amasya,60806,56.53,46758,43.47,Evet,88.08
1961referandum,9 Temmuz 1961,6,Ankara,320199,68.4,147928,31.6,Evet,81.26
1961referandum,9 Temmuz 1961,7,Antalya,68369,51.27,64980,48.73,Evet,70.16
1961referandum,9 Temmuz 1961,8,Artvin,44809,77.78,12803,22.22,Evet,63.15
1961referandum,9 Temmuz 1961,9,Aydın,83924,43.97,106921,56.03,Hayır,82.7
1961referandum,9 Temmuz 1961,10,Balıkesir,154507,52.72,138544,47.28,Evet,85.31
1961referandum,9 Temmuz 1961,11,Bilecik,40981,60.12,27187,39.88,Evet,86.77
1961referandum,9 Temmuz 1961,12,Bingöl,36204,79.65,9252,20.35,Evet,88.32
1961referandum,9 Temmuz 1961,13,Bitlis,26174,66.52,13174,33.48,Evet,87.09
1961referandum,9 Temmuz 1961,14,Bolu,64246,44.94,78724,55.06,Hayır,82.57
1961referandum,9 Temmuz 1961,15,Burdur,48242,70.64,20055,29.36,Evet,78.44
1961referandum,9 Temmuz 1961,16,Bursa,143433,47.09,161151,52.91,Hayır,85.01
1961referandum,9 Temmuz 1961,17,Çanakkale,76580,52.18,70189,47.82,Evet,85.82
1961referandum,9 Temmuz 1961,18,Çankırı,54802,55.82,43380,44.18,Evet,84.5
1961referandum,9 Temmuz 1961,19,Çorum,88781,47.76,97123,52.24,Hayır,87.36
1961referandum,9 Temmuz 1961,20,Denizli,78137,48.86,81774,51.14,Hayır,76.1
1961referandum,9 Temmuz 1961,21,Diyarbakır,101757,73.79,36139,26.21,Evet,82.87
1961referandum,9 Temmuz 1961,22,Edirne,73013,63.12,42663,36.88,Evet,87.19
1961referandum,9 Temmuz 1961,23,Elazığ,57416,63.36,33203,36.64,Evet,76.43
1961referandum,9 Temmuz 1961,24,Erzincan,66723,76.39,20622,23.61,Evet,87.17
1961referandum,9 Temmuz 1961,25,Erzurum,121433,58.99,84423,41.01,Evet,85.73
1961referandum,9 Temmuz 1961,26,Eskişehir,98491,65.36,52207,34.64,Evet,86.26
1961referandum,9 Temmuz 1961,27,Gaziantep,91531,56.76,69732,43.24,Evet,86.36
1961referandum,9 Temmuz 1961,28,Giresun,74547,61.91,45860,38.09,Evet,65.38
1961referandum,9 Temmuz 1961,29,Gümüşhane,52102,58.58,36834,41.42,Evet,77.17
1961referandum,9 Temmuz 1961,30,Hakkari,20095,92.9,1535,7.1,Evet,84.87
1961referandum,9 Temmuz 1961,31,Hatay,86173,59.7,58161,40.3,Evet,78.83
1961referandum,9 Temmuz 1961,32,Isparta,58056,64.76,31589,35.24,Evet,79.35
1961referandum,9 Temmuz 1961,33,Mersin,72963,53.85,62537,46.15,Evet,70.1
1961referandum,9 Temmuz 1961,34,İstanbul,545526,77.41,159226,22.59,Evet,75.43
1961referandum,9 Temmuz 1961,35,İzmir,216558,49.78,218472,50.22,Hayır,81.51
1961referandum,9 Temmuz 1961,36,Kars,175394,92.76,13688,7.24,Evet,85.72
1961referandum,9 Temmuz 1961,37,Kastamonu,114778,61.32,72391,38.68,Evet,85.62
1961referandum,9 Temmuz 1961,38,Kayseri,103076,58.94,71808,41.06,Evet,80.34
1961referandum,9 Temmuz 1961,39,Kırklareli,58837,59.77,39603,40.23,Evet,86.13
1961referandum,9 Temmuz 1961,40,Kırşehir,58956,92.82,4563,7.18,Evet,81.86
1961referandum,9 Temmuz 1961,41,Kocaeli,64247,58.69,45225,41.31,Evet,80.36
1961referandum,9 Temmuz 1961,42,Konya,218807,62.21,132932,37.79,Evet,79.29
1961referandum,9 Temmuz 1961,43,Kütahya,65254,41.81,90814,58.19,Hayır,83.77
1961referandum,9 Temmuz 1961,44,Malatya,125647,88.68,16039,11.32,Evet,81.97
1961referandum,9 Temmuz 1961,45,Manisa,118476,43.88,151518,56.12,Hayır,84.29
1961referandum,9 Temmuz 1961,46,Kahramanmaraş,61697,51.19,58825,48.81,Evet,72.12
1961referandum,9 Temmuz 1961,47,Mardin,130364,97.69,3078,2.31,Evet,90.0
1961referandum,9 Temmuz 1961,48,Muğla,56744,50.78,54993,49.22,Evet,74.36
1961referandum,9 Temmuz 1961,49,Muş,44882,79.07,11883,20.93,Evet,87.38
1961referandum,9 Temmuz 1961,50,Nevşehir,48905,69.5,21464,30.5,Evet,80.32
1961referandum,9 Temmuz 1961,51,Niğde,68421,59.01,47536,40.99,Evet,79.78
1961referandum,9 Temmuz 1961,52,Ordu,97302,60.07,64682,39.93,Evet,78.79
1961referandum,9 Temmuz 1961,53,Rize,45920,60.98,29379,39.02,Evet,66.94
1961referandum,9 Temmuz 1961,54,Sakarya,66793,47.23,74632,52.77,Hayır,85.91
1961referandum,9 Temmuz 1961,55,Samsun,106667,42.98,141526,57.02,Hayır,86.84
1961referandum,9 Temmuz 1961,56,Siirt,73474,91.72,6630,8.28,Evet,85.76
1961referandum,9 Temmuz 1961,57,Sinop,70804,70.38,29793,29.62,Evet,83.7
1961referandum,9 Temmuz 1961,58,Sivas,185356,74.78,62508,25.22,Evet,85.83
1961referandum,9 Temmuz 1961,59,Tekirdağ,67435,61.22,42717,38.78,Evet,84.3
1961referandum,9 Temmuz 1961,60,Tokat,100712,57.04,75838,42.96,Evet,89.31
1961referandum,9 Temmuz 1961,61,Trabzon,80155,59.62,54293,40.38,Evet,55.3
1961referandum,9 Temmuz 1961,62,Tunceli,43367,95.07,2248,4.93,Evet,76.55
1961referandum,9 Temmuz 1961,63,Şanlıurfa,106106,80.23,26148,19.77,Evet,81.1
1961referandum,9 Temmuz 1961,64,Uşak,49206,75.52,15949,24.48,Evet,71.95
1961referandum,9 Temmuz 1961,65,Van,56936,80.78,13551,19.22,Evet,88.2
1961referandum,9 Temmuz 1961,66,Yozgat,103454,67.66,49459,32.34,Evet,86.49
1961referandum,9 Temmuz 1961,67,Zonguldak,108797,46.89,123217,53.11,Hayır,86.91
