secim_yili,secim_tarihi,parti,toplam_vekil,meclis_toplam
2023,14 Mayıs 2023,AK Parti,268,600
2023,14 Mayıs 2023,CHP,169,600
2023,14 Mayıs 2023,YEŞİL SOL,61,600
2023,14 Mayıs 2023,MHP,50,600
2023,14 Mayıs 2023,İYİ Parti,43,600
2023,14 Mayıs 2023,YENİDEN REFAH,5,600
2023,14 Mayıs 2023,TİP,4,600
2018,24 Haziran 2018,AK Parti,295,600
2018,24 Haziran 2018,CHP,146,600
2018,24 Haziran 2018,HDP,67,600
2018,24 Haziran 2018,MHP,49,600
2018,24 Haziran 2018,İYİ Parti,43,600
2015Kasim,1 Kasım 2015,AK Parti,317,550
2015Kasim,1 Kasım 2015,CHP,134,550
2015Kasim,1 Kasım 2015,HDP,59,550
2015Kasim,1 Kasım 2015,MHP,40,550
2015Haziran,7 Haziran 2015,AK Parti,258,550
2015Haziran,7 Haziran 2015,CHP,132,550
2015Haziran,7 Haziran 2015,MHP,80,550
2015Haziran,7 Haziran 2015,HDP,80,550
2011,12 Haziran 2011,AK Parti,327,550
2011,12 Haziran 2011,CHP,135,550
2011,12 Haziran 2011,MHP,53,550
2011,12 Haziran 2011,Bağımsız,35,550
2007,22 Temmuz 2007,AK Parti,341,550
2007,22 Temmuz 2007,CHP,112,550
2007,22 Temmuz 2007,MHP,71,550
2007,22 Temmuz 2007,Diğer,26,550
2002,3 Kasım 2002,AK Parti,363,550
2002,3 Kasım 2002,CHP,178,550
2002,3 Kasım 2002,Diğer,9,550
1999,18 Nisan 1999,DSP,136,550
1999,18 Nisan 1999,MHP,129,550
1999,18 Nisan 1999,FP,111,550
1999,18 Nisan 1999,ANAP,86,550
1999,18 Nisan 1999,DYP,85,550
1999,18 Nisan 1999,Diğer,3,550
1995,24 Aralık 1995,RP,158,550
1995,24 Aralık 1995,DYP,135,550
1995,24 Aralık 1995,ANAP,132,550
1995,24 Aralık 1995,DSP,76,550
1995,24 Aralık 1995,CHP,49,550
1991,20 Ekim 1991,DYP,178,450
1991,20 Ekim 1991,ANAP,115,450
1991,20 Ekim 1991,SHP,88,450
1991,20 Ekim 1991,RP,62,450
1991,20 Ekim 1991,DSP,7,450
1987,29 Kasım 1987,ANAP,292,450
1987,29 Kasım 1987,SHP,99,450
1987,29 Kasım 1987,DYP,59,450
1983,6 Kasım 1983,ANAP,211,399
1983,6 Kasım 1983,HP,117,399
1983,6 Kasım 1983,MDP,71,399
1977,5 Haziran 1977,CHP,213,450
1977,5 Haziran 1977,AP,189,450
1977,5 Haziran 1977,MSP,24,450
1977,5 Haziran 1977,MHP,16,450
1977,5 Haziran 1977,Diğer,8,450
1973,14 Ekim 1973,CHP,185,450
1973,14 Ekim 1973,AP,149,450
1973,14 Ekim 1973,MSP,48,450
1973,14 Ekim 1973,DP,45,450
1973,14 Ekim 1973,Diğer,23,450
1969,12 Ekim 1969,AP,256,450
1969,12 Ekim 1969,CHP,143,450
1969,12 Ekim 1969,Diğer,23,450
1969,12 Ekim 1969,CGP,15,450
1969,12 Ekim 1969,Bağımsız,13,450
1965,10 Ekim 1965,AP,240,450
1965,10 Ekim 1965,CHP,134,450
1965,10 Ekim 1965,MP62,31,450
1965,10 Ekim 1965,Diğer,26,450
1965,10 Ekim 1965,YTP61,19,450
