secim,tarih,il_plaka,il_adi,aday,oy,oran,kazandi_mi
2023cb2tur,14 Mayıs 2023 (2. Tur),68,Aksaray,Recep Tayyip Erdoğan,185625,75.38,EVET
2023cb2tur,14 Mayıs 2023 (2. Tur),68,Aksaray,Kemal Kılıçdaroğlu,60611,24.62,
2023cb2tur,14 Mayıs 2023 (2. Tur),4,Ağrı,Kemal Kılıçdaroğlu,129693,65.34,EVET
2023cb2tur,14 Mayıs 2023 (2. Tur),4,Ağrı,Recep Tayyip Erdoğan,68790,34.66,
2023cb2tur,14 Mayıs 2023 (2. Tur),5,Amasya,Recep Tayyip Erdoğan,134428,59.16,EVET
2023cb2tur,14 Mayıs 2023 (2. Tur),5,Amasya,Kemal Kılıçdaroğlu,92811,40.84,
2023cb2tur,14 Mayıs 2023 (2. Tur),7,Antalya,Kemal Kılıçdaroğlu,926707,57.35,EVET
2023cb2tur,14 Mayıs 2023 (2. Tur),7,Antalya,Recep Tayyip Erdoğan,689175,42.65,
2023cb2tur,14 Mayıs 2023 (2. Tur),75,Ardahan,Kemal Kılıçdaroğlu,30657,57.68,EVET
2023cb2tur,14 Mayıs 2023 (2. Tur),75,Ardahan,Recep Tayyip Erdoğan,22497,42.32,
2023cb2tur,14 Mayıs 2023 (2. Tur),2,Adıyaman,Recep Tayyip Erdoğan,216491,68.84,EVET
2023cb2tur,14 Mayıs 2023 (2. Tur),2,Adıyaman,Kemal Kılıçdaroğlu,97982,31.16,
2023cb2tur,14 Mayıs 2023 (2. Tur),69,Bayburt,Recep Tayyip Erdoğan,39731,82.45,EVET
2023cb2tur,14 Mayıs 2023 (2. Tur),69,Bayburt,Kemal Kılıçdaroğlu,8455,17.55,
2023cb2tur,14 Mayıs 2023 (2. Tur),72,Batman,Kemal Kılıçdaroğlu,213499,68.06,EVET
2023cb2tur,14 Mayıs 2023 (2. Tur),72,Batman,Recep Tayyip Erdoğan,100177,31.94,
2023cb2tur,14 Mayıs 2023 (2. Tur),11,Bilecik,Recep Tayyip Erdoğan,78219,53.47,EVET
2023cb2tur,14 Mayıs 2023 (2. Tur),11,Bilecik,Kemal Kılıçdaroğlu,68057,46.53,
2023cb2tur,14 Mayıs 2023 (2. Tur),74,Bartın,Recep Tayyip Erdoğan,77963,60.0,EVET
2023cb2tur,14 Mayıs 2023 (2. Tur),74,Bartın,Kemal Kılıçdaroğlu,51971,40.0,
2023cb2tur,14 Mayıs 2023 (2. Tur),12,Bingöl,Recep Tayyip Erdoğan,95730,68.08,EVET
2023cb2tur,14 Mayıs 2023 (2. Tur),12,Bingöl,Kemal Kılıçdaroğlu,44885,31.92,
2023cb2tur,14 Mayıs 2023 (2. Tur),13,Bitlis,Kemal Kılıçdaroğlu,82926,50.21,EVET
2023cb2tur,14 Mayıs 2023 (2. Tur),13,Bitlis,Recep Tayyip Erdoğan,82224,49.79,
2023cb2tur,14 Mayıs 2023 (2. Tur),15,Burdur,Recep Tayyip Erdoğan,97956,55.83,EVET
2023cb2tur,14 Mayıs 2023 (2. Tur),15,Burdur,Kemal Kılıçdaroğlu,77496,44.17,
2023cb2tur,14 Mayıs 2023 (2. Tur),17,Çanakkale,Kemal Kılıçdaroğlu,222754,58.09,EVET
2023cb2tur,14 Mayıs 2023 (2. Tur),17,Çanakkale,Recep Tayyip Erdoğan,160736,41.91,
2023cb2tur,14 Mayıs 2023 (2. Tur),19,Çorum,Recep Tayyip Erdoğan,225583,64.78,EVET
2023cb2tur,14 Mayıs 2023 (2. Tur),19,Çorum,Kemal Kılıçdaroğlu,122664,35.22,
2023cb2tur,14 Mayıs 2023 (2. Tur),20,Denizli,Kemal Kılıçdaroğlu,367447,52.99,EVET
2023cb2tur,14 Mayıs 2023 (2. Tur),20,Denizli,Recep Tayyip Erdoğan,326035,47.01,
2023cb2tur,14 Mayıs 2023 (2. Tur),21,Diyarbakır,Kemal Kılıçdaroğlu,611981,71.66,EVET
2023cb2tur,14 Mayıs 2023 (2. Tur),21,Diyarbakır,Recep Tayyip Erdoğan,242074,28.34,
2023cb2tur,14 Mayıs 2023 (2. Tur),81,Düzce,Recep Tayyip Erdoğan,187783,71.93,EVET
2023cb2tur,14 Mayıs 2023 (2. Tur),81,Düzce,Kemal Kılıçdaroğlu,73278,28.07,
2023cb2tur,14 Mayıs 2023 (2. Tur),16,Bursa,Recep Tayyip Erdoğan,1118511,54.66,EVET
2023cb2tur,14 Mayıs 2023 (2. Tur),16,Bursa,Kemal Kılıçdaroğlu,927775,45.34,
2023cb2tur,14 Mayıs 2023 (2. Tur),8,Artvin,Recep Tayyip Erdoğan,57308,50.65,EVET
2023cb2tur,14 Mayıs 2023 (2. Tur),8,Artvin,Kemal Kılıçdaroğlu,55833,49.35,
2023cb2tur,14 Mayıs 2023 (2. Tur),3,Afyonkarahisar,Recep Tayyip Erdoğan,312452,67.84,EVET
2023cb2tur,14 Mayıs 2023 (2. Tur),3,Afyonkarahisar,Kemal Kılıçdaroğlu,148136,32.16,
2023cb2tur,14 Mayıs 2023 (2. Tur),6,Ankara,Kemal Kılıçdaroğlu,1909749,51.23,EVET
2023cb2tur,14 Mayıs 2023 (2. Tur),6,Ankara,Recep Tayyip Erdoğan,1817796,48.77,
2023cb2tur,14 Mayıs 2023 (2. Tur),18,Çankırı,Recep Tayyip Erdoğan,92593,76.76,EVET
2023cb2tur,14 Mayıs 2023 (2. Tur),18,Çankırı,Kemal Kılıçdaroğlu,28040,23.24,
2023cb2tur,14 Mayıs 2023 (2. Tur),1,Adana,Kemal Kılıçdaroğlu,730274,54.04,EVET
2023cb2tur,14 Mayıs 2023 (2. Tur),1,Adana,Recep Tayyip Erdoğan,621003,45.96,
2023cb2tur,14 Mayıs 2023 (2. Tur),23,Elazığ,Recep Tayyip Erdoğan,244904,70.27,EVET
2023cb2tur,14 Mayıs 2023 (2. Tur),23,Elazığ,Kemal Kılıçdaroğlu,103607,29.73,
2023cb2tur,14 Mayıs 2023 (2. Tur),9,Aydın,Kemal Kılıçdaroğlu,449559,59.84,EVET
2023cb2tur,14 Mayıs 2023 (2. Tur),9,Aydın,Recep Tayyip Erdoğan,301709,40.16,
2023cb2tur,14 Mayıs 2023 (2. Tur),26,Eskişehir,Kemal Kılıçdaroğlu,330595,55.41,EVET
2023cb2tur,14 Mayıs 2023 (2. Tur),26,Eskişehir,Recep Tayyip Erdoğan,266063,44.59,
2023cb2tur,14 Mayıs 2023 (2. Tur),28,Giresun,Recep Tayyip Erdoğan,190440,64.69,EVET
2023cb2tur,14 Mayıs 2023 (2. Tur),28,Giresun,Kemal Kılıçdaroğlu,103960,35.31,
2023cb2tur,14 Mayıs 2023 (2. Tur),27,Gaziantep,Recep Tayyip Erdoğan,697194,62.72,EVET
2023cb2tur,14 Mayıs 2023 (2. Tur),27,Gaziantep,Kemal Kılıçdaroğlu,414367,37.28,
2023cb2tur,14 Mayıs 2023 (2. Tur),10,Balıkesir,Kemal Kılıçdaroğlu,450802,52.2,EVET
2023cb2tur,14 Mayıs 2023 (2. Tur),10,Balıkesir,Recep Tayyip Erdoğan,412724,47.8,
2023cb2tur,14 Mayıs 2023 (2. Tur),14,Bolu,Recep Tayyip Erdoğan,133670,64.67,EVET
2023cb2tur,14 Mayıs 2023 (2. Tur),14,Bolu,Kemal Kılıçdaroğlu,73030,35.33,
2023cb2tur,14 Mayıs 2023 (2. Tur),30,Hakkari,Kemal Kılıçdaroğlu,102784,72.11,EVET
2023cb2tur,14 Mayıs 2023 (2. Tur),30,Hakkari,Recep Tayyip Erdoğan,39754,27.89,
2023cb2tur,14 Mayıs 2023 (2. Tur),29,Gümüşhane,Recep Tayyip Erdoğan,60401,78.54,EVET
2023cb2tur,14 Mayıs 2023 (2. Tur),29,Gümüşhane,Kemal Kılıçdaroğlu,16505,21.46,
2023cb2tur,14 Mayıs 2023 (2. Tur),31,Hatay,Recep Tayyip Erdoğan,430651,50.14,EVET
2023cb2tur,14 Mayıs 2023 (2. Tur),31,Hatay,Kemal Kılıçdaroğlu,428258,49.86,
2023cb2tur,14 Mayıs 2023 (2. Tur),76,Iğdır,Kemal Kılıçdaroğlu,63326,66.78,EVET
2023cb2tur,14 Mayıs 2023 (2. Tur),76,Iğdır,Recep Tayyip Erdoğan,31501,33.22,
2023cb2tur,14 Mayıs 2023 (2. Tur),78,Karabük,Recep Tayyip Erdoğan,98521,63.72,EVET
2023cb2tur,14 Mayıs 2023 (2. Tur),78,Karabük,Kemal Kılıçdaroğlu,56084,36.28,
2023cb2tur,14 Mayıs 2023 (2. Tur),46,Kahramanmaraş,Recep Tayyip Erdoğan,469039,75.77,EVET
2023cb2tur,14 Mayıs 2023 (2. Tur),46,Kahramanmaraş,Kemal Kılıçdaroğlu,150013,24.23,
2023cb2tur,14 Mayıs 2023 (2. Tur),35,İzmir,Kemal Kılıçdaroğlu,1998359,67.13,EVET
2023cb2tur,14 Mayıs 2023 (2. Tur),35,İzmir,Recep Tayyip Erdoğan,978316,32.87,
2023cb2tur,14 Mayıs 2023 (2. Tur),34,İstanbul,Kemal Kılıçdaroğlu,5121194,51.78,EVET
2023cb2tur,14 Mayıs 2023 (2. Tur),34,İstanbul,Recep Tayyip Erdoğan,4768657,48.22,
2023cb2tur,14 Mayıs 2023 (2. Tur),37,Kastamonu,Recep Tayyip Erdoğan,172280,69.73,EVET
2023cb2tur,14 Mayıs 2023 (2. Tur),37,Kastamonu,Kemal Kılıçdaroğlu,74804,30.27,
2023cb2tur,14 Mayıs 2023 (2. Tur),79,Kilis,Recep Tayyip Erdoğan,57337,69.99,EVET
2023cb2tur,14 Mayıs 2023 (2. Tur),79,Kilis,Kemal Kılıçdaroğlu,24580,30.01,
2023cb2tur,14 Mayıs 2023 (2. Tur),39,Kırklareli,Kemal Kılıçdaroğlu,175251,68.42,EVET
2023cb2tur,14 Mayıs 2023 (2. Tur),39,Kırklareli,Recep Tayyip Erdoğan,80875,31.58,
2023cb2tur,14 Mayıs 2023 (2. Tur),40,Kırşehir,Recep Tayyip Erdoğan,82464,57.32,EVET
2023cb2tur,14 Mayıs 2023 (2. Tur),40,Kırşehir,Kemal Kılıçdaroğlu,61401,42.68,
2023cb2tur,14 Mayıs 2023 (2. Tur),41,Kocaeli,Recep Tayyip Erdoğan,754914,57.01,EVET
2023cb2tur,14 Mayıs 2023 (2. Tur),41,Kocaeli,Kemal Kılıçdaroğlu,569245,42.99,
2023cb2tur,14 Mayıs 2023 (2. Tur),42,Konya,Recep Tayyip Erdoğan,1008416,72.99,EVET
2023cb2tur,14 Mayıs 2023 (2. Tur),42,Konya,Kemal Kılıçdaroğlu,373100,27.01,
2023cb2tur,14 Mayıs 2023 (2. Tur),44,Malatya,Recep Tayyip Erdoğan,302280,71.96,EVET
2023cb2tur,14 Mayıs 2023 (2. Tur),44,Malatya,Kemal Kılıçdaroğlu,117804,28.04,
2023cb2tur,14 Mayıs 2023 (2. Tur),36,Kars,Kemal Kılıçdaroğlu,76383,56.4,EVET
2023cb2tur,14 Mayıs 2023 (2. Tur),36,Kars,Recep Tayyip Erdoğan,59057,43.6,
2023cb2tur,14 Mayıs 2023 (2. Tur),45,Manisa,Recep Tayyip Erdoğan,485424,50.2,EVET
2023cb2tur,14 Mayıs 2023 (2. Tur),45,Manisa,Kemal Kılıçdaroğlu,481622,49.8,
2023cb2tur,14 Mayıs 2023 (2. Tur),47,Mardin,Kemal Kılıçdaroğlu,274420,65.24,EVET
2023cb2tur,14 Mayıs 2023 (2. Tur),47,Mardin,Recep Tayyip Erdoğan,146215,34.76,
2023cb2tur,14 Mayıs 2023 (2. Tur),33,Mersin,Kemal Kılıçdaroğlu,709410,60.27,EVET
2023cb2tur,14 Mayıs 2023 (2. Tur),33,Mersin,Recep Tayyip Erdoğan,467668,39.73,
2023cb2tur,14 Mayıs 2023 (2. Tur),48,Muğla,Kemal Kılıçdaroğlu,461644,66.54,EVET
2023cb2tur,14 Mayıs 2023 (2. Tur),48,Muğla,Recep Tayyip Erdoğan,232111,33.46,
2023cb2tur,14 Mayıs 2023 (2. Tur),49,Muş,Kemal Kılıçdaroğlu,101792,58.33,EVET
2023cb2tur,14 Mayıs 2023 (2. Tur),49,Muş,Recep Tayyip Erdoğan,72704,41.67,
2023cb2tur,14 Mayıs 2023 (2. Tur),22,Edirne,Kemal Kılıçdaroğlu,185607,66.91,EVET
2023cb2tur,14 Mayıs 2023 (2. Tur),22,Edirne,Recep Tayyip Erdoğan,91801,33.09,
2023cb2tur,14 Mayıs 2023 (2. Tur),50,Nevşehir,Recep Tayyip Erdoğan,129867,66.54,EVET
2023cb2tur,14 Mayıs 2023 (2. Tur),50,Nevşehir,Kemal Kılıçdaroğlu,65310,33.46,
2023cb2tur,14 Mayıs 2023 (2. Tur),25,Erzurum,Recep Tayyip Erdoğan,306489,73.56,EVET
2023cb2tur,14 Mayıs 2023 (2. Tur),25,Erzurum,Kemal Kılıçdaroğlu,110188,26.44,
2023cb2tur,14 Mayıs 2023 (2. Tur),51,Niğde,Recep Tayyip Erdoğan,133950,62.05,EVET
2023cb2tur,14 Mayıs 2023 (2. Tur),51,Niğde,Kemal Kılıçdaroğlu,81941,37.95,
2023cb2tur,14 Mayıs 2023 (2. Tur),80,Osmaniye,Recep Tayyip Erdoğan,212942,66.2,EVET
2023cb2tur,14 Mayıs 2023 (2. Tur),80,Osmaniye,Kemal Kılıçdaroğlu,108743,33.8,
2023cb2tur,14 Mayıs 2023 (2. Tur),53,Rize,Recep Tayyip Erdoğan,173248,75.86,EVET
2023cb2tur,14 Mayıs 2023 (2. Tur),53,Rize,Kemal Kılıçdaroğlu,55145,24.14,
2023cb2tur,14 Mayıs 2023 (2. Tur),55,Samsun,Recep Tayyip Erdoğan,570063,65.34,EVET
2023cb2tur,14 Mayıs 2023 (2. Tur),55,Samsun,Kemal Kılıçdaroğlu,302436,34.66,
2023cb2tur,14 Mayıs 2023 (2. Tur),63,Şanlıurfa,Recep Tayyip Erdoğan,610116,64.86,EVET
2023cb2tur,14 Mayıs 2023 (2. Tur),63,Şanlıurfa,Kemal Kılıçdaroğlu,330565,35.14,
2023cb2tur,14 Mayıs 2023 (2. Tur),56,Siirt,Kemal Kılıçdaroğlu,85992,55.44,EVET
2023cb2tur,14 Mayıs 2023 (2. Tur),56,Siirt,Recep Tayyip Erdoğan,69113,44.56,
2023cb2tur,14 Mayıs 2023 (2. Tur),57,Sinop,Recep Tayyip Erdoğan,89454,61.85,EVET
2023cb2tur,14 Mayıs 2023 (2. Tur),57,Sinop,Kemal Kılıçdaroğlu,55184,38.15,
2023cb2tur,14 Mayıs 2023 (2. Tur),58,Sivas,Recep Tayyip Erdoğan,288136,73.09,EVET
2023cb2tur,14 Mayıs 2023 (2. Tur),58,Sivas,Kemal Kılıçdaroğlu,106082,26.91,
2023cb2tur,14 Mayıs 2023 (2. Tur),59,Tekirdağ,Kemal Kılıçdaroğlu,440815,59.33,EVET
2023cb2tur,14 Mayıs 2023 (2. Tur),59,Tekirdağ,Recep Tayyip Erdoğan,302233,40.67,
2023cb2tur,14 Mayıs 2023 (2. Tur),60,Tokat,Recep Tayyip Erdoğan,255247,66.3,EVET
2023cb2tur,14 Mayıs 2023 (2. Tur),60,Tokat,Kemal Kılıçdaroğlu,129769,33.7,
2023cb2tur,14 Mayıs 2023 (2. Tur),61,Trabzon,Recep Tayyip Erdoğan,358915,68.89,EVET
2023cb2tur,14 Mayıs 2023 (2. Tur),61,Trabzon,Kemal Kılıçdaroğlu,162055,31.11,
2023cb2tur,14 Mayıs 2023 (2. Tur),24,Erzincan,Recep Tayyip Erdoğan,92243,62.05,EVET
2023cb2tur,14 Mayıs 2023 (2. Tur),24,Erzincan,Kemal Kılıçdaroğlu,56412,37.95,
2023cb2tur,14 Mayıs 2023 (2. Tur),64,Uşak,Recep Tayyip Erdoğan,123777,51.02,EVET
2023cb2tur,14 Mayıs 2023 (2. Tur),64,Uşak,Kemal Kılıçdaroğlu,118815,48.98,
2023cb2tur,14 Mayıs 2023 (2. Tur),54,Sakarya,Recep Tayyip Erdoğan,469765,68.49,EVET
2023cb2tur,14 Mayıs 2023 (2. Tur),54,Sakarya,Kemal Kılıçdaroğlu,216128,31.51,
2023cb2tur,14 Mayıs 2023 (2. Tur),43,Kütahya,Recep Tayyip Erdoğan,266424,70.59,EVET
2023cb2tur,14 Mayıs 2023 (2. Tur),43,Kütahya,Kemal Kılıçdaroğlu,110993,29.41,
2023cb2tur,14 Mayıs 2023 (2. Tur),32,Isparta,Recep Tayyip Erdoğan,160927,57.67,EVET
2023cb2tur,14 Mayıs 2023 (2. Tur),32,Isparta,Kemal Kılıçdaroğlu,118138,42.33,
2023cb2tur,14 Mayıs 2023 (2. Tur),70,Karaman,Recep Tayyip Erdoğan,105317,65.88,EVET
2023cb2tur,14 Mayıs 2023 (2. Tur),70,Karaman,Kemal Kılıçdaroğlu,54533,34.12,
2023cb2tur,14 Mayıs 2023 (2. Tur),77,Yalova,Recep Tayyip Erdoğan,85212,50.42,EVET
2023cb2tur,14 Mayıs 2023 (2. Tur),77,Yalova,Kemal Kılıçdaroğlu,83799,49.58,
2023cb2tur,14 Mayıs 2023 (2. Tur),67,Zonguldak,Recep Tayyip Erdoğan,211991,54.8,EVET
2023cb2tur,14 Mayıs 2023 (2. Tur),67,Zonguldak,Kemal Kılıçdaroğlu,174859,45.2,
2023cb2tur,14 Mayıs 2023 (2. Tur),38,Kayseri,Recep Tayyip Erdoğan,604784,67.89,EVET
2023cb2tur,14 Mayıs 2023 (2. Tur),38,Kayseri,Kemal Kılıçdaroğlu,285990,32.11,
2023cb2tur,14 Mayıs 2023 (2. Tur),71,Kırıkkale,Recep Tayyip Erdoğan,108346,63.71,EVET
2023cb2tur,14 Mayıs 2023 (2. Tur),71,Kırıkkale,Kemal Kılıçdaroğlu,61710,36.29,
2023cb2tur,14 Mayıs 2023 (2. Tur),52,Ordu,Recep Tayyip Erdoğan,320120,65.21,EVET
2023cb2tur,14 Mayıs 2023 (2. Tur),52,Ordu,Kemal Kılıçdaroğlu,170786,34.79,
2023cb2tur,14 Mayıs 2023 (2. Tur),62,Tunceli,Kemal Kılıçdaroğlu,47112,82.81,EVET
2023cb2tur,14 Mayıs 2023 (2. Tur),62,Tunceli,Recep Tayyip Erdoğan,9778,17.19,
2023cb2tur,14 Mayıs 2023 (2. Tur),73,Şırnak,Kemal Kılıçdaroğlu,193639,76.3,EVET
2023cb2tur,14 Mayıs 2023 (2. Tur),73,Şırnak,Recep Tayyip Erdoğan,60133,23.7,
2023cb2tur,14 Mayıs 2023 (2. Tur),66,Yozgat,Recep Tayyip Erdoğan,190924,76.36,EVET
2023cb2tur,14 Mayıs 2023 (2. Tur),66,Yozgat,Kemal Kılıçdaroğlu,59098,23.64,
2023cb2tur,14 Mayıs 2023 (2. Tur),65,Van,Kemal Kılıçdaroğlu,308421,61.5,EVET
2023cb2tur,14 Mayıs 2023 (2. Tur),65,Van,Recep Tayyip Erdoğan,193036,38.5,
2023cb1tur,14 Mayıs 2023 (1. Tur),1,Adana,Kemal Kılıçdaroğlu,706780,50.89,EVET
2023cb1tur,14 Mayıs 2023 (1. Tur),1,Adana,Recep Tayyip Erdoğan,610132,43.93,
2023cb1tur,14 Mayıs 2023 (1. Tur),1,Adana,Sinan Oğan,66903,4.82,
2023cb1tur,14 Mayıs 2023 (1. Tur),1,Adana,Muharrem İnce,5110,0.37,
2023cb1tur,14 Mayıs 2023 (1. Tur),8,Artvin,Recep Tayyip Erdoğan,54620,47.68,EVET
2023cb1tur,14 Mayıs 2023 (1. Tur),8,Artvin,Kemal Kılıçdaroğlu,53371,46.59,
2023cb1tur,14 Mayıs 2023 (1. Tur),8,Artvin,Sinan Oğan,5958,5.2,
2023cb1tur,14 Mayıs 2023 (1. Tur),8,Artvin,Muharrem İnce,601,0.52,
2023cb1tur,14 Mayıs 2023 (1. Tur),4,Ağrı,Kemal Kılıçdaroğlu,142021,65.8,EVET
2023cb1tur,14 Mayıs 2023 (1. Tur),4,Ağrı,Recep Tayyip Erdoğan,68468,31.72,
2023cb1tur,14 Mayıs 2023 (1. Tur),4,Ağrı,Sinan Oğan,4489,2.08,
2023cb1tur,14 Mayıs 2023 (1. Tur),4,Ağrı,Muharrem İnce,873,0.4,
2023cb1tur,14 Mayıs 2023 (1. Tur),3,Afyonkarahisar,Recep Tayyip Erdoğan,301938,63.86,EVET
2023cb1tur,14 Mayıs 2023 (1. Tur),3,Afyonkarahisar,Kemal Kılıçdaroğlu,136507,28.87,
2023cb1tur,14 Mayıs 2023 (1. Tur),3,Afyonkarahisar,Sinan Oğan,31711,6.71,
2023cb1tur,14 Mayıs 2023 (1. Tur),3,Afyonkarahisar,Muharrem İnce,2645,0.56,
2023cb1tur,14 Mayıs 2023 (1. Tur),2,Adıyaman,Recep Tayyip Erdoğan,211389,66.2,EVET
2023cb1tur,14 Mayıs 2023 (1. Tur),2,Adıyaman,Kemal Kılıçdaroğlu,99771,31.24,
2023cb1tur,14 Mayıs 2023 (1. Tur),2,Adıyaman,Sinan Oğan,6963,2.18,
2023cb1tur,14 Mayıs 2023 (1. Tur),2,Adıyaman,Muharrem İnce,1203,0.38,
2023cb1tur,14 Mayıs 2023 (1. Tur),68,Aksaray,Recep Tayyip Erdoğan,180181,71.53,EVET
2023cb1tur,14 Mayıs 2023 (1. Tur),68,Aksaray,Kemal Kılıçdaroğlu,56425,22.4,
2023cb1tur,14 Mayıs 2023 (1. Tur),68,Aksaray,Sinan Oğan,14208,5.64,
2023cb1tur,14 Mayıs 2023 (1. Tur),68,Aksaray,Muharrem İnce,1077,0.43,
2023cb1tur,14 Mayıs 2023 (1. Tur),5,Amasya,Recep Tayyip Erdoğan,130248,56.25,EVET
2023cb1tur,14 Mayıs 2023 (1. Tur),5,Amasya,Kemal Kılıçdaroğlu,88091,38.04,
2023cb1tur,14 Mayıs 2023 (1. Tur),5,Amasya,Sinan Oğan,12301,5.31,
2023cb1tur,14 Mayıs 2023 (1. Tur),5,Amasya,Muharrem İnce,907,0.39,
2023cb1tur,14 Mayıs 2023 (1. Tur),75,Ardahan,Kemal Kılıçdaroğlu,30619,56.15,EVET
2023cb1tur,14 Mayıs 2023 (1. Tur),75,Ardahan,Recep Tayyip Erdoğan,21355,39.16,
2023cb1tur,14 Mayıs 2023 (1. Tur),75,Ardahan,Sinan Oğan,2293,4.2,
2023cb1tur,14 Mayıs 2023 (1. Tur),75,Ardahan,Muharrem İnce,267,0.49,
2023cb1tur,14 Mayıs 2023 (1. Tur),6,Ankara,Kemal Kılıçdaroğlu,1824023,47.32,EVET
2023cb1tur,14 Mayıs 2023 (1. Tur),6,Ankara,Recep Tayyip Erdoğan,1772846,46.0,
2023cb1tur,14 Mayıs 2023 (1. Tur),6,Ankara,Sinan Oğan,246395,6.39,
2023cb1tur,14 Mayıs 2023 (1. Tur),6,Ankara,Muharrem İnce,11143,0.29,
2023cb1tur,14 Mayıs 2023 (1. Tur),69,Bayburt,Recep Tayyip Erdoğan,38754,78.86,EVET
2023cb1tur,14 Mayıs 2023 (1. Tur),69,Bayburt,Kemal Kılıçdaroğlu,7560,15.38,
2023cb1tur,14 Mayıs 2023 (1. Tur),69,Bayburt,Sinan Oğan,2710,5.51,
2023cb1tur,14 Mayıs 2023 (1. Tur),69,Bayburt,Muharrem İnce,121,0.25,
2023cb1tur,14 Mayıs 2023 (1. Tur),72,Batman,Kemal Kılıçdaroğlu,221356,67.57,EVET
2023cb1tur,14 Mayıs 2023 (1. Tur),72,Batman,Recep Tayyip Erdoğan,101386,30.95,
2023cb1tur,14 Mayıs 2023 (1. Tur),72,Batman,Sinan Oğan,3941,1.2,
2023cb1tur,14 Mayıs 2023 (1. Tur),72,Batman,Muharrem İnce,936,0.29,
2023cb1tur,14 Mayıs 2023 (1. Tur),12,Bingöl,Recep Tayyip Erdoğan,94412,65.08,EVET
2023cb1tur,14 Mayıs 2023 (1. Tur),12,Bingöl,Kemal Kılıçdaroğlu,47195,32.53,
2023cb1tur,14 Mayıs 2023 (1. Tur),12,Bingöl,Sinan Oğan,2898,2.0,
2023cb1tur,14 Mayıs 2023 (1. Tur),12,Bingöl,Muharrem İnce,564,0.39,
2023cb1tur,14 Mayıs 2023 (1. Tur),10,Balıkesir,Kemal Kılıçdaroğlu,431015,48.67,EVET
2023cb1tur,14 Mayıs 2023 (1. Tur),10,Balıkesir,Recep Tayyip Erdoğan,399145,45.07,
2023cb1tur,14 Mayıs 2023 (1. Tur),10,Balıkesir,Sinan Oğan,49463,5.59,
2023cb1tur,14 Mayıs 2023 (1. Tur),10,Balıkesir,Muharrem İnce,5996,0.68,
2023cb1tur,14 Mayıs 2023 (1. Tur),7,Antalya,Kemal Kılıçdaroğlu,890202,53.13,EVET
2023cb1tur,14 Mayıs 2023 (1. Tur),7,Antalya,Recep Tayyip Erdoğan,667720,39.85,
2023cb1tur,14 Mayıs 2023 (1. Tur),7,Antalya,Sinan Oğan,107849,6.44,
2023cb1tur,14 Mayıs 2023 (1. Tur),7,Antalya,Muharrem İnce,9883,0.59,
2023cb1tur,14 Mayıs 2023 (1. Tur),9,Aydın,Kemal Kılıçdaroğlu,432886,56.04,EVET
2023cb1tur,14 Mayıs 2023 (1. Tur),9,Aydın,Recep Tayyip Erdoğan,294124,38.08,
2023cb1tur,14 Mayıs 2023 (1. Tur),9,Aydın,Sinan Oğan,40130,5.2,
2023cb1tur,14 Mayıs 2023 (1. Tur),9,Aydın,Muharrem İnce,5258,0.68,
2023cb1tur,14 Mayıs 2023 (1. Tur),74,Bartın,Recep Tayyip Erdoğan,74428,56.1,EVET
2023cb1tur,14 Mayıs 2023 (1. Tur),74,Bartın,Kemal Kılıçdaroğlu,48409,36.49,
2023cb1tur,14 Mayıs 2023 (1. Tur),74,Bartın,Sinan Oğan,8534,6.43,
2023cb1tur,14 Mayıs 2023 (1. Tur),74,Bartın,Muharrem İnce,1288,0.97,
2023cb1tur,14 Mayıs 2023 (1. Tur),11,Bilecik,Recep Tayyip Erdoğan,75103,49.88,EVET
2023cb1tur,14 Mayıs 2023 (1. Tur),11,Bilecik,Kemal Kılıçdaroğlu,62120,41.26,
2023cb1tur,14 Mayıs 2023 (1. Tur),11,Bilecik,Sinan Oğan,12232,8.12,
2023cb1tur,14 Mayıs 2023 (1. Tur),11,Bilecik,Muharrem İnce,1098,0.73,
2023cb1tur,14 Mayıs 2023 (1. Tur),15,Burdur,Recep Tayyip Erdoğan,93090,51.71,EVET
2023cb1tur,14 Mayıs 2023 (1. Tur),15,Burdur,Kemal Kılıçdaroğlu,73601,40.89,
2023cb1tur,14 Mayıs 2023 (1. Tur),15,Burdur,Sinan Oğan,11832,6.57,
2023cb1tur,14 Mayıs 2023 (1. Tur),15,Burdur,Muharrem İnce,1493,0.83,
2023cb1tur,14 Mayıs 2023 (1. Tur),17,Çanakkale,Kemal Kılıçdaroğlu,214450,54.58,EVET
2023cb1tur,14 Mayıs 2023 (1. Tur),17,Çanakkale,Recep Tayyip Erdoğan,155165,39.49,
2023cb1tur,14 Mayıs 2023 (1. Tur),17,Çanakkale,Sinan Oğan,20511,5.22,
2023cb1tur,14 Mayıs 2023 (1. Tur),17,Çanakkale,Muharrem İnce,2751,0.7,
2023cb1tur,14 Mayıs 2023 (1. Tur),13,Bitlis,Kemal Kılıçdaroğlu,88779,50.91,EVET
2023cb1tur,14 Mayıs 2023 (1. Tur),13,Bitlis,Recep Tayyip Erdoğan,80997,46.45,
2023cb1tur,14 Mayıs 2023 (1. Tur),13,Bitlis,Sinan Oğan,3928,2.25,
2023cb1tur,14 Mayıs 2023 (1. Tur),13,Bitlis,Muharrem İnce,688,0.39,
2023cb1tur,14 Mayıs 2023 (1. Tur),14,Bolu,Recep Tayyip Erdoğan,128951,60.88,EVET
2023cb1tur,14 Mayıs 2023 (1. Tur),14,Bolu,Kemal Kılıçdaroğlu,65720,31.03,
2023cb1tur,14 Mayıs 2023 (1. Tur),14,Bolu,Sinan Oğan,15893,7.5,
2023cb1tur,14 Mayıs 2023 (1. Tur),14,Bolu,Muharrem İnce,1262,0.6,
2023cb1tur,14 Mayıs 2023 (1. Tur),18,Çankırı,Recep Tayyip Erdoğan,88908,72.14,EVET
2023cb1tur,14 Mayıs 2023 (1. Tur),18,Çankırı,Kemal Kılıçdaroğlu,25065,20.34,
2023cb1tur,14 Mayıs 2023 (1. Tur),18,Çankırı,Sinan Oğan,8702,7.06,
2023cb1tur,14 Mayıs 2023 (1. Tur),18,Çankırı,Muharrem İnce,576,0.47,
2023cb1tur,14 Mayıs 2023 (1. Tur),20,Denizli,Kemal Kılıçdaroğlu,344527,48.36,EVET
2023cb1tur,14 Mayıs 2023 (1. Tur),20,Denizli,Recep Tayyip Erdoğan,312634,43.88,
2023cb1tur,14 Mayıs 2023 (1. Tur),20,Denizli,Sinan Oğan,50509,7.09,
2023cb1tur,14 Mayıs 2023 (1. Tur),20,Denizli,Muharrem İnce,4738,0.67,
2023cb1tur,14 Mayıs 2023 (1. Tur),19,Çorum,Recep Tayyip Erdoğan,218807,61.74,EVET
2023cb1tur,14 Mayıs 2023 (1. Tur),19,Çorum,Kemal Kılıçdaroğlu,117373,33.12,
2023cb1tur,14 Mayıs 2023 (1. Tur),19,Çorum,Sinan Oğan,16822,4.75,
2023cb1tur,14 Mayıs 2023 (1. Tur),19,Çorum,Muharrem İnce,1414,0.4,
2023cb1tur,14 Mayıs 2023 (1. Tur),16,Bursa,Recep Tayyip Erdoğan,1089602,51.47,EVET
2023cb1tur,14 Mayıs 2023 (1. Tur),16,Bursa,Kemal Kılıçdaroğlu,859707,40.61,
2023cb1tur,14 Mayıs 2023 (1. Tur),16,Bursa,Sinan Oğan,157814,7.46,
2023cb1tur,14 Mayıs 2023 (1. Tur),16,Bursa,Muharrem İnce,9643,0.46,
2023cb1tur,14 Mayıs 2023 (1. Tur),81,Düzce,Recep Tayyip Erdoğan,182976,68.6,EVET
2023cb1tur,14 Mayıs 2023 (1. Tur),81,Düzce,Kemal Kılıçdaroğlu,66447,24.91,
2023cb1tur,14 Mayıs 2023 (1. Tur),81,Düzce,Sinan Oğan,16274,6.1,
2023cb1tur,14 Mayıs 2023 (1. Tur),81,Düzce,Muharrem İnce,1051,0.39,
2023cb1tur,14 Mayıs 2023 (1. Tur),21,Diyarbakır,Kemal Kılıçdaroğlu,651793,71.96,EVET
2023cb1tur,14 Mayıs 2023 (1. Tur),21,Diyarbakır,Recep Tayyip Erdoğan,239827,26.48,
2023cb1tur,14 Mayıs 2023 (1. Tur),21,Diyarbakır,Sinan Oğan,11387,1.26,
2023cb1tur,14 Mayıs 2023 (1. Tur),21,Diyarbakır,Muharrem İnce,2815,0.31,
2023cb1tur,14 Mayıs 2023 (1. Tur),23,Elazığ,Recep Tayyip Erdoğan,242098,67.18,EVET
2023cb1tur,14 Mayıs 2023 (1. Tur),23,Elazığ,Kemal Kılıçdaroğlu,101764,28.24,
2023cb1tur,14 Mayıs 2023 (1. Tur),23,Elazığ,Sinan Oğan,15531,4.31,
2023cb1tur,14 Mayıs 2023 (1. Tur),23,Elazığ,Muharrem İnce,1003,0.28,
2023cb1tur,14 Mayıs 2023 (1. Tur),30,Hakkari,Kemal Kılıçdaroğlu,109148,72.32,EVET
2023cb1tur,14 Mayıs 2023 (1. Tur),30,Hakkari,Recep Tayyip Erdoğan,37188,24.64,
2023cb1tur,14 Mayıs 2023 (1. Tur),30,Hakkari,Sinan Oğan,4139,2.74,
2023cb1tur,14 Mayıs 2023 (1. Tur),30,Hakkari,Muharrem İnce,458,0.3,
2023cb1tur,14 Mayıs 2023 (1. Tur),31,Hatay,Kemal Kılıçdaroğlu,418709,48.08,EVET
2023cb1tur,14 Mayıs 2023 (1. Tur),31,Hatay,Recep Tayyip Erdoğan,418228,48.03,
2023cb1tur,14 Mayıs 2023 (1. Tur),31,Hatay,Sinan Oğan,31118,3.57,
2023cb1tur,14 Mayıs 2023 (1. Tur),31,Hatay,Muharrem İnce,2747,0.32,
2023cb1tur,14 Mayıs 2023 (1. Tur),22,Edirne,Kemal Kılıçdaroğlu,179873,63.46,EVET
2023cb1tur,14 Mayıs 2023 (1. Tur),22,Edirne,Recep Tayyip Erdoğan,91025,32.11,
2023cb1tur,14 Mayıs 2023 (1. Tur),22,Edirne,Sinan Oğan,10875,3.84,
2023cb1tur,14 Mayıs 2023 (1. Tur),22,Edirne,Muharrem İnce,1673,0.59,
2023cb1tur,14 Mayıs 2023 (1. Tur),29,Gümüşhane,Recep Tayyip Erdoğan,58267,74.42,EVET
2023cb1tur,14 Mayıs 2023 (1. Tur),29,Gümüşhane,Kemal Kılıçdaroğlu,15598,19.92,
2023cb1tur,14 Mayıs 2023 (1. Tur),29,Gümüşhane,Sinan Oğan,4183,5.34,
2023cb1tur,14 Mayıs 2023 (1. Tur),29,Gümüşhane,Muharrem İnce,249,0.32,
2023cb1tur,14 Mayıs 2023 (1. Tur),24,Erzincan,Recep Tayyip Erdoğan,89811,59.3,EVET
2023cb1tur,14 Mayıs 2023 (1. Tur),24,Erzincan,Kemal Kılıçdaroğlu,54049,35.69,
2023cb1tur,14 Mayıs 2023 (1. Tur),24,Erzincan,Sinan Oğan,7307,4.82,
2023cb1tur,14 Mayıs 2023 (1. Tur),24,Erzincan,Muharrem İnce,279,0.18,
2023cb1tur,14 Mayıs 2023 (1. Tur),28,Giresun,Recep Tayyip Erdoğan,183750,61.05,EVET
2023cb1tur,14 Mayıs 2023 (1. Tur),28,Giresun,Kemal Kılıçdaroğlu,99079,32.92,
2023cb1tur,14 Mayıs 2023 (1. Tur),28,Giresun,Sinan Oğan,16506,5.48,
2023cb1tur,14 Mayıs 2023 (1. Tur),28,Giresun,Muharrem İnce,1660,0.55,
2023cb1tur,14 Mayıs 2023 (1. Tur),26,Eskişehir,Kemal Kılıçdaroğlu,310550,50.39,EVET
2023cb1tur,14 Mayıs 2023 (1. Tur),26,Eskişehir,Recep Tayyip Erdoğan,257707,41.81,
2023cb1tur,14 Mayıs 2023 (1. Tur),26,Eskişehir,Sinan Oğan,45076,7.31,
2023cb1tur,14 Mayıs 2023 (1. Tur),26,Eskişehir,Muharrem İnce,2995,0.49,
2023cb1tur,14 Mayıs 2023 (1. Tur),25,Erzurum,Recep Tayyip Erdoğan,295655,68.59,EVET
2023cb1tur,14 Mayıs 2023 (1. Tur),25,Erzurum,Kemal Kılıçdaroğlu,105892,24.56,
2023cb1tur,14 Mayıs 2023 (1. Tur),25,Erzurum,Sinan Oğan,28301,6.57,
2023cb1tur,14 Mayıs 2023 (1. Tur),25,Erzurum,Muharrem İnce,1228,0.28,
2023cb1tur,14 Mayıs 2023 (1. Tur),27,Gaziantep,Recep Tayyip Erdoğan,684050,59.76,EVET
2023cb1tur,14 Mayıs 2023 (1. Tur),27,Gaziantep,Kemal Kılıçdaroğlu,396593,34.65,
2023cb1tur,14 Mayıs 2023 (1. Tur),27,Gaziantep,Sinan Oğan,59247,5.18,
2023cb1tur,14 Mayıs 2023 (1. Tur),27,Gaziantep,Muharrem İnce,4717,0.41,
2023cb1tur,14 Mayıs 2023 (1. Tur),76,Iğdır,Kemal Kılıçdaroğlu,64369,62.49,EVET
2023cb1tur,14 Mayıs 2023 (1. Tur),76,Iğdır,Recep Tayyip Erdoğan,26056,25.29,
2023cb1tur,14 Mayıs 2023 (1. Tur),76,Iğdır,Sinan Oğan,12304,11.94,
2023cb1tur,14 Mayıs 2023 (1. Tur),76,Iğdır,Muharrem İnce,284,0.28,
2023cb1tur,14 Mayıs 2023 (1. Tur),32,Isparta,Recep Tayyip Erdoğan,154331,53.65,EVET
2023cb1tur,14 Mayıs 2023 (1. Tur),32,Isparta,Kemal Kılıçdaroğlu,109962,38.23,
2023cb1tur,14 Mayıs 2023 (1. Tur),32,Isparta,Sinan Oğan,21530,7.48,
2023cb1tur,14 Mayıs 2023 (1. Tur),32,Isparta,Muharrem İnce,1839,0.64,
2023cb1tur,14 Mayıs 2023 (1. Tur),35,İzmir,Kemal Kılıçdaroğlu,1939651,63.31,EVET
2023cb1tur,14 Mayıs 2023 (1. Tur),35,İzmir,Recep Tayyip Erdoğan,964470,31.48,
2023cb1tur,14 Mayıs 2023 (1. Tur),35,İzmir,Sinan Oğan,145808,4.76,
2023cb1tur,14 Mayıs 2023 (1. Tur),35,İzmir,Muharrem İnce,13744,0.45,
2023cb1tur,14 Mayıs 2023 (1. Tur),78,Karabük,Recep Tayyip Erdoğan,94396,59.4,EVET
2023cb1tur,14 Mayıs 2023 (1. Tur),78,Karabük,Kemal Kılıçdaroğlu,50937,32.05,
2023cb1tur,14 Mayıs 2023 (1. Tur),78,Karabük,Sinan Oğan,12564,7.91,
2023cb1tur,14 Mayıs 2023 (1. Tur),78,Karabük,Muharrem İnce,1030,0.65,
2023cb1tur,14 Mayıs 2023 (1. Tur),36,Kars,Kemal Kılıçdaroğlu,78105,54.57,EVET
2023cb1tur,14 Mayıs 2023 (1. Tur),36,Kars,Recep Tayyip Erdoğan,56366,39.39,
2023cb1tur,14 Mayıs 2023 (1. Tur),36,Kars,Sinan Oğan,7956,5.56,
2023cb1tur,14 Mayıs 2023 (1. Tur),36,Kars,Muharrem İnce,688,0.48,
2023cb1tur,14 Mayıs 2023 (1. Tur),46,Kahramanmaraş,Recep Tayyip Erdoğan,453535,71.88,EVET
2023cb1tur,14 Mayıs 2023 (1. Tur),46,Kahramanmaraş,Kemal Kılıçdaroğlu,140066,22.2,
2023cb1tur,14 Mayıs 2023 (1. Tur),46,Kahramanmaraş,Sinan Oğan,34729,5.5,
2023cb1tur,14 Mayıs 2023 (1. Tur),46,Kahramanmaraş,Muharrem İnce,2655,0.42,
2023cb1tur,14 Mayıs 2023 (1. Tur),37,Kastamonu,Recep Tayyip Erdoğan,165570,65.45,EVET
2023cb1tur,14 Mayıs 2023 (1. Tur),37,Kastamonu,Kemal Kılıçdaroğlu,67390,26.64,
2023cb1tur,14 Mayıs 2023 (1. Tur),37,Kastamonu,Sinan Oğan,18090,7.15,
2023cb1tur,14 Mayıs 2023 (1. Tur),37,Kastamonu,Muharrem İnce,1911,0.76,
2023cb1tur,14 Mayıs 2023 (1. Tur),34,İstanbul,Kemal Kılıçdaroğlu,4928772,48.56,EVET
2023cb1tur,14 Mayıs 2023 (1. Tur),34,İstanbul,Recep Tayyip Erdoğan,4738680,46.68,
2023cb1tur,14 Mayıs 2023 (1. Tur),34,İstanbul,Sinan Oğan,457564,4.51,
2023cb1tur,14 Mayıs 2023 (1. Tur),34,İstanbul,Muharrem İnce,25699,0.25,
2023cb1tur,14 Mayıs 2023 (1. Tur),70,Karaman,Recep Tayyip Erdoğan,100850,61.28,EVET
2023cb1tur,14 Mayıs 2023 (1. Tur),70,Karaman,Kemal Kılıçdaroğlu,49647,30.17,
2023cb1tur,14 Mayıs 2023 (1. Tur),70,Karaman,Sinan Oğan,13026,7.91,
2023cb1tur,14 Mayıs 2023 (1. Tur),70,Karaman,Muharrem İnce,1053,0.64,
2023cb1tur,14 Mayıs 2023 (1. Tur),38,Kayseri,Recep Tayyip Erdoğan,582088,63.33,EVET
2023cb1tur,14 Mayıs 2023 (1. Tur),38,Kayseri,Kemal Kılıçdaroğlu,252613,27.48,
2023cb1tur,14 Mayıs 2023 (1. Tur),38,Kayseri,Sinan Oğan,81125,8.83,
2023cb1tur,14 Mayıs 2023 (1. Tur),38,Kayseri,Muharrem İnce,3294,0.36,
2023cb1tur,14 Mayıs 2023 (1. Tur),40,Kırşehir,Recep Tayyip Erdoğan,80871,54.11,EVET
2023cb1tur,14 Mayıs 2023 (1. Tur),40,Kırşehir,Kemal Kılıçdaroğlu,57984,38.8,
2023cb1tur,14 Mayıs 2023 (1. Tur),40,Kırşehir,Sinan Oğan,10003,6.69,
2023cb1tur,14 Mayıs 2023 (1. Tur),40,Kırşehir,Muharrem İnce,589,0.39,
2023cb1tur,14 Mayıs 2023 (1. Tur),79,Kilis,Recep Tayyip Erdoğan,55451,65.55,EVET
2023cb1tur,14 Mayıs 2023 (1. Tur),79,Kilis,Kemal Kılıçdaroğlu,22853,27.02,
2023cb1tur,14 Mayıs 2023 (1. Tur),79,Kilis,Sinan Oğan,5763,6.81,
2023cb1tur,14 Mayıs 2023 (1. Tur),79,Kilis,Muharrem İnce,526,0.62,
2023cb1tur,14 Mayıs 2023 (1. Tur),43,Kütahya,Recep Tayyip Erdoğan,256211,66.31,EVET
2023cb1tur,14 Mayıs 2023 (1. Tur),43,Kütahya,Kemal Kılıçdaroğlu,101909,26.38,
2023cb1tur,14 Mayıs 2023 (1. Tur),43,Kütahya,Sinan Oğan,25754,6.67,
2023cb1tur,14 Mayıs 2023 (1. Tur),43,Kütahya,Muharrem İnce,2490,0.64,
2023cb1tur,14 Mayıs 2023 (1. Tur),42,Konya,Recep Tayyip Erdoğan,983270,68.94,EVET
2023cb1tur,14 Mayıs 2023 (1. Tur),42,Konya,Kemal Kılıçdaroğlu,341123,23.92,
2023cb1tur,14 Mayıs 2023 (1. Tur),42,Konya,Sinan Oğan,96333,6.75,
2023cb1tur,14 Mayıs 2023 (1. Tur),42,Konya,Muharrem İnce,5544,0.39,
2023cb1tur,14 Mayıs 2023 (1. Tur),41,Kocaeli,Recep Tayyip Erdoğan,740508,54.27,EVET
2023cb1tur,14 Mayıs 2023 (1. Tur),41,Kocaeli,Kemal Kılıçdaroğlu,528534,38.73,
2023cb1tur,14 Mayıs 2023 (1. Tur),41,Kocaeli,Sinan Oğan,90407,6.63,
2023cb1tur,14 Mayıs 2023 (1. Tur),41,Kocaeli,Muharrem İnce,5047,0.37,
2023cb1tur,14 Mayıs 2023 (1. Tur),71,Kırıkkale,Recep Tayyip Erdoğan,105648,59.66,EVET
2023cb1tur,14 Mayıs 2023 (1. Tur),71,Kırıkkale,Kemal Kılıçdaroğlu,58598,33.09,
2023cb1tur,14 Mayıs 2023 (1. Tur),71,Kırıkkale,Sinan Oğan,12083,6.82,
2023cb1tur,14 Mayıs 2023 (1. Tur),71,Kırıkkale,Muharrem İnce,754,0.43,
2023cb1tur,14 Mayıs 2023 (1. Tur),39,Kırklareli,Kemal Kılıçdaroğlu,170348,65.02,EVET
2023cb1tur,14 Mayıs 2023 (1. Tur),39,Kırklareli,Recep Tayyip Erdoğan,79824,30.47,
2023cb1tur,14 Mayıs 2023 (1. Tur),39,Kırklareli,Sinan Oğan,10575,4.04,
2023cb1tur,14 Mayıs 2023 (1. Tur),39,Kırklareli,Muharrem İnce,1243,0.47,
2023cb1tur,14 Mayıs 2023 (1. Tur),44,Malatya,Recep Tayyip Erdoğan,296188,69.39,EVET
2023cb1tur,14 Mayıs 2023 (1. Tur),44,Malatya,Kemal Kılıçdaroğlu,115695,27.11,
2023cb1tur,14 Mayıs 2023 (1. Tur),44,Malatya,Sinan Oğan,13906,3.26,
2023cb1tur,14 Mayıs 2023 (1. Tur),44,Malatya,Muharrem İnce,1050,0.25,
2023cb1tur,14 Mayıs 2023 (1. Tur),48,Muğla,Kemal Kılıçdaroğlu,448925,62.9,EVET
2023cb1tur,14 Mayıs 2023 (1. Tur),48,Muğla,Recep Tayyip Erdoğan,225948,31.66,
2023cb1tur,14 Mayıs 2023 (1. Tur),48,Muğla,Sinan Oğan,34037,4.77,
2023cb1tur,14 Mayıs 2023 (1. Tur),48,Muğla,Muharrem İnce,4767,0.67,
2023cb1tur,14 Mayıs 2023 (1. Tur),47,Mardin,Kemal Kılıçdaroğlu,289109,66.11,EVET
2023cb1tur,14 Mayıs 2023 (1. Tur),47,Mardin,Recep Tayyip Erdoğan,141234,32.29,
2023cb1tur,14 Mayıs 2023 (1. Tur),47,Mardin,Sinan Oğan,5959,1.36,
2023cb1tur,14 Mayıs 2023 (1. Tur),47,Mardin,Muharrem İnce,1038,0.24,
2023cb1tur,14 Mayıs 2023 (1. Tur),45,Manisa,Recep Tayyip Erdoğan,468849,47.15,EVET
2023cb1tur,14 Mayıs 2023 (1. Tur),45,Manisa,Kemal Kılıçdaroğlu,458205,46.08,
2023cb1tur,14 Mayıs 2023 (1. Tur),45,Manisa,Sinan Oğan,60884,6.12,
2023cb1tur,14 Mayıs 2023 (1. Tur),45,Manisa,Muharrem İnce,6501,0.65,
2023cb1tur,14 Mayıs 2023 (1. Tur),33,Mersin,Kemal Kılıçdaroğlu,693167,57.18,EVET
2023cb1tur,14 Mayıs 2023 (1. Tur),33,Mersin,Recep Tayyip Erdoğan,455498,37.57,
2023cb1tur,14 Mayıs 2023 (1. Tur),33,Mersin,Sinan Oğan,58662,4.84,
2023cb1tur,14 Mayıs 2023 (1. Tur),33,Mersin,Muharrem İnce,4930,0.41,
2023cb1tur,14 Mayıs 2023 (1. Tur),51,Niğde,Recep Tayyip Erdoğan,130421,58.49,EVET
2023cb1tur,14 Mayıs 2023 (1. Tur),51,Niğde,Kemal Kılıçdaroğlu,77875,34.92,
2023cb1tur,14 Mayıs 2023 (1. Tur),51,Niğde,Sinan Oğan,13541,6.07,
2023cb1tur,14 Mayıs 2023 (1. Tur),51,Niğde,Muharrem İnce,1162,0.52,
2023cb1tur,14 Mayıs 2023 (1. Tur),50,Nevşehir,Recep Tayyip Erdoğan,125889,62.88,EVET
2023cb1tur,14 Mayıs 2023 (1. Tur),50,Nevşehir,Kemal Kılıçdaroğlu,61350,30.64,
2023cb1tur,14 Mayıs 2023 (1. Tur),50,Nevşehir,Sinan Oğan,12195,6.09,
2023cb1tur,14 Mayıs 2023 (1. Tur),50,Nevşehir,Muharrem İnce,773,0.39,
2023cb1tur,14 Mayıs 2023 (1. Tur),53,Rize,Recep Tayyip Erdoğan,169230,72.79,EVET
2023cb1tur,14 Mayıs 2023 (1. Tur),53,Rize,Kemal Kılıçdaroğlu,51211,22.03,
2023cb1tur,14 Mayıs 2023 (1. Tur),53,Rize,Sinan Oğan,11234,4.83,
2023cb1tur,14 Mayıs 2023 (1. Tur),53,Rize,Muharrem İnce,803,0.35,
2023cb1tur,14 Mayıs 2023 (1. Tur),54,Sakarya,Recep Tayyip Erdoğan,457175,64.75,EVET
2023cb1tur,14 Mayıs 2023 (1. Tur),54,Sakarya,Kemal Kılıçdaroğlu,196777,27.87,
2023cb1tur,14 Mayıs 2023 (1. Tur),54,Sakarya,Sinan Oğan,49076,6.95,
2023cb1tur,14 Mayıs 2023 (1. Tur),54,Sakarya,Muharrem İnce,3069,0.43,
2023cb1tur,14 Mayıs 2023 (1. Tur),49,Muş,Kemal Kılıçdaroğlu,108519,58.88,EVET
2023cb1tur,14 Mayıs 2023 (1. Tur),49,Muş,Recep Tayyip Erdoğan,72102,39.12,
2023cb1tur,14 Mayıs 2023 (1. Tur),49,Muş,Sinan Oğan,3120,1.69,
2023cb1tur,14 Mayıs 2023 (1. Tur),49,Muş,Muharrem İnce,557,0.3,
2023cb1tur,14 Mayıs 2023 (1. Tur),80,Osmaniye,Recep Tayyip Erdoğan,206929,62.32,EVET
2023cb1tur,14 Mayıs 2023 (1. Tur),80,Osmaniye,Kemal Kılıçdaroğlu,102070,30.74,
2023cb1tur,14 Mayıs 2023 (1. Tur),80,Osmaniye,Sinan Oğan,21286,6.41,
2023cb1tur,14 Mayıs 2023 (1. Tur),80,Osmaniye,Muharrem İnce,1784,0.54,
2023cb1tur,14 Mayıs 2023 (1. Tur),52,Ordu,Recep Tayyip Erdoğan,312502,62.16,EVET
2023cb1tur,14 Mayıs 2023 (1. Tur),52,Ordu,Kemal Kılıçdaroğlu,163148,32.45,
2023cb1tur,14 Mayıs 2023 (1. Tur),52,Ordu,Sinan Oğan,24164,4.81,
2023cb1tur,14 Mayıs 2023 (1. Tur),52,Ordu,Muharrem İnce,2959,0.59,
2023cb1tur,14 Mayıs 2023 (1. Tur),59,Tekirdağ,Kemal Kılıçdaroğlu,424099,55.44,EVET
2023cb1tur,14 Mayıs 2023 (1. Tur),59,Tekirdağ,Recep Tayyip Erdoğan,298503,39.02,
2023cb1tur,14 Mayıs 2023 (1. Tur),59,Tekirdağ,Sinan Oğan,38539,5.04,
2023cb1tur,14 Mayıs 2023 (1. Tur),59,Tekirdağ,Muharrem İnce,3769,0.49,
2023cb1tur,14 Mayıs 2023 (1. Tur),57,Sinop,Recep Tayyip Erdoğan,85405,58.52,EVET
2023cb1tur,14 Mayıs 2023 (1. Tur),57,Sinop,Kemal Kılıçdaroğlu,51751,35.46,
2023cb1tur,14 Mayıs 2023 (1. Tur),57,Sinop,Sinan Oğan,7650,5.24,
2023cb1tur,14 Mayıs 2023 (1. Tur),57,Sinop,Muharrem İnce,1146,0.79,
2023cb1tur,14 Mayıs 2023 (1. Tur),63,Şanlıurfa,Recep Tayyip Erdoğan,606584,62.0,EVET
2023cb1tur,14 Mayıs 2023 (1. Tur),63,Şanlıurfa,Kemal Kılıçdaroğlu,352939,36.08,
2023cb1tur,14 Mayıs 2023 (1. Tur),63,Şanlıurfa,Sinan Oğan,15576,1.59,
2023cb1tur,14 Mayıs 2023 (1. Tur),63,Şanlıurfa,Muharrem İnce,3197,0.33,
2023cb1tur,14 Mayıs 2023 (1. Tur),55,Samsun,Recep Tayyip Erdoğan,555696,62.02,EVET
2023cb1tur,14 Mayıs 2023 (1. Tur),55,Samsun,Kemal Kılıçdaroğlu,281961,31.47,
2023cb1tur,14 Mayıs 2023 (1. Tur),55,Samsun,Sinan Oğan,54166,6.05,
2023cb1tur,14 Mayıs 2023 (1. Tur),55,Samsun,Muharrem İnce,4215,0.47,
2023cb1tur,14 Mayıs 2023 (1. Tur),56,Siirt,Kemal Kılıçdaroğlu,91352,56.26,EVET
2023cb1tur,14 Mayıs 2023 (1. Tur),56,Siirt,Recep Tayyip Erdoğan,67465,41.55,
2023cb1tur,14 Mayıs 2023 (1. Tur),56,Siirt,Sinan Oğan,2960,1.82,
2023cb1tur,14 Mayıs 2023 (1. Tur),56,Siirt,Muharrem İnce,604,0.37,
2023cb1tur,14 Mayıs 2023 (1. Tur),73,Şırnak,Kemal Kılıçdaroğlu,202543,75.85,EVET
2023cb1tur,14 Mayıs 2023 (1. Tur),73,Şırnak,Recep Tayyip Erdoğan,57228,21.43,
2023cb1tur,14 Mayıs 2023 (1. Tur),73,Şırnak,Sinan Oğan,6509,2.44,
2023cb1tur,14 Mayıs 2023 (1. Tur),73,Şırnak,Muharrem İnce,736,0.28,
2023cb1tur,14 Mayıs 2023 (1. Tur),58,Sivas,Recep Tayyip Erdoğan,280294,69.4,EVET
2023cb1tur,14 Mayıs 2023 (1. Tur),58,Sivas,Kemal Kılıçdaroğlu,97940,24.25,
2023cb1tur,14 Mayıs 2023 (1. Tur),58,Sivas,Sinan Oğan,24659,6.11,
2023cb1tur,14 Mayıs 2023 (1. Tur),58,Sivas,Muharrem İnce,978,0.24,
2023cb1tur,14 Mayıs 2023 (1. Tur),64,Uşak,Recep Tayyip Erdoğan,118509,47.6,EVET
2023cb1tur,14 Mayıs 2023 (1. Tur),64,Uşak,Kemal Kılıçdaroğlu,112365,45.13,
2023cb1tur,14 Mayıs 2023 (1. Tur),64,Uşak,Sinan Oğan,16307,6.55,
2023cb1tur,14 Mayıs 2023 (1. Tur),64,Uşak,Muharrem İnce,1794,0.72,
2023cb1tur,14 Mayıs 2023 (1. Tur),60,Tokat,Recep Tayyip Erdoğan,246880,63.19,EVET
2023cb1tur,14 Mayıs 2023 (1. Tur),60,Tokat,Kemal Kılıçdaroğlu,122560,31.37,
2023cb1tur,14 Mayıs 2023 (1. Tur),60,Tokat,Sinan Oğan,19949,5.11,
2023cb1tur,14 Mayıs 2023 (1. Tur),60,Tokat,Muharrem İnce,1307,0.33,
2023cb1tur,14 Mayıs 2023 (1. Tur),61,Trabzon,Recep Tayyip Erdoğan,349217,65.32,EVET
2023cb1tur,14 Mayıs 2023 (1. Tur),61,Trabzon,Kemal Kılıçdaroğlu,151436,28.33,
2023cb1tur,14 Mayıs 2023 (1. Tur),61,Trabzon,Sinan Oğan,31981,5.98,
2023cb1tur,14 Mayıs 2023 (1. Tur),61,Trabzon,Muharrem İnce,1996,0.37,
2023cb1tur,14 Mayıs 2023 (1. Tur),65,Van,Kemal Kılıçdaroğlu,334192,62.26,EVET
2023cb1tur,14 Mayıs 2023 (1. Tur),65,Van,Recep Tayyip Erdoğan,191106,35.61,
2023cb1tur,14 Mayıs 2023 (1. Tur),65,Van,Sinan Oğan,9554,1.78,
2023cb1tur,14 Mayıs 2023 (1. Tur),65,Van,Muharrem İnce,1887,0.35,
2023cb1tur,14 Mayıs 2023 (1. Tur),77,Yalova,Recep Tayyip Erdoğan,83608,47.74,EVET
2023cb1tur,14 Mayıs 2023 (1. Tur),77,Yalova,Kemal Kılıçdaroğlu,79547,45.42,
2023cb1tur,14 Mayıs 2023 (1. Tur),77,Yalova,Sinan Oğan,10870,6.21,
2023cb1tur,14 Mayıs 2023 (1. Tur),77,Yalova,Muharrem İnce,1113,0.64,
2023cb1tur,14 Mayıs 2023 (1. Tur),66,Yozgat,Recep Tayyip Erdoğan,185629,72.7,EVET
2023cb1tur,14 Mayıs 2023 (1. Tur),66,Yozgat,Kemal Kılıçdaroğlu,54485,21.34,
2023cb1tur,14 Mayıs 2023 (1. Tur),66,Yozgat,Sinan Oğan,14333,5.61,
2023cb1tur,14 Mayıs 2023 (1. Tur),66,Yozgat,Muharrem İnce,903,0.35,
2023cb1tur,14 Mayıs 2023 (1. Tur),67,Zonguldak,Recep Tayyip Erdoğan,205720,51.89,EVET
2023cb1tur,14 Mayıs 2023 (1. Tur),67,Zonguldak,Kemal Kılıçdaroğlu,164898,41.59,
2023cb1tur,14 Mayıs 2023 (1. Tur),67,Zonguldak,Sinan Oğan,22985,5.8,
2023cb1tur,14 Mayıs 2023 (1. Tur),67,Zonguldak,Muharrem İnce,2874,0.72,
2023cb1tur,14 Mayıs 2023 (1. Tur),62,Tunceli,Kemal Kılıçdaroğlu,45457,80.26,EVET
2023cb1tur,14 Mayıs 2023 (1. Tur),62,Tunceli,Recep Tayyip Erdoğan,9178,16.2,
2023cb1tur,14 Mayıs 2023 (1. Tur),62,Tunceli,Sinan Oğan,1933,3.41,
2023cb1tur,14 Mayıs 2023 (1. Tur),62,Tunceli,Muharrem İnce,72,0.13,
2018cb,24 Haziran 2018,1,Adana,Recep Tayyip Erdoğan,567605,44.14,EVET
2018cb,24 Haziran 2018,1,Adana,Muharrem İnce,460752,35.83,
2018cb,24 Haziran 2018,1,Adana,Meral Akşener,125894,9.79,
2018cb,24 Haziran 2018,1,Adana,Selahattin Demirtaş,119498,9.29,
2018cb,24 Haziran 2018,1,Adana,Temel Karamollaoğlu,9799,0.76,
2018cb,24 Haziran 2018,1,Adana,Doğu Perinçek,2325,0.18,
2018cb,24 Haziran 2018,2,Adıyaman,Recep Tayyip Erdoğan,226926,67.41,EVET
2018cb,24 Haziran 2018,2,Adıyaman,Muharrem İnce,68852,20.45,
2018cb,24 Haziran 2018,2,Adıyaman,Selahattin Demirtaş,24949,7.41,
2018cb,24 Haziran 2018,2,Adıyaman,Meral Akşener,11492,3.41,
2018cb,24 Haziran 2018,2,Adıyaman,Temel Karamollaoğlu,3906,1.16,
2018cb,24 Haziran 2018,2,Adıyaman,Doğu Perinçek,529,0.16,
2018cb,24 Haziran 2018,7,Antalya,Recep Tayyip Erdoğan,616021,42.82,EVET
2018cb,24 Haziran 2018,7,Antalya,Muharrem İnce,558047,38.79,
2018cb,24 Haziran 2018,7,Antalya,Meral Akşener,193973,13.48,
2018cb,24 Haziran 2018,7,Antalya,Selahattin Demirtaş,58956,4.1,
2018cb,24 Haziran 2018,7,Antalya,Temel Karamollaoğlu,8581,0.6,
2018cb,24 Haziran 2018,7,Antalya,Doğu Perinçek,3018,0.21,
2018cb,24 Haziran 2018,4,Ağrı,Selahattin Demirtaş,137829,61.28,EVET
2018cb,24 Haziran 2018,4,Ağrı,Recep Tayyip Erdoğan,71421,31.75,
2018cb,24 Haziran 2018,4,Ağrı,Muharrem İnce,11296,5.02,
2018cb,24 Haziran 2018,4,Ağrı,Meral Akşener,2571,1.14,
2018cb,24 Haziran 2018,4,Ağrı,Temel Karamollaoğlu,1561,0.69,
2018cb,24 Haziran 2018,4,Ağrı,Doğu Perinçek,253,0.11,
2018cb,24 Haziran 2018,75,Ardahan,Recep Tayyip Erdoğan,24056,42.57,EVET
2018cb,24 Haziran 2018,75,Ardahan,Muharrem İnce,20790,36.79,
2018cb,24 Haziran 2018,75,Ardahan,Selahattin Demirtaş,8834,15.63,
2018cb,24 Haziran 2018,75,Ardahan,Meral Akşener,2298,4.07,
2018cb,24 Haziran 2018,75,Ardahan,Temel Karamollaoğlu,376,0.67,
2018cb,24 Haziran 2018,75,Ardahan,Doğu Perinçek,150,0.27,
2018cb,24 Haziran 2018,5,Amasya,Recep Tayyip Erdoğan,126075,57.46,EVET
2018cb,24 Haziran 2018,5,Amasya,Muharrem İnce,67894,30.94,
2018cb,24 Haziran 2018,5,Amasya,Meral Akşener,22279,10.15,
2018cb,24 Haziran 2018,5,Amasya,Temel Karamollaoğlu,1936,0.88,
2018cb,24 Haziran 2018,5,Amasya,Selahattin Demirtaş,842,0.38,
2018cb,24 Haziran 2018,5,Amasya,Doğu Perinçek,382,0.17,
2018cb,24 Haziran 2018,8,Artvin,Recep Tayyip Erdoğan,53766,48.16,EVET
2018cb,24 Haziran 2018,8,Artvin,Muharrem İnce,46105,41.3,
2018cb,24 Haziran 2018,8,Artvin,Meral Akşener,9539,8.54,
2018cb,24 Haziran 2018,8,Artvin,Temel Karamollaoğlu,1090,0.98,
2018cb,24 Haziran 2018,8,Artvin,Selahattin Demirtaş,840,0.75,
2018cb,24 Haziran 2018,8,Artvin,Doğu Perinçek,304,0.27,
2018cb,24 Haziran 2018,3,Afyonkarahisar,Recep Tayyip Erdoğan,303088,68.04,EVET
2018cb,24 Haziran 2018,3,Afyonkarahisar,Muharrem İnce,84026,18.86,
2018cb,24 Haziran 2018,3,Afyonkarahisar,Meral Akşener,51951,11.66,
2018cb,24 Haziran 2018,3,Afyonkarahisar,Temel Karamollaoğlu,3878,0.87,
2018cb,24 Haziran 2018,3,Afyonkarahisar,Selahattin Demirtaş,1589,0.36,
2018cb,24 Haziran 2018,3,Afyonkarahisar,Doğu Perinçek,929,0.21,
2018cb,24 Haziran 2018,6,Ankara,Recep Tayyip Erdoğan,1767006,51.52,EVET
2018cb,24 Haziran 2018,6,Ankara,Muharrem İnce,1242587,36.23,
2018cb,24 Haziran 2018,6,Ankara,Meral Akşener,310129,9.04,
2018cb,24 Haziran 2018,6,Ankara,Selahattin Demirtaş,70752,2.06,
2018cb,24 Haziran 2018,6,Ankara,Temel Karamollaoğlu,32295,0.94,
2018cb,24 Haziran 2018,6,Ankara,Doğu Perinçek,7108,0.21,
2018cb,24 Haziran 2018,68,Aksaray,Recep Tayyip Erdoğan,171789,76.19,EVET
2018cb,24 Haziran 2018,68,Aksaray,Muharrem İnce,31993,14.19,
2018cb,24 Haziran 2018,68,Aksaray,Meral Akşener,18302,8.12,
2018cb,24 Haziran 2018,68,Aksaray,Temel Karamollaoğlu,1702,0.75,
2018cb,24 Haziran 2018,68,Aksaray,Selahattin Demirtaş,1358,0.6,
2018cb,24 Haziran 2018,68,Aksaray,Doğu Perinçek,319,0.14,
2018cb,24 Haziran 2018,9,Aydın,Muharrem İnce,312871,44.23,EVET
2018cb,24 Haziran 2018,9,Aydın,Recep Tayyip Erdoğan,268628,37.97,
2018cb,24 Haziran 2018,9,Aydın,Meral Akşener,79685,11.26,
2018cb,24 Haziran 2018,9,Aydın,Selahattin Demirtaş,40882,5.78,
2018cb,24 Haziran 2018,9,Aydın,Temel Karamollaoğlu,3138,0.44,
2018cb,24 Haziran 2018,9,Aydın,Doğu Perinçek,2194,0.31,
2018cb,24 Haziran 2018,10,Balıkesir,Recep Tayyip Erdoğan,397404,47.39,EVET
2018cb,24 Haziran 2018,10,Balıkesir,Muharrem İnce,331631,39.55,
2018cb,24 Haziran 2018,10,Balıkesir,Meral Akşener,86912,10.36,
2018cb,24 Haziran 2018,10,Balıkesir,Selahattin Demirtaş,14139,1.69,
2018cb,24 Haziran 2018,10,Balıkesir,Temel Karamollaoğlu,6304,0.75,
2018cb,24 Haziran 2018,10,Balıkesir,Doğu Perinçek,2206,0.26,
2018cb,24 Haziran 2018,74,Bartın,Recep Tayyip Erdoğan,74091,60.51,EVET
2018cb,24 Haziran 2018,74,Bartın,Muharrem İnce,36979,30.2,
2018cb,24 Haziran 2018,74,Bartın,Meral Akşener,8340,6.81,
2018cb,24 Haziran 2018,74,Bartın,Temel Karamollaoğlu,1903,1.55,
2018cb,24 Haziran 2018,74,Bartın,Selahattin Demirtaş,693,0.57,
2018cb,24 Haziran 2018,74,Bartın,Doğu Perinçek,448,0.37,
2018cb,24 Haziran 2018,12,Bingöl,Recep Tayyip Erdoğan,93965,66.69,EVET
2018cb,24 Haziran 2018,12,Bingöl,Selahattin Demirtaş,33066,23.47,
2018cb,24 Haziran 2018,12,Bingöl,Muharrem İnce,9726,6.9,
2018cb,24 Haziran 2018,12,Bingöl,Meral Akşener,2462,1.75,
2018cb,24 Haziran 2018,12,Bingöl,Temel Karamollaoğlu,1473,1.05,
2018cb,24 Haziran 2018,12,Bingöl,Doğu Perinçek,211,0.15,
2018cb,24 Haziran 2018,11,Bilecik,Recep Tayyip Erdoğan,70362,51.43,EVET
2018cb,24 Haziran 2018,11,Bilecik,Muharrem İnce,43909,32.09,
2018cb,24 Haziran 2018,11,Bilecik,Meral Akşener,18024,13.17,
2018cb,24 Haziran 2018,11,Bilecik,Selahattin Demirtaş,2877,2.1,
2018cb,24 Haziran 2018,11,Bilecik,Temel Karamollaoğlu,1315,0.96,
2018cb,24 Haziran 2018,11,Bilecik,Doğu Perinçek,328,0.24,
2018cb,24 Haziran 2018,14,Bolu,Recep Tayyip Erdoğan,128314,65.89,EVET
2018cb,24 Haziran 2018,14,Bolu,Muharrem İnce,45393,23.31,
2018cb,24 Haziran 2018,14,Bolu,Meral Akşener,16616,8.53,
2018cb,24 Haziran 2018,14,Bolu,Temel Karamollaoğlu,2367,1.22,
2018cb,24 Haziran 2018,14,Bolu,Selahattin Demirtaş,1585,0.81,
2018cb,24 Haziran 2018,14,Bolu,Doğu Perinçek,459,0.24,
2018cb,24 Haziran 2018,69,Bayburt,Recep Tayyip Erdoğan,38826,82.1,EVET
2018cb,24 Haziran 2018,69,Bayburt,Muharrem İnce,4166,8.81,
2018cb,24 Haziran 2018,69,Bayburt,Meral Akşener,2892,6.12,
2018cb,24 Haziran 2018,69,Bayburt,Temel Karamollaoğlu,1198,2.53,
2018cb,24 Haziran 2018,69,Bayburt,Selahattin Demirtaş,150,0.32,
2018cb,24 Haziran 2018,69,Bayburt,Doğu Perinçek,61,0.13,
2018cb,24 Haziran 2018,72,Batman,Selahattin Demirtaş,177821,62.59,EVET
2018cb,24 Haziran 2018,72,Batman,Recep Tayyip Erdoğan,89315,31.44,
2018cb,24 Haziran 2018,72,Batman,Muharrem İnce,11747,4.13,
2018cb,24 Haziran 2018,72,Batman,Temel Karamollaoğlu,2894,1.02,
2018cb,24 Haziran 2018,72,Batman,Meral Akşener,2041,0.72,
2018cb,24 Haziran 2018,72,Batman,Doğu Perinçek,284,0.1,
2018cb,24 Haziran 2018,13,Bitlis,Recep Tayyip Erdoğan,80462,50.24,EVET
2018cb,24 Haziran 2018,13,Bitlis,Selahattin Demirtaş,64097,40.02,
2018cb,24 Haziran 2018,13,Bitlis,Muharrem İnce,10056,6.28,
2018cb,24 Haziran 2018,13,Bitlis,Meral Akşener,3676,2.3,
2018cb,24 Haziran 2018,13,Bitlis,Temel Karamollaoğlu,1645,1.03,
2018cb,24 Haziran 2018,13,Bitlis,Doğu Perinçek,224,0.14,
2018cb,24 Haziran 2018,15,Burdur,Recep Tayyip Erdoğan,92177,54.01,EVET
2018cb,24 Haziran 2018,15,Burdur,Muharrem İnce,47812,28.01,
2018cb,24 Haziran 2018,15,Burdur,Meral Akşener,26899,15.76,
2018cb,24 Haziran 2018,15,Burdur,Temel Karamollaoğlu,2071,1.21,
2018cb,24 Haziran 2018,15,Burdur,Selahattin Demirtaş,1176,0.69,
2018cb,24 Haziran 2018,15,Burdur,Doğu Perinçek,547,0.32,
2018cb,24 Haziran 2018,16,Bursa,Recep Tayyip Erdoğan,1050302,55.55,EVET
2018cb,24 Haziran 2018,16,Bursa,Muharrem İnce,595074,31.47,
2018cb,24 Haziran 2018,16,Bursa,Meral Akşener,155568,8.23,
2018cb,24 Haziran 2018,16,Bursa,Selahattin Demirtaş,66025,3.49,
2018cb,24 Haziran 2018,16,Bursa,Temel Karamollaoğlu,19978,1.06,
2018cb,24 Haziran 2018,16,Bursa,Doğu Perinçek,3919,0.21,
2018cb,24 Haziran 2018,81,Düzce,Recep Tayyip Erdoğan,173965,73.01,EVET
2018cb,24 Haziran 2018,81,Düzce,Muharrem İnce,44118,18.52,
2018cb,24 Haziran 2018,81,Düzce,Meral Akşener,14727,6.18,
2018cb,24 Haziran 2018,81,Düzce,Temel Karamollaoğlu,2607,1.09,
2018cb,24 Haziran 2018,81,Düzce,Selahattin Demirtaş,2256,0.95,
2018cb,24 Haziran 2018,81,Düzce,Doğu Perinçek,594,0.25,
2018cb,24 Haziran 2018,19,Çorum,Recep Tayyip Erdoğan,223431,64.57,EVET
2018cb,24 Haziran 2018,19,Çorum,Muharrem İnce,91897,26.56,
2018cb,24 Haziran 2018,19,Çorum,Meral Akşener,25477,7.36,
2018cb,24 Haziran 2018,19,Çorum,Temel Karamollaoğlu,2991,0.86,
2018cb,24 Haziran 2018,19,Çorum,Selahattin Demirtaş,1609,0.46,
2018cb,24 Haziran 2018,19,Çorum,Doğu Perinçek,640,0.18,
2018cb,24 Haziran 2018,22,Edirne,Muharrem İnce,149229,55.64,EVET
2018cb,24 Haziran 2018,22,Edirne,Recep Tayyip Erdoğan,84216,31.4,
2018cb,24 Haziran 2018,22,Edirne,Meral Akşener,27817,10.37,
2018cb,24 Haziran 2018,22,Edirne,Selahattin Demirtaş,4493,1.68,
2018cb,24 Haziran 2018,22,Edirne,Temel Karamollaoğlu,1716,0.64,
2018cb,24 Haziran 2018,22,Edirne,Doğu Perinçek,720,0.27,
2018cb,24 Haziran 2018,20,Denizli,Recep Tayyip Erdoğan,317608,47.82,EVET
2018cb,24 Haziran 2018,20,Denizli,Muharrem İnce,235101,35.4,
2018cb,24 Haziran 2018,20,Denizli,Meral Akşener,91808,13.82,
2018cb,24 Haziran 2018,20,Denizli,Selahattin Demirtaş,14243,2.14,
2018cb,24 Haziran 2018,20,Denizli,Temel Karamollaoğlu,3645,0.55,
2018cb,24 Haziran 2018,20,Denizli,Doğu Perinçek,1731,0.26,
2018cb,24 Haziran 2018,21,Diyarbakır,Selahattin Demirtaş,534414,64.34,EVET
2018cb,24 Haziran 2018,21,Diyarbakır,Recep Tayyip Erdoğan,227478,27.38,
2018cb,24 Haziran 2018,21,Diyarbakır,Muharrem İnce,51311,6.18,
2018cb,24 Haziran 2018,21,Diyarbakır,Meral Akşener,8432,1.02,
2018cb,24 Haziran 2018,21,Diyarbakır,Temel Karamollaoğlu,8030,0.97,
2018cb,24 Haziran 2018,21,Diyarbakır,Doğu Perinçek,1003,0.12,
2018cb,24 Haziran 2018,17,Çanakkale,Muharrem İnce,158944,43.79,EVET
2018cb,24 Haziran 2018,17,Çanakkale,Recep Tayyip Erdoğan,152222,41.93,
2018cb,24 Haziran 2018,17,Çanakkale,Meral Akşener,43208,11.9,
2018cb,24 Haziran 2018,17,Çanakkale,Selahattin Demirtaş,6045,1.67,
2018cb,24 Haziran 2018,17,Çanakkale,Temel Karamollaoğlu,1573,0.43,
2018cb,24 Haziran 2018,17,Çanakkale,Doğu Perinçek,1011,0.28,
2018cb,24 Haziran 2018,18,Çankırı,Recep Tayyip Erdoğan,87457,76.34,EVET
2018cb,24 Haziran 2018,18,Çankırı,Muharrem İnce,14153,12.35,
2018cb,24 Haziran 2018,18,Çankırı,Meral Akşener,11342,9.9,
2018cb,24 Haziran 2018,18,Çankırı,Temel Karamollaoğlu,1132,0.99,
2018cb,24 Haziran 2018,18,Çankırı,Selahattin Demirtaş,274,0.24,
2018cb,24 Haziran 2018,18,Çankırı,Doğu Perinçek,209,0.18,
2018cb,24 Haziran 2018,29,Gümüşhane,Recep Tayyip Erdoğan,60421,77.07,EVET
2018cb,24 Haziran 2018,29,Gümüşhane,Muharrem İnce,10049,12.82,
2018cb,24 Haziran 2018,29,Gümüşhane,Meral Akşener,6291,8.02,
2018cb,24 Haziran 2018,29,Gümüşhane,Temel Karamollaoğlu,1266,1.61,
2018cb,24 Haziran 2018,29,Gümüşhane,Selahattin Demirtaş,259,0.33,
2018cb,24 Haziran 2018,29,Gümüşhane,Doğu Perinçek,109,0.14,
2018cb,24 Haziran 2018,26,Eskişehir,Recep Tayyip Erdoğan,262192,46.48,EVET
2018cb,24 Haziran 2018,26,Eskişehir,Muharrem İnce,231691,41.07,
2018cb,24 Haziran 2018,26,Eskişehir,Meral Akşener,54571,9.67,
2018cb,24 Haziran 2018,26,Eskişehir,Selahattin Demirtaş,9914,1.76,
2018cb,24 Haziran 2018,26,Eskişehir,Temel Karamollaoğlu,4427,0.78,
2018cb,24 Haziran 2018,26,Eskişehir,Doğu Perinçek,1290,0.23,
2018cb,24 Haziran 2018,23,Elazığ,Recep Tayyip Erdoğan,237766,69.98,EVET
2018cb,24 Haziran 2018,23,Elazığ,Muharrem İnce,52963,15.59,
2018cb,24 Haziran 2018,23,Elazığ,Selahattin Demirtaş,21973,6.47,
2018cb,24 Haziran 2018,23,Elazığ,Meral Akşener,21322,6.28,
2018cb,24 Haziran 2018,23,Elazığ,Temel Karamollaoğlu,5337,1.57,
2018cb,24 Haziran 2018,23,Elazığ,Doğu Perinçek,391,0.12,
2018cb,24 Haziran 2018,24,Erzincan,Recep Tayyip Erdoğan,86673,60.6,EVET
2018cb,24 Haziran 2018,24,Erzincan,Muharrem İnce,45006,31.47,
2018cb,24 Haziran 2018,24,Erzincan,Meral Akşener,7913,5.53,
2018cb,24 Haziran 2018,24,Erzincan,Selahattin Demirtaş,1803,1.26,
2018cb,24 Haziran 2018,24,Erzincan,Temel Karamollaoğlu,1415,0.99,
2018cb,24 Haziran 2018,24,Erzincan,Doğu Perinçek,204,0.14,
2018cb,24 Haziran 2018,25,Erzurum,Recep Tayyip Erdoğan,303995,72.33,EVET
2018cb,24 Haziran 2018,25,Erzurum,Muharrem İnce,41516,9.88,
2018cb,24 Haziran 2018,25,Erzurum,Selahattin Demirtaş,40567,9.65,
2018cb,24 Haziran 2018,25,Erzurum,Meral Akşener,27761,6.6,
2018cb,24 Haziran 2018,25,Erzurum,Temel Karamollaoğlu,5971,1.42,
2018cb,24 Haziran 2018,25,Erzurum,Doğu Perinçek,494,0.12,
2018cb,24 Haziran 2018,28,Giresun,Recep Tayyip Erdoğan,181383,64.42,EVET
2018cb,24 Haziran 2018,28,Giresun,Muharrem İnce,72183,25.64,
2018cb,24 Haziran 2018,28,Giresun,Meral Akşener,23729,8.43,
2018cb,24 Haziran 2018,28,Giresun,Temel Karamollaoğlu,2840,1.01,
2018cb,24 Haziran 2018,28,Giresun,Selahattin Demirtaş,760,0.27,
2018cb,24 Haziran 2018,28,Giresun,Doğu Perinçek,654,0.23,
2018cb,24 Haziran 2018,27,Gaziantep,Recep Tayyip Erdoğan,649868,63.93,EVET
2018cb,24 Haziran 2018,27,Gaziantep,Muharrem İnce,221237,21.76,
2018cb,24 Haziran 2018,27,Gaziantep,Selahattin Demirtaş,80303,7.9,
2018cb,24 Haziran 2018,27,Gaziantep,Meral Akşener,54209,5.33,
2018cb,24 Haziran 2018,27,Gaziantep,Temel Karamollaoğlu,8955,0.88,
2018cb,24 Haziran 2018,27,Gaziantep,Doğu Perinçek,1948,0.19,
2018cb,24 Haziran 2018,30,Hakkari,Selahattin Demirtaş,96357,70.82,EVET
2018cb,24 Haziran 2018,30,Hakkari,Recep Tayyip Erdoğan,31010,22.79,
2018cb,24 Haziran 2018,30,Hakkari,Muharrem İnce,6589,4.84,
2018cb,24 Haziran 2018,30,Hakkari,Meral Akşener,1414,1.04,
2018cb,24 Haziran 2018,30,Hakkari,Temel Karamollaoğlu,566,0.42,
2018cb,24 Haziran 2018,30,Hakkari,Doğu Perinçek,124,0.09,
2018cb,24 Haziran 2018,76,Iğdır,Selahattin Demirtaş,40928,45.11,EVET
2018cb,24 Haziran 2018,76,Iğdır,Recep Tayyip Erdoğan,27237,30.02,
2018cb,24 Haziran 2018,76,Iğdır,Muharrem İnce,16182,17.84,
2018cb,24 Haziran 2018,76,Iğdır,Meral Akşener,5839,6.44,
2018cb,24 Haziran 2018,76,Iğdır,Temel Karamollaoğlu,407,0.45,
2018cb,24 Haziran 2018,76,Iğdır,Doğu Perinçek,132,0.15,
2018cb,24 Haziran 2018,31,Hatay,Recep Tayyip Erdoğan,441079,48.54,EVET
2018cb,24 Haziran 2018,31,Hatay,Muharrem İnce,388608,42.76,
2018cb,24 Haziran 2018,31,Hatay,Meral Akşener,51252,5.64,
2018cb,24 Haziran 2018,31,Hatay,Selahattin Demirtaş,21000,2.31,
2018cb,24 Haziran 2018,31,Hatay,Temel Karamollaoğlu,5452,0.6,
2018cb,24 Haziran 2018,31,Hatay,Doğu Perinçek,1349,0.15,
2018cb,24 Haziran 2018,34,İstanbul,Recep Tayyip Erdoğan,4578526,50.0,EVET
2018cb,24 Haziran 2018,34,İstanbul,Muharrem İnce,3378032,36.89,
2018cb,24 Haziran 2018,34,İstanbul,Selahattin Demirtaş,661774,7.23,
2018cb,24 Haziran 2018,34,İstanbul,Meral Akşener,435549,4.76,
2018cb,24 Haziran 2018,34,İstanbul,Temel Karamollaoğlu,86145,0.94,
2018cb,24 Haziran 2018,34,İstanbul,Doğu Perinçek,16863,0.18,
2018cb,24 Haziran 2018,32,Isparta,Recep Tayyip Erdoğan,159072,58.72,EVET
2018cb,24 Haziran 2018,32,Isparta,Muharrem İnce,66053,24.38,
2018cb,24 Haziran 2018,32,Isparta,Meral Akşener,40053,14.79,
2018cb,24 Haziran 2018,32,Isparta,Temel Karamollaoğlu,2968,1.1,
2018cb,24 Haziran 2018,32,Isparta,Selahattin Demirtaş,2053,0.76,
2018cb,24 Haziran 2018,32,Isparta,Doğu Perinçek,693,0.26,
2018cb,24 Haziran 2018,79,Kilis,Recep Tayyip Erdoğan,51365,70.09,EVET
2018cb,24 Haziran 2018,79,Kilis,Muharrem İnce,13920,18.99,
2018cb,24 Haziran 2018,79,Kilis,Meral Akşener,6319,8.62,
2018cb,24 Haziran 2018,79,Kilis,Selahattin Demirtaş,890,1.21,
2018cb,24 Haziran 2018,79,Kilis,Temel Karamollaoğlu,626,0.85,
2018cb,24 Haziran 2018,79,Kilis,Doğu Perinçek,169,0.23,
2018cb,24 Haziran 2018,38,Kayseri,Recep Tayyip Erdoğan,594346,70.31,EVET
2018cb,24 Haziran 2018,38,Kayseri,Muharrem İnce,157336,18.61,
2018cb,24 Haziran 2018,38,Kayseri,Meral Akşener,75921,8.98,
2018cb,24 Haziran 2018,38,Kayseri,Temel Karamollaoğlu,9587,1.13,
2018cb,24 Haziran 2018,38,Kayseri,Selahattin Demirtaş,6875,0.81,
2018cb,24 Haziran 2018,38,Kayseri,Doğu Perinçek,1257,0.15,
2018cb,24 Haziran 2018,46,Kahramanmaraş,Recep Tayyip Erdoğan,479723,74.18,EVET
2018cb,24 Haziran 2018,46,Kahramanmaraş,Muharrem İnce,96601,14.94,
2018cb,24 Haziran 2018,46,Kahramanmaraş,Meral Akşener,54805,8.47,
2018cb,24 Haziran 2018,46,Kahramanmaraş,Selahattin Demirtaş,7634,1.18,
2018cb,24 Haziran 2018,46,Kahramanmaraş,Temel Karamollaoğlu,6990,1.08,
2018cb,24 Haziran 2018,46,Kahramanmaraş,Doğu Perinçek,929,0.14,
2018cb,24 Haziran 2018,35,İzmir,Muharrem İnce,1527271,54.01,EVET
2018cb,24 Haziran 2018,35,İzmir,Recep Tayyip Erdoğan,930925,32.92,
2018cb,24 Haziran 2018,35,İzmir,Meral Akşener,178186,6.3,
2018cb,24 Haziran 2018,35,İzmir,Selahattin Demirtaş,170574,6.03,
2018cb,24 Haziran 2018,35,İzmir,Temel Karamollaoğlu,12987,0.46,
2018cb,24 Haziran 2018,35,İzmir,Doğu Perinçek,8055,0.28,
2018cb,24 Haziran 2018,78,Karabük,Recep Tayyip Erdoğan,97688,65.44,EVET
2018cb,24 Haziran 2018,78,Karabük,Muharrem İnce,34662,23.22,
2018cb,24 Haziran 2018,78,Karabük,Meral Akşener,13836,9.27,
2018cb,24 Haziran 2018,78,Karabük,Temel Karamollaoğlu,1967,1.32,
2018cb,24 Haziran 2018,78,Karabük,Selahattin Demirtaş,688,0.46,
2018cb,24 Haziran 2018,78,Karabük,Doğu Perinçek,432,0.29,
2018cb,24 Haziran 2018,70,Karaman,Recep Tayyip Erdoğan,100977,66.26,EVET
2018cb,24 Haziran 2018,70,Karaman,Muharrem İnce,30114,19.76,
2018cb,24 Haziran 2018,70,Karaman,Meral Akşener,18147,11.91,
2018cb,24 Haziran 2018,70,Karaman,Temel Karamollaoğlu,1891,1.24,
2018cb,24 Haziran 2018,70,Karaman,Selahattin Demirtaş,902,0.59,
2018cb,24 Haziran 2018,70,Karaman,Doğu Perinçek,368,0.24,
2018cb,24 Haziran 2018,36,Kars,Recep Tayyip Erdoğan,63139,44.14,EVET
2018cb,24 Haziran 2018,36,Kars,Selahattin Demirtaş,38910,27.2,
2018cb,24 Haziran 2018,36,Kars,Muharrem İnce,32027,22.39,
2018cb,24 Haziran 2018,36,Kars,Meral Akşener,7979,5.58,
2018cb,24 Haziran 2018,36,Kars,Temel Karamollaoğlu,748,0.52,
2018cb,24 Haziran 2018,36,Kars,Doğu Perinçek,252,0.18,
2018cb,24 Haziran 2018,37,Kastamonu,Recep Tayyip Erdoğan,165469,68.95,EVET
2018cb,24 Haziran 2018,37,Kastamonu,Muharrem İnce,47562,19.82,
2018cb,24 Haziran 2018,37,Kastamonu,Meral Akşener,23614,9.84,
2018cb,24 Haziran 2018,37,Kastamonu,Temel Karamollaoğlu,1815,0.76,
2018cb,24 Haziran 2018,37,Kastamonu,Selahattin Demirtaş,783,0.33,
2018cb,24 Haziran 2018,37,Kastamonu,Doğu Perinçek,734,0.31,
2018cb,24 Haziran 2018,71,Kırıkkale,Recep Tayyip Erdoğan,110063,64.96,EVET
2018cb,24 Haziran 2018,71,Kırıkkale,Muharrem İnce,36789,21.71,
2018cb,24 Haziran 2018,71,Kırıkkale,Meral Akşener,19705,11.63,
2018cb,24 Haziran 2018,71,Kırıkkale,Temel Karamollaoğlu,1821,1.07,
2018cb,24 Haziran 2018,71,Kırıkkale,Selahattin Demirtaş,728,0.43,
2018cb,24 Haziran 2018,71,Kırıkkale,Doğu Perinçek,326,0.19,
2018cb,24 Haziran 2018,40,Kırşehir,Recep Tayyip Erdoğan,77548,55.67,EVET
2018cb,24 Haziran 2018,40,Kırşehir,Muharrem İnce,39413,28.29,
2018cb,24 Haziran 2018,40,Kırşehir,Meral Akşener,17102,12.28,
2018cb,24 Haziran 2018,40,Kırşehir,Selahattin Demirtaş,3831,2.75,
2018cb,24 Haziran 2018,40,Kırşehir,Temel Karamollaoğlu,1151,0.83,
2018cb,24 Haziran 2018,40,Kırşehir,Doğu Perinçek,257,0.18,
2018cb,24 Haziran 2018,42,Konya,Recep Tayyip Erdoğan,971897,74.2,EVET
2018cb,24 Haziran 2018,42,Konya,Muharrem İnce,179206,13.68,
2018cb,24 Haziran 2018,42,Konya,Meral Akşener,107978,8.24,
2018cb,24 Haziran 2018,42,Konya,Selahattin Demirtaş,29736,2.27,
2018cb,24 Haziran 2018,42,Konya,Temel Karamollaoğlu,18942,1.45,
2018cb,24 Haziran 2018,42,Konya,Doğu Perinçek,2018,0.15,
2018cb,24 Haziran 2018,39,Kırklareli,Muharrem İnce,141190,58.44,EVET
2018cb,24 Haziran 2018,39,Kırklareli,Recep Tayyip Erdoğan,72088,29.84,
2018cb,24 Haziran 2018,39,Kırklareli,Meral Akşener,23507,9.73,
2018cb,24 Haziran 2018,39,Kırklareli,Selahattin Demirtaş,3382,1.4,
2018cb,24 Haziran 2018,39,Kırklareli,Temel Karamollaoğlu,823,0.34,
2018cb,24 Haziran 2018,39,Kırklareli,Doğu Perinçek,612,0.25,
2018cb,24 Haziran 2018,41,Kocaeli,Recep Tayyip Erdoğan,690932,58.83,EVET
2018cb,24 Haziran 2018,41,Kocaeli,Muharrem İnce,329669,28.07,
2018cb,24 Haziran 2018,41,Kocaeli,Meral Akşener,84029,7.15,
2018cb,24 Haziran 2018,41,Kocaeli,Selahattin Demirtaş,50808,4.33,
2018cb,24 Haziran 2018,41,Kocaeli,Temel Karamollaoğlu,17137,1.46,
2018cb,24 Haziran 2018,41,Kocaeli,Doğu Perinçek,1894,0.16,
2018cb,24 Haziran 2018,43,Kütahya,Recep Tayyip Erdoğan,268636,71.55,EVET
2018cb,24 Haziran 2018,43,Kütahya,Muharrem İnce,62115,16.54,
2018cb,24 Haziran 2018,43,Kütahya,Meral Akşener,37824,10.07,
2018cb,24 Haziran 2018,43,Kütahya,Temel Karamollaoğlu,4950,1.32,
2018cb,24 Haziran 2018,43,Kütahya,Selahattin Demirtaş,1210,0.32,
2018cb,24 Haziran 2018,43,Kütahya,Doğu Perinçek,742,0.2,
2018cb,24 Haziran 2018,48,Muğla,Muharrem İnce,330712,52.6,EVET
2018cb,24 Haziran 2018,48,Muğla,Recep Tayyip Erdoğan,202037,32.14,
2018cb,24 Haziran 2018,48,Muğla,Meral Akşener,74226,11.81,
2018cb,24 Haziran 2018,48,Muğla,Selahattin Demirtaş,17589,2.8,
2018cb,24 Haziran 2018,48,Muğla,Temel Karamollaoğlu,2088,0.33,
2018cb,24 Haziran 2018,48,Muğla,Doğu Perinçek,2041,0.32,
2018cb,24 Haziran 2018,44,Malatya,Recep Tayyip Erdoğan,330401,69.23,EVET
2018cb,24 Haziran 2018,44,Malatya,Muharrem İnce,109476,22.94,
2018cb,24 Haziran 2018,44,Malatya,Meral Akşener,20858,4.37,
2018cb,24 Haziran 2018,44,Malatya,Selahattin Demirtaş,10504,2.2,
2018cb,24 Haziran 2018,44,Malatya,Temel Karamollaoğlu,5481,1.15,
2018cb,24 Haziran 2018,44,Malatya,Doğu Perinçek,553,0.12,
2018cb,24 Haziran 2018,47,Mardin,Selahattin Demirtaş,227729,58.75,EVET
2018cb,24 Haziran 2018,47,Mardin,Recep Tayyip Erdoğan,133375,34.41,
2018cb,24 Haziran 2018,47,Mardin,Muharrem İnce,20825,5.37,
2018cb,24 Haziran 2018,47,Mardin,Meral Akşener,3106,0.8,
2018cb,24 Haziran 2018,47,Mardin,Temel Karamollaoğlu,2342,0.6,
2018cb,24 Haziran 2018,47,Mardin,Doğu Perinçek,244,0.06,
2018cb,24 Haziran 2018,33,Mersin,Recep Tayyip Erdoğan,417495,37.93,EVET
2018cb,24 Haziran 2018,33,Mersin,Muharrem İnce,412055,37.44,
2018cb,24 Haziran 2018,33,Mersin,Meral Akşener,133268,12.11,
2018cb,24 Haziran 2018,33,Mersin,Selahattin Demirtaş,130648,11.87,
2018cb,24 Haziran 2018,33,Mersin,Temel Karamollaoğlu,5120,0.47,
2018cb,24 Haziran 2018,33,Mersin,Doğu Perinçek,2106,0.19,
2018cb,24 Haziran 2018,45,Manisa,Recep Tayyip Erdoğan,451146,48.61,EVET
2018cb,24 Haziran 2018,45,Manisa,Muharrem İnce,321465,34.64,
2018cb,24 Haziran 2018,45,Manisa,Meral Akşener,102440,11.04,
2018cb,24 Haziran 2018,45,Manisa,Selahattin Demirtaş,45112,4.86,
2018cb,24 Haziran 2018,45,Manisa,Temel Karamollaoğlu,5679,0.61,
2018cb,24 Haziran 2018,45,Manisa,Doğu Perinçek,2232,0.24,
2018cb,24 Haziran 2018,49,Muş,Selahattin Demirtaş,97855,53.27,EVET
2018cb,24 Haziran 2018,49,Muş,Recep Tayyip Erdoğan,70612,38.44,
2018cb,24 Haziran 2018,49,Muş,Muharrem İnce,10939,5.95,
2018cb,24 Haziran 2018,49,Muş,Meral Akşener,2705,1.47,
2018cb,24 Haziran 2018,49,Muş,Temel Karamollaoğlu,1384,0.75,
2018cb,24 Haziran 2018,49,Muş,Doğu Perinçek,210,0.11,
2018cb,24 Haziran 2018,50,Nevşehir,Recep Tayyip Erdoğan,125450,68.07,EVET
2018cb,24 Haziran 2018,50,Nevşehir,Muharrem İnce,40002,21.71,
2018cb,24 Haziran 2018,50,Nevşehir,Meral Akşener,15649,8.49,
2018cb,24 Haziran 2018,50,Nevşehir,Temel Karamollaoğlu,1856,1.01,
2018cb,24 Haziran 2018,50,Nevşehir,Selahattin Demirtaş,954,0.52,
2018cb,24 Haziran 2018,50,Nevşehir,Doğu Perinçek,376,0.2,
2018cb,24 Haziran 2018,53,Rize,Recep Tayyip Erdoğan,167216,76.92,EVET
2018cb,24 Haziran 2018,53,Rize,Muharrem İnce,36171,16.64,
2018cb,24 Haziran 2018,53,Rize,Meral Akşener,10199,4.69,
2018cb,24 Haziran 2018,53,Rize,Temel Karamollaoğlu,2784,1.28,
2018cb,24 Haziran 2018,53,Rize,Selahattin Demirtaş,649,0.3,
2018cb,24 Haziran 2018,53,Rize,Doğu Perinçek,373,0.17,
2018cb,24 Haziran 2018,55,Samsun,Recep Tayyip Erdoğan,549589,66.57,EVET
2018cb,24 Haziran 2018,55,Samsun,Muharrem İnce,190400,23.06,
2018cb,24 Haziran 2018,55,Samsun,Meral Akşener,73231,8.87,
2018cb,24 Haziran 2018,55,Samsun,Temel Karamollaoğlu,8236,1.0,
2018cb,24 Haziran 2018,55,Samsun,Selahattin Demirtaş,2412,0.29,
2018cb,24 Haziran 2018,55,Samsun,Doğu Perinçek,1652,0.2,
2018cb,24 Haziran 2018,54,Sakarya,Recep Tayyip Erdoğan,439586,70.55,EVET
2018cb,24 Haziran 2018,54,Sakarya,Muharrem İnce,120124,19.28,
2018cb,24 Haziran 2018,54,Sakarya,Meral Akşener,44480,7.14,
2018cb,24 Haziran 2018,54,Sakarya,Selahattin Demirtaş,9229,1.48,
2018cb,24 Haziran 2018,54,Sakarya,Temel Karamollaoğlu,8705,1.4,
2018cb,24 Haziran 2018,54,Sakarya,Doğu Perinçek,995,0.16,
2018cb,24 Haziran 2018,51,Niğde,Recep Tayyip Erdoğan,126270,61.61,EVET
2018cb,24 Haziran 2018,51,Niğde,Muharrem İnce,51373,25.06,
2018cb,24 Haziran 2018,51,Niğde,Meral Akşener,23419,11.43,
2018cb,24 Haziran 2018,51,Niğde,Temel Karamollaoğlu,2073,1.01,
2018cb,24 Haziran 2018,51,Niğde,Selahattin Demirtaş,1254,0.61,
2018cb,24 Haziran 2018,51,Niğde,Doğu Perinçek,574,0.28,
2018cb,24 Haziran 2018,80,Osmaniye,Recep Tayyip Erdoğan,188896,62.98,EVET
2018cb,24 Haziran 2018,80,Osmaniye,Muharrem İnce,67034,22.35,
2018cb,24 Haziran 2018,80,Osmaniye,Meral Akşener,34495,11.5,
2018cb,24 Haziran 2018,80,Osmaniye,Selahattin Demirtaş,6550,2.18,
2018cb,24 Haziran 2018,80,Osmaniye,Temel Karamollaoğlu,2333,0.78,
2018cb,24 Haziran 2018,80,Osmaniye,Doğu Perinçek,616,0.21,
2018cb,24 Haziran 2018,52,Ordu,Recep Tayyip Erdoğan,304536,65.13,EVET
2018cb,24 Haziran 2018,52,Ordu,Muharrem İnce,121361,25.96,
2018cb,24 Haziran 2018,52,Ordu,Meral Akşener,35402,7.57,
2018cb,24 Haziran 2018,52,Ordu,Temel Karamollaoğlu,3670,0.78,
2018cb,24 Haziran 2018,52,Ordu,Selahattin Demirtaş,1419,0.3,
2018cb,24 Haziran 2018,52,Ordu,Doğu Perinçek,1183,0.25,
2018cb,24 Haziran 2018,59,Tekirdağ,Muharrem İnce,304474,47.2,EVET
2018cb,24 Haziran 2018,59,Tekirdağ,Recep Tayyip Erdoğan,260045,40.31,
2018cb,24 Haziran 2018,59,Tekirdağ,Meral Akşener,48602,7.53,
2018cb,24 Haziran 2018,59,Tekirdağ,Selahattin Demirtaş,27588,4.28,
2018cb,24 Haziran 2018,59,Tekirdağ,Temel Karamollaoğlu,3021,0.47,
2018cb,24 Haziran 2018,59,Tekirdağ,Doğu Perinçek,1348,0.21,
2018cb,24 Haziran 2018,58,Sivas,Recep Tayyip Erdoğan,284958,72.2,EVET
2018cb,24 Haziran 2018,58,Sivas,Muharrem İnce,78184,19.81,
2018cb,24 Haziran 2018,58,Sivas,Meral Akşener,24215,6.14,
2018cb,24 Haziran 2018,58,Sivas,Temel Karamollaoğlu,5443,1.38,
2018cb,24 Haziran 2018,58,Sivas,Selahattin Demirtaş,1325,0.34,
2018cb,24 Haziran 2018,58,Sivas,Doğu Perinçek,544,0.14,
2018cb,24 Haziran 2018,73,Şırnak,Selahattin Demirtaş,163797,72.06,EVET
2018cb,24 Haziran 2018,73,Şırnak,Recep Tayyip Erdoğan,48199,21.21,
2018cb,24 Haziran 2018,73,Şırnak,Muharrem İnce,11149,4.91,
2018cb,24 Haziran 2018,73,Şırnak,Meral Akşener,3101,1.36,
2018cb,24 Haziran 2018,73,Şırnak,Temel Karamollaoğlu,872,0.38,
2018cb,24 Haziran 2018,73,Şırnak,Doğu Perinçek,175,0.08,
2018cb,24 Haziran 2018,57,Sinop,Recep Tayyip Erdoğan,82374,61.18,EVET
2018cb,24 Haziran 2018,57,Sinop,Muharrem İnce,38423,28.54,
2018cb,24 Haziran 2018,57,Sinop,Meral Akşener,11539,8.57,
2018cb,24 Haziran 2018,57,Sinop,Temel Karamollaoğlu,1125,0.84,
2018cb,24 Haziran 2018,57,Sinop,Selahattin Demirtaş,639,0.47,
2018cb,24 Haziran 2018,57,Sinop,Doğu Perinçek,533,0.4,
2018cb,24 Haziran 2018,56,Siirt,Selahattin Demirtaş,72324,49.23,EVET
2018cb,24 Haziran 2018,56,Siirt,Recep Tayyip Erdoğan,62878,42.8,
2018cb,24 Haziran 2018,56,Siirt,Muharrem İnce,8242,5.61,
2018cb,24 Haziran 2018,56,Siirt,Meral Akşener,2083,1.42,
2018cb,24 Haziran 2018,56,Siirt,Temel Karamollaoğlu,1239,0.84,
2018cb,24 Haziran 2018,56,Siirt,Doğu Perinçek,150,0.1,
2018cb,24 Haziran 2018,63,Şanlıurfa,Recep Tayyip Erdoğan,548005,64.8,EVET
2018cb,24 Haziran 2018,63,Şanlıurfa,Selahattin Demirtaş,208848,24.7,
2018cb,24 Haziran 2018,63,Şanlıurfa,Muharrem İnce,68988,8.16,
2018cb,24 Haziran 2018,63,Şanlıurfa,Meral Akşener,11581,1.37,
2018cb,24 Haziran 2018,63,Şanlıurfa,Temel Karamollaoğlu,7213,0.85,
2018cb,24 Haziran 2018,63,Şanlıurfa,Doğu Perinçek,1014,0.12,
2018cb,24 Haziran 2018,60,Tokat,Recep Tayyip Erdoğan,240436,64.57,EVET
2018cb,24 Haziran 2018,60,Tokat,Muharrem İnce,94319,25.33,
2018cb,24 Haziran 2018,60,Tokat,Meral Akşener,31891,8.56,
2018cb,24 Haziran 2018,60,Tokat,Temel Karamollaoğlu,3836,1.03,
2018cb,24 Haziran 2018,60,Tokat,Selahattin Demirtaş,1274,0.34,
2018cb,24 Haziran 2018,60,Tokat,Doğu Perinçek,628,0.17,
2018cb,24 Haziran 2018,62,Tunceli,Muharrem İnce,31478,58.08,EVET
2018cb,24 Haziran 2018,62,Tunceli,Selahattin Demirtaş,11455,21.14,
2018cb,24 Haziran 2018,62,Tunceli,Recep Tayyip Erdoğan,10117,18.67,
2018cb,24 Haziran 2018,62,Tunceli,Meral Akşener,970,1.79,
2018cb,24 Haziran 2018,62,Tunceli,Temel Karamollaoğlu,95,0.18,
2018cb,24 Haziran 2018,62,Tunceli,Doğu Perinçek,80,0.15,
2018cb,24 Haziran 2018,65,Van,Selahattin Demirtaş,299653,58.38,EVET
2018cb,24 Haziran 2018,65,Van,Recep Tayyip Erdoğan,181858,35.43,
2018cb,24 Haziran 2018,65,Van,Muharrem İnce,23260,4.53,
2018cb,24 Haziran 2018,65,Van,Meral Akşener,4767,0.93,
2018cb,24 Haziran 2018,65,Van,Temel Karamollaoğlu,3177,0.62,
2018cb,24 Haziran 2018,65,Van,Doğu Perinçek,541,0.11,
2018cb,24 Haziran 2018,61,Trabzon,Recep Tayyip Erdoğan,344414,69.36,EVET
2018cb,24 Haziran 2018,61,Trabzon,Muharrem İnce,103622,20.87,
2018cb,24 Haziran 2018,61,Trabzon,Meral Akşener,37790,7.61,
2018cb,24 Haziran 2018,61,Trabzon,Temel Karamollaoğlu,8322,1.68,
2018cb,24 Haziran 2018,61,Trabzon,Selahattin Demirtaş,1465,0.3,
2018cb,24 Haziran 2018,61,Trabzon,Doğu Perinçek,975,0.2,
2018cb,24 Haziran 2018,64,Uşak,Recep Tayyip Erdoğan,121110,51.52,EVET
2018cb,24 Haziran 2018,64,Uşak,Muharrem İnce,82223,34.98,
2018cb,24 Haziran 2018,64,Uşak,Meral Akşener,26025,11.07,
2018cb,24 Haziran 2018,64,Uşak,Selahattin Demirtaş,3029,1.29,
2018cb,24 Haziran 2018,64,Uşak,Temel Karamollaoğlu,2147,0.91,
2018cb,24 Haziran 2018,64,Uşak,Doğu Perinçek,552,0.23,
2018cb,24 Haziran 2018,77,Yalova,Recep Tayyip Erdoğan,76570,50.37,EVET
2018cb,24 Haziran 2018,77,Yalova,Muharrem İnce,59070,38.86,
2018cb,24 Haziran 2018,77,Yalova,Selahattin Demirtaş,7442,4.9,
2018cb,24 Haziran 2018,77,Yalova,Meral Akşener,7269,4.78,
2018cb,24 Haziran 2018,77,Yalova,Temel Karamollaoğlu,1416,0.93,
2018cb,24 Haziran 2018,77,Yalova,Doğu Perinçek,257,0.17,
2018cb,24 Haziran 2018,66,Yozgat,Recep Tayyip Erdoğan,188028,75.49,EVET
2018cb,24 Haziran 2018,66,Yozgat,Muharrem İnce,36701,14.74,
2018cb,24 Haziran 2018,66,Yozgat,Meral Akşener,20743,8.33,
2018cb,24 Haziran 2018,66,Yozgat,Temel Karamollaoğlu,2430,0.98,
2018cb,24 Haziran 2018,66,Yozgat,Selahattin Demirtaş,798,0.32,
2018cb,24 Haziran 2018,66,Yozgat,Doğu Perinçek,365,0.15,
2018cb,24 Haziran 2018,67,Zonguldak,Recep Tayyip Erdoğan,208643,55.18,EVET
2018cb,24 Haziran 2018,67,Zonguldak,Muharrem İnce,135275,35.77,
2018cb,24 Haziran 2018,67,Zonguldak,Meral Akşener,26595,7.03,
2018cb,24 Haziran 2018,67,Zonguldak,Temel Karamollaoğlu,4507,1.19,
2018cb,24 Haziran 2018,67,Zonguldak,Selahattin Demirtaş,1915,0.51,
2018cb,24 Haziran 2018,67,Zonguldak,Doğu Perinçek,1209,0.32,
2014cb,10 Ağustos 2014,1,Adana,Ekmeleddin İhsanoğlu,541567,50.42,EVET
2014cb,10 Ağustos 2014,1,Adana,Recep Tayyip Erdoğan,417892,38.91,
2014cb,10 Ağustos 2014,1,Adana,Selahattin Demirtaş,114530,10.66,
2014cb,10 Ağustos 2014,2,Adıyaman,Recep Tayyip Erdoğan,198325,69.3,EVET
2014cb,10 Ağustos 2014,2,Adıyaman,Ekmeleddin İhsanoğlu,44137,15.42,
2014cb,10 Ağustos 2014,2,Adıyaman,Selahattin Demirtaş,43713,15.27,
2014cb,10 Ağustos 2014,3,Afyonkarahisar,Recep Tayyip Erdoğan,259377,64.24,EVET
2014cb,10 Ağustos 2014,3,Afyonkarahisar,Ekmeleddin İhsanoğlu,138875,34.39,
2014cb,10 Ağustos 2014,3,Afyonkarahisar,Selahattin Demirtaş,5474,1.35,
2014cb,10 Ağustos 2014,4,Ağrı,Selahattin Demirtaş,121674,61.28,EVET
2014cb,10 Ağustos 2014,4,Ağrı,Recep Tayyip Erdoğan,72356,36.44,
2014cb,10 Ağustos 2014,4,Ağrı,Ekmeleddin İhsanoğlu,4512,2.27,
2014cb,10 Ağustos 2014,68,Aksaray,Recep Tayyip Erdoğan,136892,74.0,EVET
2014cb,10 Ağustos 2014,68,Aksaray,Ekmeleddin İhsanoğlu,45392,24.53,
2014cb,10 Ağustos 2014,68,Aksaray,Selahattin Demirtaş,2701,1.46,
2014cb,10 Ağustos 2014,5,Amasya,Recep Tayyip Erdoğan,111044,56.66,EVET
2014cb,10 Ağustos 2014,5,Amasya,Ekmeleddin İhsanoğlu,82646,42.17,
2014cb,10 Ağustos 2014,5,Amasya,Selahattin Demirtaş,2279,1.16,
2014cb,10 Ağustos 2014,6,Ankara,Recep Tayyip Erdoğan,1405856,51.3,EVET
2014cb,10 Ağustos 2014,6,Ankara,Ekmeleddin İhsanoğlu,1239264,45.22,
2014cb,10 Ağustos 2014,6,Ankara,Selahattin Demirtaş,95033,3.46,
2014cb,10 Ağustos 2014,7,Antalya,Ekmeleddin İhsanoğlu,584677,53.07,EVET
2014cb,10 Ağustos 2014,7,Antalya,Recep Tayyip Erdoğan,458542,41.62,
2014cb,10 Ağustos 2014,7,Antalya,Selahattin Demirtaş,58339,5.29,
2014cb,10 Ağustos 2014,75,Ardahan,Recep Tayyip Erdoğan,20567,40.68,EVET
2014cb,10 Ağustos 2014,75,Ardahan,Ekmeleddin İhsanoğlu,18313,36.22,
2014cb,10 Ağustos 2014,75,Ardahan,Selahattin Demirtaş,11671,23.08,
2014cb,10 Ağustos 2014,8,Artvin,Recep Tayyip Erdoğan,50068,52.62,EVET
2014cb,10 Ağustos 2014,8,Artvin,Ekmeleddin İhsanoğlu,42756,44.93,
2014cb,10 Ağustos 2014,8,Artvin,Selahattin Demirtaş,2320,2.43,
2014cb,10 Ağustos 2014,9,Aydın,Ekmeleddin İhsanoğlu,336862,56.28,EVET
2014cb,10 Ağustos 2014,9,Aydın,Recep Tayyip Erdoğan,219952,36.75,
2014cb,10 Ağustos 2014,9,Aydın,Selahattin Demirtaş,41682,6.96,
2014cb,10 Ağustos 2014,10,Balıkesir,Ekmeleddin İhsanoğlu,368822,49.35,EVET
2014cb,10 Ağustos 2014,10,Balıkesir,Recep Tayyip Erdoğan,357170,47.79,
2014cb,10 Ağustos 2014,10,Balıkesir,Selahattin Demirtaş,21273,2.84,
2014cb,10 Ağustos 2014,74,Bartın,Recep Tayyip Erdoğan,63612,57.7,EVET
2014cb,10 Ağustos 2014,74,Bartın,Ekmeleddin İhsanoğlu,44035,39.94,
2014cb,10 Ağustos 2014,74,Bartın,Selahattin Demirtaş,2586,2.34,
2014cb,10 Ağustos 2014,72,Batman,Selahattin Demirtaş,134370,60.0,EVET
2014cb,10 Ağustos 2014,72,Batman,Recep Tayyip Erdoğan,85153,38.02,
2014cb,10 Ağustos 2014,72,Batman,Ekmeleddin İhsanoğlu,4424,1.97,
2014cb,10 Ağustos 2014,69,Bayburt,Recep Tayyip Erdoğan,34117,80.19,EVET
2014cb,10 Ağustos 2014,69,Bayburt,Ekmeleddin İhsanoğlu,8106,19.05,
2014cb,10 Ağustos 2014,69,Bayburt,Selahattin Demirtaş,319,0.74,
2014cb,10 Ağustos 2014,11,Bilecik,Recep Tayyip Erdoğan,62087,50.9,EVET
2014cb,10 Ağustos 2014,11,Bilecik,Ekmeleddin İhsanoğlu,56170,46.05,
2014cb,10 Ağustos 2014,11,Bilecik,Selahattin Demirtaş,3710,3.04,
2014cb,10 Ağustos 2014,12,Bingöl,Recep Tayyip Erdoğan,79538,65.03,EVET
2014cb,10 Ağustos 2014,12,Bingöl,Selahattin Demirtaş,37380,30.56,
2014cb,10 Ağustos 2014,12,Bingöl,Ekmeleddin İhsanoğlu,5388,4.4,
2014cb,10 Ağustos 2014,13,Bitlis,Recep Tayyip Erdoğan,72139,52.05,EVET
2014cb,10 Ağustos 2014,13,Bitlis,Selahattin Demirtaş,60583,43.71,
2014cb,10 Ağustos 2014,13,Bitlis,Ekmeleddin İhsanoğlu,5849,4.22,
2014cb,10 Ağustos 2014,14,Bolu,Recep Tayyip Erdoğan,112055,66.13,EVET
2014cb,10 Ağustos 2014,14,Bolu,Ekmeleddin İhsanoğlu,54659,32.25,
2014cb,10 Ağustos 2014,14,Bolu,Selahattin Demirtaş,2721,1.6,
2014cb,10 Ağustos 2014,15,Burdur,Recep Tayyip Erdoğan,84242,53.99,EVET
2014cb,10 Ağustos 2014,15,Burdur,Ekmeleddin İhsanoğlu,68510,43.91,
2014cb,10 Ağustos 2014,15,Burdur,Selahattin Demirtaş,3257,2.08,
2014cb,10 Ağustos 2014,16,Bursa,Recep Tayyip Erdoğan,848694,54.87,EVET
2014cb,10 Ağustos 2014,16,Bursa,Ekmeleddin İhsanoğlu,633485,40.96,
2014cb,10 Ağustos 2014,16,Bursa,Selahattin Demirtaş,64294,4.15,
2014cb,10 Ağustos 2014,17,Çanakkale,Ekmeleddin İhsanoğlu,176707,55.37,EVET
2014cb,10 Ağustos 2014,17,Çanakkale,Recep Tayyip Erdoğan,133708,41.89,
2014cb,10 Ağustos 2014,17,Çanakkale,Selahattin Demirtaş,8718,2.73,
2014cb,10 Ağustos 2014,18,Çankırı,Recep Tayyip Erdoğan,76299,73.69,EVET
2014cb,10 Ağustos 2014,18,Çankırı,Ekmeleddin İhsanoğlu,26200,25.3,
2014cb,10 Ağustos 2014,18,Çankırı,Selahattin Demirtaş,1040,1.0,
2014cb,10 Ağustos 2014,19,Çorum,Recep Tayyip Erdoğan,202385,63.76,EVET
2014cb,10 Ağustos 2014,19,Çorum,Ekmeleddin İhsanoğlu,110175,34.71,
2014cb,10 Ağustos 2014,19,Çorum,Selahattin Demirtaş,4839,1.52,
2014cb,10 Ağustos 2014,20,Denizli,Ekmeleddin İhsanoğlu,282533,49.62,EVET
2014cb,10 Ağustos 2014,20,Denizli,Recep Tayyip Erdoğan,268116,47.09,
2014cb,10 Ağustos 2014,20,Denizli,Selahattin Demirtaş,18682,3.28,
2014cb,10 Ağustos 2014,21,Diyarbakır,Selahattin Demirtaş,410390,64.17,EVET
2014cb,10 Ağustos 2014,21,Diyarbakır,Recep Tayyip Erdoğan,214115,33.48,
2014cb,10 Ağustos 2014,21,Diyarbakır,Ekmeleddin İhsanoğlu,15015,2.34,
2014cb,10 Ağustos 2014,81,Düzce,Recep Tayyip Erdoğan,147476,73.56,EVET
2014cb,10 Ağustos 2014,81,Düzce,Ekmeleddin İhsanoğlu,49316,24.6,
2014cb,10 Ağustos 2014,81,Düzce,Selahattin Demirtaş,3671,1.83,
2014cb,10 Ağustos 2014,22,Edirne,Ekmeleddin İhsanoğlu,156959,64.95,EVET
2014cb,10 Ağustos 2014,22,Edirne,Recep Tayyip Erdoğan,77768,32.18,
2014cb,10 Ağustos 2014,22,Edirne,Selahattin Demirtaş,6913,2.86,
2014cb,10 Ağustos 2014,23,Elazığ,Recep Tayyip Erdoğan,201342,70.56,EVET
2014cb,10 Ağustos 2014,23,Elazığ,Ekmeleddin İhsanoğlu,52943,18.55,
2014cb,10 Ağustos 2014,23,Elazığ,Selahattin Demirtaş,31057,10.88,
2014cb,10 Ağustos 2014,24,Erzincan,Recep Tayyip Erdoğan,73135,58.74,EVET
2014cb,10 Ağustos 2014,24,Erzincan,Ekmeleddin İhsanoğlu,46309,37.19,
2014cb,10 Ağustos 2014,24,Erzincan,Selahattin Demirtaş,5057,4.06,
2014cb,10 Ağustos 2014,25,Erzurum,Recep Tayyip Erdoğan,251039,68.79,EVET
2014cb,10 Ağustos 2014,25,Erzurum,Ekmeleddin İhsanoğlu,66168,18.13,
2014cb,10 Ağustos 2014,25,Erzurum,Selahattin Demirtaş,47701,13.07,
2014cb,10 Ağustos 2014,26,Eskişehir,Ekmeleddin İhsanoğlu,245486,51.94,EVET
2014cb,10 Ağustos 2014,26,Eskişehir,Recep Tayyip Erdoğan,214636,45.41,
2014cb,10 Ağustos 2014,26,Eskişehir,Selahattin Demirtaş,12460,2.63,
2014cb,10 Ağustos 2014,27,Gaziantep,Recep Tayyip Erdoğan,475535,60.44,EVET
2014cb,10 Ağustos 2014,27,Gaziantep,Ekmeleddin İhsanoğlu,228148,28.99,
2014cb,10 Ağustos 2014,27,Gaziantep,Selahattin Demirtaş,83076,10.55,
2014cb,10 Ağustos 2014,28,Giresun,Recep Tayyip Erdoğan,159171,66.64,EVET
2014cb,10 Ağustos 2014,28,Giresun,Ekmeleddin İhsanoğlu,76300,31.94,
2014cb,10 Ağustos 2014,28,Giresun,Selahattin Demirtaş,3379,1.41,
2014cb,10 Ağustos 2014,29,Gümüşhane,Recep Tayyip Erdoğan,52535,75.05,EVET
2014cb,10 Ağustos 2014,29,Gümüşhane,Ekmeleddin İhsanoğlu,16663,23.8,
2014cb,10 Ağustos 2014,29,Gümüşhane,Selahattin Demirtaş,796,1.13,
2014cb,10 Ağustos 2014,30,Hakkari,Selahattin Demirtaş,102408,81.59,EVET
2014cb,10 Ağustos 2014,30,Hakkari,Recep Tayyip Erdoğan,20519,16.34,
2014cb,10 Ağustos 2014,30,Hakkari,Ekmeleddin İhsanoğlu,2577,2.05,
2014cb,10 Ağustos 2014,31,Hatay,Ekmeleddin İhsanoğlu,410320,52.29,EVET
2014cb,10 Ağustos 2014,31,Hatay,Recep Tayyip Erdoğan,346142,44.11,
2014cb,10 Ağustos 2014,31,Hatay,Selahattin Demirtaş,28237,3.59,
2014cb,10 Ağustos 2014,76,Iğdır,Selahattin Demirtaş,30281,42.93,EVET
2014cb,10 Ağustos 2014,76,Iğdır,Ekmeleddin İhsanoğlu,21280,30.17,
2014cb,10 Ağustos 2014,76,Iğdır,Recep Tayyip Erdoğan,18964,26.88,
2014cb,10 Ağustos 2014,32,Isparta,Recep Tayyip Erdoğan,133555,55.46,EVET
2014cb,10 Ağustos 2014,32,Isparta,Ekmeleddin İhsanoğlu,103202,42.85,
2014cb,10 Ağustos 2014,32,Isparta,Selahattin Demirtaş,4044,1.67,
2014cb,10 Ağustos 2014,34,İstanbul,Recep Tayyip Erdoğan,3568047,49.83,EVET
2014cb,10 Ağustos 2014,34,İstanbul,Ekmeleddin İhsanoğlu,2941207,41.07,
2014cb,10 Ağustos 2014,34,İstanbul,Selahattin Demirtaş,650653,9.08,
2014cb,10 Ağustos 2014,35,İzmir,Ekmeleddin İhsanoğlu,1382712,58.64,EVET
2014cb,10 Ağustos 2014,35,İzmir,Recep Tayyip Erdoğan,786967,33.37,
2014cb,10 Ağustos 2014,35,İzmir,Selahattin Demirtaş,188028,7.97,
2014cb,10 Ağustos 2014,46,Kahramanmaraş,Recep Tayyip Erdoğan,383064,71.48,EVET
2014cb,10 Ağustos 2014,46,Kahramanmaraş,Ekmeleddin İhsanoğlu,129801,24.22,
2014cb,10 Ağustos 2014,46,Kahramanmaraş,Selahattin Demirtaş,23009,4.29,
2014cb,10 Ağustos 2014,78,Karabük,Recep Tayyip Erdoğan,81621,64.57,EVET
2014cb,10 Ağustos 2014,78,Karabük,Ekmeleddin İhsanoğlu,43018,34.03,
2014cb,10 Ağustos 2014,78,Karabük,Selahattin Demirtaş,1760,1.39,
2014cb,10 Ağustos 2014,70,Karaman,Recep Tayyip Erdoğan,88813,66.22,EVET
2014cb,10 Ağustos 2014,70,Karaman,Ekmeleddin İhsanoğlu,43093,32.13,
2014cb,10 Ağustos 2014,70,Karaman,Selahattin Demirtaş,2212,1.64,
2014cb,10 Ağustos 2014,36,Kars,Recep Tayyip Erdoğan,53350,42.51,EVET
2014cb,10 Ağustos 2014,36,Kars,Selahattin Demirtaş,41266,32.88,
2014cb,10 Ağustos 2014,36,Kars,Ekmeleddin İhsanoğlu,30856,24.59,
2014cb,10 Ağustos 2014,37,Kastamonu,Recep Tayyip Erdoğan,142533,65.82,EVET
2014cb,10 Ağustos 2014,37,Kastamonu,Ekmeleddin İhsanoğlu,70957,32.77,
2014cb,10 Ağustos 2014,37,Kastamonu,Selahattin Demirtaş,3035,1.4,
2014cb,10 Ağustos 2014,38,Kayseri,Recep Tayyip Erdoğan,474516,66.12,EVET
2014cb,10 Ağustos 2014,38,Kayseri,Ekmeleddin İhsanoğlu,229790,32.02,
2014cb,10 Ağustos 2014,38,Kayseri,Selahattin Demirtaş,13266,1.84,
2014cb,10 Ağustos 2014,71,Kırıkkale,Recep Tayyip Erdoğan,91931,63.95,EVET
2014cb,10 Ağustos 2014,71,Kırıkkale,Ekmeleddin İhsanoğlu,50023,34.8,
2014cb,10 Ağustos 2014,71,Kırıkkale,Selahattin Demirtaş,1787,1.24,
2014cb,10 Ağustos 2014,39,Kırklareli,Ekmeleddin İhsanoğlu,144558,67.94,EVET
2014cb,10 Ağustos 2014,39,Kırklareli,Recep Tayyip Erdoğan,63328,29.76,
2014cb,10 Ağustos 2014,39,Kırklareli,Selahattin Demirtaş,4861,2.28,
2014cb,10 Ağustos 2014,40,Kırşehir,Recep Tayyip Erdoğan,62988,52.82,EVET
2014cb,10 Ağustos 2014,40,Kırşehir,Ekmeleddin İhsanoğlu,50333,42.2,
2014cb,10 Ağustos 2014,40,Kırşehir,Selahattin Demirtaş,5929,4.97,
2014cb,10 Ağustos 2014,79,Kilis,Recep Tayyip Erdoğan,38391,64.97,EVET
2014cb,10 Ağustos 2014,79,Kilis,Ekmeleddin İhsanoğlu,18456,31.23,
2014cb,10 Ağustos 2014,79,Kilis,Selahattin Demirtaş,2237,3.78,
2014cb,10 Ağustos 2014,41,Kocaeli,Recep Tayyip Erdoğan,521489,58.53,EVET
2014cb,10 Ağustos 2014,41,Kocaeli,Ekmeleddin İhsanoğlu,320516,35.97,
2014cb,10 Ağustos 2014,41,Kocaeli,Selahattin Demirtaş,48893,5.48,
2014cb,10 Ağustos 2014,42,Konya,Recep Tayyip Erdoğan,827025,74.61,EVET
2014cb,10 Ağustos 2014,42,Konya,Ekmeleddin İhsanoğlu,247488,22.32,
2014cb,10 Ağustos 2014,42,Konya,Selahattin Demirtaş,33833,3.05,
2014cb,10 Ağustos 2014,43,Kütahya,Recep Tayyip Erdoğan,238850,69.31,EVET
2014cb,10 Ağustos 2014,43,Kütahya,Ekmeleddin İhsanoğlu,101782,29.53,
2014cb,10 Ağustos 2014,43,Kütahya,Selahattin Demirtaş,3974,1.15,
2014cb,10 Ağustos 2014,44,Malatya,Recep Tayyip Erdoğan,285388,70.26,EVET
2014cb,10 Ağustos 2014,44,Malatya,Ekmeleddin İhsanoğlu,99113,24.4,
2014cb,10 Ağustos 2014,44,Malatya,Selahattin Demirtaş,21633,5.32,
2014cb,10 Ağustos 2014,45,Manisa,Ekmeleddin İhsanoğlu,396939,48.26,EVET
2014cb,10 Ağustos 2014,45,Manisa,Recep Tayyip Erdoğan,379375,46.13,
2014cb,10 Ağustos 2014,45,Manisa,Selahattin Demirtaş,46020,5.59,
2014cb,10 Ağustos 2014,47,Mardin,Selahattin Demirtaş,198542,60.9,EVET
2014cb,10 Ağustos 2014,47,Mardin,Recep Tayyip Erdoğan,119362,36.61,
2014cb,10 Ağustos 2014,47,Mardin,Ekmeleddin İhsanoğlu,8094,2.48,
2014cb,10 Ağustos 2014,33,Mersin,Ekmeleddin İhsanoğlu,496780,54.55,EVET
2014cb,10 Ağustos 2014,33,Mersin,Recep Tayyip Erdoğan,291231,31.98,
2014cb,10 Ağustos 2014,33,Mersin,Selahattin Demirtaş,122561,13.45,
2014cb,10 Ağustos 2014,48,Muğla,Ekmeleddin İhsanoğlu,324827,63.6,EVET
2014cb,10 Ağustos 2014,48,Muğla,Recep Tayyip Erdoğan,164759,32.26,
2014cb,10 Ağustos 2014,48,Muğla,Selahattin Demirtaş,21101,4.13,
2014cb,10 Ağustos 2014,49,Muş,Selahattin Demirtaş,105446,61.24,EVET
2014cb,10 Ağustos 2014,49,Muş,Recep Tayyip Erdoğan,61250,35.57,
2014cb,10 Ağustos 2014,49,Muş,Ekmeleddin İhsanoğlu,5477,3.18,
2014cb,10 Ağustos 2014,50,Nevşehir,Recep Tayyip Erdoğan,104250,64.41,EVET
2014cb,10 Ağustos 2014,50,Nevşehir,Ekmeleddin İhsanoğlu,55319,34.18,
2014cb,10 Ağustos 2014,50,Nevşehir,Selahattin Demirtaş,2267,1.4,
2014cb,10 Ağustos 2014,51,Niğde,Recep Tayyip Erdoğan,102576,58.91,EVET
2014cb,10 Ağustos 2014,51,Niğde,Ekmeleddin İhsanoğlu,69119,39.7,
2014cb,10 Ağustos 2014,51,Niğde,Selahattin Demirtaş,2403,1.38,
2014cb,10 Ağustos 2014,52,Ordu,Recep Tayyip Erdoğan,245857,66.97,EVET
2014cb,10 Ağustos 2014,52,Ordu,Ekmeleddin İhsanoğlu,116033,31.61,
2014cb,10 Ağustos 2014,52,Ordu,Selahattin Demirtaş,5186,1.41,
2014cb,10 Ağustos 2014,80,Osmaniye,Ekmeleddin İhsanoğlu,120697,48.58,EVET
2014cb,10 Ağustos 2014,80,Osmaniye,Recep Tayyip Erdoğan,120659,48.57,
2014cb,10 Ağustos 2014,80,Osmaniye,Selahattin Demirtaş,7052,2.83,
2014cb,10 Ağustos 2014,53,Rize,Recep Tayyip Erdoğan,148641,80.57,EVET
2014cb,10 Ağustos 2014,53,Rize,Ekmeleddin İhsanoğlu,33708,18.27,
2014cb,10 Ağustos 2014,53,Rize,Selahattin Demirtaş,2137,1.15,
2014cb,10 Ağustos 2014,54,Sakarya,Recep Tayyip Erdoğan,349218,69.08,EVET
2014cb,10 Ağustos 2014,54,Sakarya,Ekmeleddin İhsanoğlu,144823,28.64,
2014cb,10 Ağustos 2014,54,Sakarya,Selahattin Demirtaş,11477,2.27,
2014cb,10 Ağustos 2014,55,Samsun,Recep Tayyip Erdoğan,447253,65.87,EVET
2014cb,10 Ağustos 2014,55,Samsun,Ekmeleddin İhsanoğlu,222769,32.8,
2014cb,10 Ağustos 2014,55,Samsun,Selahattin Demirtaş,8954,1.31,
2014cb,10 Ağustos 2014,56,Siirt,Selahattin Demirtaş,65500,54.07,EVET
2014cb,10 Ağustos 2014,56,Siirt,Recep Tayyip Erdoğan,51379,42.41,
2014cb,10 Ağustos 2014,56,Siirt,Ekmeleddin İhsanoğlu,4257,3.51,
2014cb,10 Ağustos 2014,57,Sinop,Recep Tayyip Erdoğan,74181,61.19,EVET
2014cb,10 Ağustos 2014,57,Sinop,Ekmeleddin İhsanoğlu,44840,36.99,
2014cb,10 Ağustos 2014,57,Sinop,Selahattin Demirtaş,2200,1.81,
2014cb,10 Ağustos 2014,58,Sivas,Recep Tayyip Erdoğan,246868,69.98,EVET
2014cb,10 Ağustos 2014,58,Sivas,Ekmeleddin İhsanoğlu,101578,28.79,
2014cb,10 Ağustos 2014,58,Sivas,Selahattin Demirtaş,4297,1.21,
2014cb,10 Ağustos 2014,63,Şanlıurfa,Recep Tayyip Erdoğan,455170,68.6,EVET
2014cb,10 Ağustos 2014,63,Şanlıurfa,Selahattin Demirtaş,174075,26.23,
2014cb,10 Ağustos 2014,63,Şanlıurfa,Ekmeleddin İhsanoğlu,34251,5.16,
2014cb,10 Ağustos 2014,73,Şırnak,Selahattin Demirtaş,158836,83.17,EVET
2014cb,10 Ağustos 2014,73,Şırnak,Recep Tayyip Erdoğan,28243,14.78,
2014cb,10 Ağustos 2014,73,Şırnak,Ekmeleddin İhsanoğlu,3891,2.03,
2014cb,10 Ağustos 2014,59,Tekirdağ,Ekmeleddin İhsanoğlu,291069,57.36,EVET
2014cb,10 Ağustos 2014,59,Tekirdağ,Recep Tayyip Erdoğan,193905,38.21,
2014cb,10 Ağustos 2014,59,Tekirdağ,Selahattin Demirtaş,22390,4.41,
2014cb,10 Ağustos 2014,60,Tokat,Recep Tayyip Erdoğan,206899,62.28,EVET
2014cb,10 Ağustos 2014,60,Tokat,Ekmeleddin İhsanoğlu,121248,36.5,
2014cb,10 Ağustos 2014,60,Tokat,Selahattin Demirtaş,4018,1.2,
2014cb,10 Ağustos 2014,61,Trabzon,Recep Tayyip Erdoğan,274002,70.09,EVET
2014cb,10 Ağustos 2014,61,Trabzon,Ekmeleddin İhsanoğlu,112330,28.73,
2014cb,10 Ağustos 2014,61,Trabzon,Selahattin Demirtaş,4594,1.17,
2014cb,10 Ağustos 2014,62,Tunceli,Selahattin Demirtaş,21746,52.24,EVET
2014cb,10 Ağustos 2014,62,Tunceli,Ekmeleddin İhsanoğlu,13897,33.38,
2014cb,10 Ağustos 2014,62,Tunceli,Recep Tayyip Erdoğan,5979,14.36,
2014cb,10 Ağustos 2014,64,Uşak,Recep Tayyip Erdoğan,106080,50.55,EVET
2014cb,10 Ağustos 2014,64,Uşak,Ekmeleddin İhsanoğlu,98439,46.91,
2014cb,10 Ağustos 2014,64,Uşak,Selahattin Demirtaş,5326,2.53,
2014cb,10 Ağustos 2014,65,Van,Selahattin Demirtaş,223277,54.54,EVET
2014cb,10 Ağustos 2014,65,Van,Recep Tayyip Erdoğan,174369,42.59,
2014cb,10 Ağustos 2014,65,Van,Ekmeleddin İhsanoğlu,11685,2.85,
2014cb,10 Ağustos 2014,77,Yalova,Recep Tayyip Erdoğan,61343,50.2,EVET
2014cb,10 Ağustos 2014,77,Yalova,Ekmeleddin İhsanoğlu,53700,43.94,
2014cb,10 Ağustos 2014,77,Yalova,Selahattin Demirtaş,7144,5.84,
2014cb,10 Ağustos 2014,66,Yozgat,Recep Tayyip Erdoğan,155728,65.83,EVET
2014cb,10 Ağustos 2014,66,Yozgat,Ekmeleddin İhsanoğlu,78565,33.21,
2014cb,10 Ağustos 2014,66,Yozgat,Selahattin Demirtaş,2240,0.94,
2014cb,10 Ağustos 2014,67,Zonguldak,Recep Tayyip Erdoğan,177830,52.96,EVET
2014cb,10 Ağustos 2014,67,Zonguldak,Ekmeleddin İhsanoğlu,151379,45.08,
2014cb,10 Ağustos 2014,67,Zonguldak,Selahattin Demirtaş,6536,1.94,
