il_slug,il_plaka,il_adi,toplam_sandik,acilan_sandik,acilan_sandik_oran,toplam_secmen,kullanilan_oy,gecerli_oy,katilim_orani
ankara,6,Ankara,12.275,12.275,%100,4.416.747,4.040.946,3.972.570,"%91,49"
adana,1,Adana,4.785,4.785,%100,1.662.681,1.462.276,1.425.640,"%87,95"
antalya,7,Antalya,5.592,5.592,%100,1.964.742,1.761.637,1.718.563,"%89,66"
aksaray,68,Aksaray,971,971,%100,303.162,264.258,257.511,"%87,17"
amasya,5,Amasya,971,971,%100,264.769,244.606,238.918,"%92,38"
artvin,8,Artvin,637,637,%100,136.246,121.299,118.006,"%89,03"
afyonkarahisar,3,Afyonkarahisar,1.885,1.885,%100,553.078,500.243,487.416,"%90,45"
agri,4,Ağrı,1.207,1.207,%100,314.136,230.721,219.279,"%73,45"
adiyaman,2,Adıyaman,1.452,1.452,%100,409.425,337.471,325.061,"%82,43"
ardahan,75,Ardahan,339,339,%100,69.952,58.192,55.716,"%83,19"
bingol,12,Bingöl,713,713,%100,198.341,157.067,149.523,"%79,19"
bitlis,13,Bitlis,866,866,%100,225.355,185.306,177.784,"%82,23"
burdur,15,Burdur,717,717,%100,210.323,191.430,184.884,"%91,02"
bolu,14,Bolu,1.010,1.010,%100,243.733,223.456,218.094,"%91,68"
balikesir,10,Balıkesir,3.322,3.322,%100,1.020.964,933.650,912.051,"%91,45"
aydin,9,Aydın,2.720,2.720,%100,902.817,814.157,793.911,"%90,18"
bartin,74,Bartın,576,576,%100,160.350,142.199,135.943,"%88,68"
bayburt,69,Bayburt,291,291,%100,58.475,51.233,50.351,"%87,62"
batman,72,Batman,1.302,1.302,%100,410.443,350.277,335.941,"%85,34"
bilecik,11,Bilecik,671,671,%100,172.280,158.866,155.033,"%92,21"
canakkale,17,Çanakkale,1.592,1.592,%100,449.738,413.294,404.374,"%91,90"
cankiri,18,Çankırı,701,701,%100,145.109,129.397,126.440,"%89,17"
corum,19,Çorum,1.700,1.700,%100,410.798,374.240,365.817,"%91,10"
bursa,16,Bursa,6.870,6.870,%100,2.438.973,2.224.108,2.177.232,"%91,19"
duzce,81,Düzce,985,985,%100,303.481,280.689,274.412,"%92,49"
denizli,20,Denizli,2.461,2.461,%100,819.636,753.258,733.405,"%91,90"
diyarbakir,21,Diyarbakır,3.685,3.685,%100,1.176.611,966.932,926.193,"%82,18"
elazig,23,Elazığ,1.635,1.635,%100,443.187,381.856,368.292,"%86,16"
edirne,22,Edirne,1.024,1.024,%100,330.004,298.969,291.182,"%90,60"
erzincan,24,Erzincan,972,972,%100,175.042,158.891,156.172,"%90,77"
erzurum,25,Erzurum,2.241,2.241,%100,524.628,454.503,443.740,"%86,63"
gaziantep,27,Gaziantep,4.074,4.074,%100,1.399.718,1.204.664,1.171.079,"%86,06"
giresun,28,Giresun,1.345,1.345,%100,359.789,318.944,310.164,"%88,65"
eskisehir,26,Eskişehir,2.196,2.196,%100,710.631,647.459,635.401,"%91,11"
hakkari,30,Hakkari,591,591,%100,191.097,160.501,153.422,"%83,99"
gumushane,29,Gümüşhane,568,568,%100,98.694,82.155,80.258,"%83,24"
hatay,31,Hatay,3.154,3.154,%100,1.092.585,913.508,894.424,"%83,61"
igdir,76,Iğdır,474,474,%100,137.349,109.303,105.020,"%79,58"
isparta,32,Isparta,1.085,1.085,%100,338.238,304.500,295.568,"%90,03"
karabuk,78,Karabük,727,727,%100,187.501,168.587,163.579,"%89,91"
istanbul,34,İstanbul,30.849,30.849,%100,11.714.760,10.638.055,10.422.909,"%90,81"
kahramanmaras,46,Kahramanmaraş,2.405,2.405,%100,774.533,664.618,648.559,"%85,81"
izmir,35,İzmir,9.897,9.897,%100,3.548.830,3.213.292,3.142.588,"%90,55"
karaman,70,Karaman,668,668,%100,193.695,174.333,169.317,"%90,00"
kastamonu,37,Kastamonu,1.655,1.655,%100,304.045,268.770,259.776,"%88,40"
kars,36,Kars,723,723,%100,189.883,152.030,145.904,"%80,07"
kirikkale,71,Kırıkkale,720,720,%100,209.204,186.909,182.610,"%89,34"
kayseri,38,Kayseri,3.175,3.175,%100,1.058.401,965.989,947.203,"%91,27"
kirklareli,39,Kırklareli,919,919,%100,300.748,274.918,269.336,"%91,41"
kilis,79,Kilis,394,394,%100,100.024,89.163,86.899,"%89,14"
kirsehir,40,Kırşehir,686,686,%100,179.332,157.634,153.712,"%87,90"
kocaeli,41,Kocaeli,4.327,4.327,%100,1.561.757,1.433.559,1.405.032,"%91,79"
konya,42,Konya,4.998,4.998,%100,1.679.134,1.502.615,1.464.589,"%89,49"
kutahya,43,Kütahya,1.607,1.607,%100,443.819,409.229,398.819,"%92,21"
malatya,44,Malatya,1.901,1.901,%100,545.628,448.348,439.402,"%82,17"
manisa,45,Manisa,3.578,3.578,%100,1.140.228,1.051.418,1.020.629,"%92,21"
mardin,47,Mardin,1.846,1.846,%100,556.505,463.062,446.712,"%83,21"
mersin,33,Mersin,4.134,4.134,%100,1.422.097,1.276.109,1.247.883,"%89,73"
osmaniye,80,Osmaniye,1.172,1.172,%100,398.060,350.613,343.323,"%88,08"
mugla,48,Muğla,2.439,2.439,%100,830.841,751.752,733.172,"%90,48"
mus,49,Muş,861,861,%100,247.247,195.677,188.411,"%79,14"
nevsehir,50,Nevşehir,749,749,%100,232.360,210.967,206.083,"%90,79"
nigde,51,Niğde,821,821,%100,265.926,235.726,229.922,"%88,64"
ordu,52,Ordu,2.094,2.094,%100,608.062,534.950,517.279,"%87,98"
siirt,56,Siirt,745,745,%100,207.165,173.573,165.511,"%83,78"
sakarya,54,Sakarya,2.447,2.447,%100,808.887,742.855,728.343,"%91,84"
rize,53,Rize,1.005,1.005,%100,273.060,244.119,239.167,"%89,40"
samsun,55,Samsun,3.423,3.423,%100,1.055.329,946.383,921.973,"%89,68"
sanliurfa,63,Şanlıurfa,4.089,4.089,%100,1.253.232,1.031.125,987.785,"%82,28"
sinop,57,Sinop,793,793,%100,176.836,155.840,149.794,"%88,13"
tokat,60,Tokat,1.711,1.711,%100,453.321,412.381,404.052,"%90,97"
tunceli,62,Tunceli,337,337,%100,67.441,59.099,57.873,"%87,63"
sirnak,73,Şırnak,1.025,1.025,%100,333.385,283.397,273.803,"%85,01"
sivas,58,Sivas,2.333,2.333,%100,474.560,424.885,417.769,"%89,53"
trabzon,61,Trabzon,2.158,2.158,%100,630.486,564.005,551.483,"%89,46"
tekirdag,59,Tekirdağ,2.493,2.493,%100,884.528,803.230,784.676,"%90,81"
usak,64,Uşak,928,928,%100,289.279,264.028,256.156,"%91,27"
yozgat,66,Yozgat,1.299,1.299,%100,307.271,267.072,261.823,"%86,92"
van,65,Van,2.301,2.301,%100,724.847,573.603,546.604,"%79,13"
yalova,77,Yalova,589,589,%100,210.867,184.520,180.311,"%87,51"
zonguldak,67,Zonguldak,1.538,1.538,%100,471.348,422.336,405.529,"%89,60"
