il_slug,il_plaka,il_adi,parti,oy,oran,tahmini_vekil
ankara,6,Ankara,AK Parti,1.292.189,32.53,15
ankara,6,Ankara,CHP,1.214.147,30.56,13
ankara,6,Ankara,İYİ Parti,508.592,12.80,5
ankara,6,Ankara,MHP,407.150,10.25,3
ankara,6,Ankara,ZP,132.220,3.33,0
ankara,6,Ankara,YEŞİL SOL,125.024,3.15,0
adana,1,Adana,AK Parti,439.641,30.84,5
adana,1,Adana,CHP,408.171,28.63,5
adana,1,Adana,MHP,157.305,11.03,2
adana,1,Adana,İYİ Parti,153.184,10.74,2
adana,1,Adana,YEŞİL SOL,138.727,9.73,1
adana,1,Adana,TİP,32.763,2.30,0
antalya,7,Antalya,CHP,555.265,32.31,6
antalya,7,Antalya,AK Parti,499.464,29.06,6
antalya,7,Antalya,İYİ Parti,194.340,11.31,2
antalya,7,Antalya,MHP,172.337,10.03,2
antalya,7,Antalya,YEŞİL SOL,84.268,4.90,1
antalya,7,Antalya,TİP,78.251,4.55,0
aksaray,68,Aksaray,AK Parti,113.633,44.13,2
aksaray,68,Aksaray,İYİ Parti,63.588,24.69,1
aksaray,68,Aksaray,MHP,54.103,21.01,1
aksaray,68,Aksaray,YENİDEN REFAH,6.651,2.58,0
aksaray,68,Aksaray,BBP,5.417,2.10,0
aksaray,68,Aksaray,ZP,3.465,1.35,0
amasya,5,Amasya,AK Parti,94.567,39.58,2
amasya,5,Amasya,CHP,70.730,29.60,1
amasya,5,Amasya,MHP,40.034,16.76,0
amasya,5,Amasya,İYİ Parti,17.002,7.12,0
amasya,5,Amasya,YENİDEN REFAH,4.274,1.79,0
amasya,5,Amasya,ZP,3.589,1.50,0
artvin,8,Artvin,AK Parti,43.864,37.17,1
artvin,8,Artvin,CHP,35.256,29.88,1
artvin,8,Artvin,İYİ Parti,15.387,13.04,0
artvin,8,Artvin,MHP,11.401,9.66,0
artvin,8,Artvin,YENİDEN REFAH,2.773,2.35,0
artvin,8,Artvin,TİP,1.831,1.55,0
afyonkarahisar,3,Afyonkarahisar,AK Parti,215.286,44.17,3
afyonkarahisar,3,Afyonkarahisar,CHP,91.585,18.79,1
afyonkarahisar,3,Afyonkarahisar,MHP,78.277,16.06,1
afyonkarahisar,3,Afyonkarahisar,İYİ Parti,60.212,12.35,1
afyonkarahisar,3,Afyonkarahisar,YENİDEN REFAH,14.354,2.94,0
afyonkarahisar,3,Afyonkarahisar,ZP,10.766,2.21,0
agri,4,Ağrı,YEŞİL SOL,119.412,54.46,3
agri,4,Ağrı,AK Parti,55.632,25.37,1
agri,4,Ağrı,CHP,24.473,11.16,0
agri,4,Ağrı,MHP,5.667,2.58,0
agri,4,Ağrı,YENİDEN REFAH,4.321,1.97,0
agri,4,Ağrı,İYİ Parti,3.748,1.71,0
adiyaman,2,Adıyaman,AK Parti,170.104,52.33,4
adiyaman,2,Adıyaman,CHP,60.954,18.75,1
adiyaman,2,Adıyaman,YEŞİL SOL,39.046,12.01,0
adiyaman,2,Adıyaman,YENİDEN REFAH,15.416,4.74,0
adiyaman,2,Adıyaman,BĞMSZ,14.806,4.55,0
adiyaman,2,Adıyaman,MHP,14.134,4.35,0
ardahan,75,Ardahan,AK Parti,19.489,34.98,1
ardahan,75,Ardahan,CHP,16.573,29.75,1
ardahan,75,Ardahan,YEŞİL SOL,11.932,21.42,0
ardahan,75,Ardahan,İYİ Parti,2.716,4.87,0
ardahan,75,Ardahan,MHP,1.813,3.25,0
ardahan,75,Ardahan,ZP,594,1.07,0
bingol,12,Bingöl,AK Parti,58.635,39.21,2
bingol,12,Bingöl,YEŞİL SOL,35.816,23.95,1
bingol,12,Bingöl,MHP,20.341,13.60,0
bingol,12,Bingöl,YENİDEN REFAH,14.904,9.97,0
bingol,12,Bingöl,CHP,8.701,5.82,0
bingol,12,Bingöl,BĞMSZ,4.215,2.82,0
bitlis,13,Bitlis,YEŞİL SOL,71.418,40.17,2
bitlis,13,Bitlis,AK Parti,67.036,37.71,1
bitlis,13,Bitlis,İYİ Parti,23.126,13.01,0
bitlis,13,Bitlis,MHP,6.880,3.87,0
bitlis,13,Bitlis,YENİDEN REFAH,3.738,2.10,0
bitlis,13,Bitlis,MEMLEKET,1.095,0.62,0
burdur,15,Burdur,AK Parti,67.689,36.61,2
burdur,15,Burdur,CHP,57.437,31.07,1
burdur,15,Burdur,MHP,25.933,14.03,0
burdur,15,Burdur,İYİ Parti,21.049,11.38,0
burdur,15,Burdur,ZP,2.657,1.44,0
burdur,15,Burdur,YENİDEN REFAH,2.251,1.22,0
bolu,14,Bolu,AK Parti,80.725,37.01,1
bolu,14,Bolu,MHP,50.726,23.26,1
bolu,14,Bolu,CHP,47.722,21.88,1
bolu,14,Bolu,İYİ Parti,16.195,7.43,0
bolu,14,Bolu,YENİDEN REFAH,7.027,3.22,0
bolu,14,Bolu,ZP,4.155,1.91,0
balikesir,10,Balıkesir,AK Parti,316.245,34.67,4
balikesir,10,Balıkesir,CHP,287.000,31.47,3
balikesir,10,Balıkesir,İYİ Parti,133.176,14.60,1
balikesir,10,Balıkesir,MHP,74.778,8.20,1
balikesir,10,Balıkesir,YEŞİL SOL,20.685,2.27,0
balikesir,10,Balıkesir,YENİDEN REFAH,18.925,2.07,0
aydin,9,Aydın,CHP,282.541,35.59,4
aydin,9,Aydın,AK Parti,227.930,28.71,3
aydin,9,Aydın,İYİ Parti,102.794,12.95,1
aydin,9,Aydın,MHP,68.666,8.65,0
aydin,9,Aydın,YEŞİL SOL,58.147,7.32,0
aydin,9,Aydın,ZP,17.624,2.22,0
bartin,74,Bartın,AK Parti,50.239,36.96,1
bartin,74,Bartın,CHP,42.749,31.45,1
bartin,74,Bartın,MHP,31.933,23.49,0
bartin,74,Bartın,YENİDEN REFAH,2.414,1.78,0
bartin,74,Bartın,ZP,1.975,1.45,0
bartin,74,Bartın,MEMLEKET,1.221,0.90,0
bayburt,69,Bayburt,AK Parti,30.185,59.95,1
bayburt,69,Bayburt,MHP,8.363,16.61,0
bayburt,69,Bayburt,İYİ Parti,8.040,15.97,0
bayburt,69,Bayburt,YENİDEN REFAH,1.483,2.95,0
bayburt,69,Bayburt,ZP,689,1.37,0
bayburt,69,Bayburt,YEŞİL SOL,376,0.75,0
batman,72,Batman,YEŞİL SOL,194.142,57.79,3
batman,72,Batman,AK Parti,98.159,29.22,2
batman,72,Batman,CHP,28.409,8.46,0
batman,72,Batman,MHP,4.954,1.47,0
batman,72,Batman,YENİDEN REFAH,3.611,1.07,0
batman,72,Batman,SOL PARTİ,1.938,0.58,0
bilecik,11,Bilecik,AK Parti,57.696,37.22,1
bilecik,11,Bilecik,CHP,41.403,26.71,1
bilecik,11,Bilecik,İYİ Parti,18.858,12.16,0
bilecik,11,Bilecik,MHP,15.948,10.29,0
bilecik,11,Bilecik,YENİDEN REFAH,5.145,3.32,0
bilecik,11,Bilecik,YEŞİL SOL,4.493,2.90,0
canakkale,17,Çanakkale,CHP,142.544,35.25,2
canakkale,17,Çanakkale,AK Parti,129.671,32.07,1
canakkale,17,Çanakkale,İYİ Parti,65.927,16.30,1
canakkale,17,Çanakkale,MHP,26.775,6.62,0
canakkale,17,Çanakkale,YEŞİL SOL,8.844,2.19,0
canakkale,17,Çanakkale,ZP,8.041,1.99,0
cankiri,18,Çankırı,AK Parti,54.025,42.73,1
cankiri,18,Çankırı,MHP,39.385,31.15,1
cankiri,18,Çankırı,İYİ Parti,22.392,17.71,0
cankiri,18,Çankırı,YENİDEN REFAH,3.802,3.01,0
cankiri,18,Çankırı,ZP,1.947,1.54,0
cankiri,18,Çankırı,BBP,1.286,1.02,0
corum,19,Çorum,AK Parti,147.470,40.31,2
corum,19,Çorum,CHP,112.588,30.78,1
corum,19,Çorum,MHP,73.738,20.16,1
corum,19,Çorum,YENİDEN REFAH,11.972,3.27,0
corum,19,Çorum,ZP,5.556,1.52,0
corum,19,Çorum,BBP,2.840,0.78,0
bursa,16,Bursa,AK Parti,849.249,39.01,10
bursa,16,Bursa,CHP,530.797,24.38,6
bursa,16,Bursa,İYİ Parti,259.157,11.90,2
bursa,16,Bursa,MHP,187.656,8.62,2
bursa,16,Bursa,YEŞİL SOL,97.213,4.46,0
bursa,16,Bursa,ZP,79.057,3.63,0
duzce,81,Düzce,AK Parti,136.052,49.58,2
duzce,81,Düzce,CHP,62.126,22.64,1
duzce,81,Düzce,MHP,44.273,16.13,0
duzce,81,Düzce,YENİDEN REFAH,10.518,3.83,0
duzce,81,Düzce,ZP,5.875,2.14,0
duzce,81,Düzce,YEŞİL SOL,3.460,1.26,0
denizli,20,Denizli,AK Parti,249.271,33.99,3
denizli,20,Denizli,CHP,233.980,31.90,3
denizli,20,Denizli,İYİ Parti,103.118,14.06,1
denizli,20,Denizli,MHP,62.061,8.46,0
denizli,20,Denizli,YEŞİL SOL,19.190,2.62,0
denizli,20,Denizli,ZP,18.747,2.56,0
diyarbakir,21,Diyarbakır,YEŞİL SOL,564.336,60.93,8
diyarbakir,21,Diyarbakır,AK Parti,215.069,23.22,3
diyarbakir,21,Diyarbakır,CHP,76.293,8.24,1
diyarbakir,21,Diyarbakır,İYİ Parti,21.112,2.28,0
diyarbakir,21,Diyarbakır,YENİDEN REFAH,14.399,1.55,0
diyarbakir,21,Diyarbakır,MHP,13.740,1.48,0
elazig,23,Elazığ,AK Parti,148.894,40.43,3
elazig,23,Elazığ,CHP,76.364,20.73,1
elazig,23,Elazığ,BĞMSZ,44.700,12.14,0
elazig,23,Elazığ,MHP,42.287,11.48,1
elazig,23,Elazığ,YEŞİL SOL,26.290,7.14,0
elazig,23,Elazığ,YENİDEN REFAH,13.327,3.62,0
edirne,22,Edirne,CHP,114.660,39.38,2
edirne,22,Edirne,AK Parti,69.381,23.83,1
edirne,22,Edirne,İYİ Parti,59.581,20.46,1
edirne,22,Edirne,MHP,22.513,7.73,0
edirne,22,Edirne,YEŞİL SOL,5.974,2.05,0
edirne,22,Edirne,ZP,4.351,1.49,0
erzincan,24,Erzincan,AK Parti,60.388,38.67,1
erzincan,24,Erzincan,CHP,56.110,35.93,1
erzincan,24,Erzincan,MHP,30.669,19.64,0
erzincan,24,Erzincan,YENİDEN REFAH,2.263,1.45,0
erzincan,24,Erzincan,YEŞİL SOL,2.077,1.33,0
erzincan,24,Erzincan,ZP,1.531,0.98,0
erzurum,25,Erzurum,AK Parti,192.238,43.32,4
erzurum,25,Erzurum,MHP,73.952,16.67,1
erzurum,25,Erzurum,YEŞİL SOL,43.931,9.90,1
erzurum,25,Erzurum,İYİ Parti,42.142,9.50,0
erzurum,25,Erzurum,CHP,31.223,7.04,0
erzurum,25,Erzurum,YENİDEN REFAH,21.824,4.92,0
gaziantep,27,Gaziantep,AK Parti,525.901,44.91,8
gaziantep,27,Gaziantep,CHP,238.356,20.35,3
gaziantep,27,Gaziantep,MHP,113.802,9.72,1
gaziantep,27,Gaziantep,YEŞİL SOL,106.873,9.13,1
gaziantep,27,Gaziantep,İYİ Parti,63.379,5.41,1
gaziantep,27,Gaziantep,YENİDEN REFAH,47.818,4.08,0
giresun,28,Giresun,AK Parti,133.759,43.13,2
giresun,28,Giresun,CHP,64.082,20.66,1
giresun,28,Giresun,MHP,48.431,15.61,1
giresun,28,Giresun,İYİ Parti,39.418,12.71,0
giresun,28,Giresun,YENİDEN REFAH,7.630,2.46,0
giresun,28,Giresun,ZP,4.756,1.53,0
eskisehir,26,Eskişehir,CHP,216.397,34.06,3
eskisehir,26,Eskişehir,AK Parti,210.650,33.15,2
eskisehir,26,Eskişehir,İYİ Parti,87.762,13.81,1
eskisehir,26,Eskişehir,MHP,46.453,7.31,0
eskisehir,26,Eskişehir,ZP,18.832,2.96,0
eskisehir,26,Eskişehir,YEŞİL SOL,14.143,2.23,0
hakkari,30,Hakkari,YEŞİL SOL,95.810,62.45,3
hakkari,30,Hakkari,AK Parti,31.644,20.63,0
hakkari,30,Hakkari,CHP,11.122,7.25,0
hakkari,30,Hakkari,MHP,4.592,2.99,0
hakkari,30,Hakkari,YENİDEN REFAH,3.021,1.97,0
hakkari,30,Hakkari,BĞMSZ,2.890,1.88,0
gumushane,29,Gümüşhane,AK Parti,38.347,47.78,1
gumushane,29,Gümüşhane,MHP,21.222,26.44,1
gumushane,29,Gümüşhane,İYİ Parti,14.697,18.31,0
gumushane,29,Gümüşhane,YENİDEN REFAH,2.154,2.68,0
gumushane,29,Gümüşhane,ZP,893,1.11,0
gumushane,29,Gümüşhane,BBP,666,0.83,0
hatay,31,Hatay,AK Parti,303.292,33.91,4
hatay,31,Hatay,CHP,253.886,28.39,4
hatay,31,Hatay,MHP,109.143,12.20,1
hatay,31,Hatay,TİP,76.580,8.56,1
hatay,31,Hatay,İYİ Parti,71.728,8.02,1
hatay,31,Hatay,YEŞİL SOL,29.075,3.25,0
igdir,76,Iğdır,YEŞİL SOL,45.736,43.55,1
igdir,76,Iğdır,AK Parti,37.022,35.25,1
igdir,76,Iğdır,İYİ Parti,6.914,6.58,0
igdir,76,Iğdır,CHP,6.906,6.58,0
igdir,76,Iğdır,MHP,4.999,4.76,0
igdir,76,Iğdır,SOL PARTİ,584,0.56,0
isparta,32,Isparta,AK Parti,96.636,32.70,2
isparta,32,Isparta,CHP,65.786,22.26,1
isparta,32,Isparta,MHP,60.266,20.39,1
isparta,32,Isparta,İYİ Parti,48.272,16.33,0
isparta,32,Isparta,ZP,5.696,1.93,0
isparta,32,Isparta,YENİDEN REFAH,5.385,1.82,0
karabuk,78,Karabük,AK Parti,61.621,37.67,2
karabuk,78,Karabük,CHP,35.916,21.96,1
karabuk,78,Karabük,MHP,26.092,15.95,0
karabuk,78,Karabük,İYİ Parti,15.782,9.65,0
karabuk,78,Karabük,YENİDEN REFAH,13.421,8.20,0
karabuk,78,Karabük,ZP,3.393,2.07,0
istanbul,34,İstanbul,AK Parti,3.758.031,36.06,40
istanbul,34,İstanbul,CHP,2.952.880,28.33,31
istanbul,34,İstanbul,YEŞİL SOL,853.161,8.19,8
istanbul,34,İstanbul,İYİ Parti,840.891,8.07,8
istanbul,34,İstanbul,MHP,650.886,6.24,5
istanbul,34,İstanbul,TİP,420.740,4.04,3
kahramanmaras,46,Kahramanmaraş,AK Parti,309.478,47.72,5
kahramanmaras,46,Kahramanmaraş,CHP,105.734,16.30,2
kahramanmaras,46,Kahramanmaraş,MHP,104.865,16.17,1
kahramanmaras,46,Kahramanmaraş,İYİ Parti,45.698,7.05,0
kahramanmaras,46,Kahramanmaraş,YENİDEN REFAH,35.127,5.42,0
kahramanmaras,46,Kahramanmaraş,ZP,11.066,1.71,0
izmir,35,İzmir,CHP,1.285.263,40.90,14
izmir,35,İzmir,AK Parti,793.908,25.26,8
izmir,35,İzmir,İYİ Parti,357.814,11.39,3
izmir,35,İzmir,YEŞİL SOL,236.991,7.54,2
izmir,35,İzmir,MHP,168.679,5.37,1
izmir,35,İzmir,TİP,86.729,2.76,0
karaman,70,Karaman,AK Parti,69.380,40.98,2
karaman,70,Karaman,CHP,32.678,19.30,1
karaman,70,Karaman,MHP,30.573,18.06,0
karaman,70,Karaman,İYİ Parti,18.378,10.85,0
karaman,70,Karaman,BBP,4.520,2.67,0
karaman,70,Karaman,YENİDEN REFAH,3.997,2.36,0
kastamonu,37,Kastamonu,AK Parti,118.176,45.49,2
kastamonu,37,Kastamonu,CHP,56.568,21.78,1
kastamonu,37,Kastamonu,MHP,39.037,15.03,0
kastamonu,37,Kastamonu,İYİ Parti,19.786,7.62,0
kastamonu,37,Kastamonu,YENİDEN REFAH,10.497,4.04,0
kastamonu,37,Kastamonu,ZP,4.543,1.75,0
kars,36,Kars,YEŞİL SOL,40.710,27.90,1
kars,36,Kars,AK Parti,37.661,25.81,1
kars,36,Kars,CHP,24.089,16.51,1
kars,36,Kars,İYİ Parti,21.728,14.89,0
kars,36,Kars,MHP,14.211,9.74,0
kars,36,Kars,YENİDEN REFAH,2.853,1.96,0
kirikkale,71,Kırıkkale,AK Parti,65.134,35.67,1
kirikkale,71,Kırıkkale,CHP,48.590,26.61,1
kirikkale,71,Kırıkkale,MHP,38.775,21.23,1
kirikkale,71,Kırıkkale,İYİ Parti,18.449,10.10,0
kirikkale,71,Kırıkkale,YENİDEN REFAH,3.343,1.83,0
kirikkale,71,Kırıkkale,ZP,2.795,1.53,0
kayseri,38,Kayseri,AK Parti,385.747,40.72,5
kayseri,38,Kayseri,MHP,180.088,19.01,2
kayseri,38,Kayseri,CHP,163.381,17.25,2
kayseri,38,Kayseri,İYİ Parti,94.509,9.98,1
kayseri,38,Kayseri,YENİDEN REFAH,33.063,3.49,0
kayseri,38,Kayseri,ZP,30.155,3.18,0
kirklareli,39,Kırklareli,CHP,122.373,45.44,2
kirklareli,39,Kırklareli,AK Parti,68.052,25.27,1
kirklareli,39,Kırklareli,İYİ Parti,40.980,15.22,0
kirklareli,39,Kırklareli,MHP,13.116,4.87,0
kirklareli,39,Kırklareli,YEŞİL SOL,5.327,1.98,0
kirklareli,39,Kırklareli,TİP,4.829,1.79,0
kilis,79,Kilis,AK Parti,34.480,39.68,1
kilis,79,Kilis,MHP,23.253,26.76,1
kilis,79,Kilis,CHP,17.552,20.20,0
kilis,79,Kilis,İYİ Parti,4.995,5.75,0
kilis,79,Kilis,YENİDEN REFAH,2.032,2.34,0
kilis,79,Kilis,ZP,1.633,1.88,0
kirsehir,40,Kırşehir,AK Parti,59.698,38.84,1
kirsehir,40,Kırşehir,CHP,44.881,29.20,1
kirsehir,40,Kırşehir,MHP,22.830,14.85,0
kirsehir,40,Kırşehir,İYİ Parti,11.077,7.21,0
kirsehir,40,Kırşehir,YEŞİL SOL,4.195,2.73,0
kirsehir,40,Kırşehir,ZP,2.964,1.93,0
kocaeli,41,Kocaeli,AK Parti,557.744,39.70,6
kocaeli,41,Kocaeli,CHP,336.732,23.97,4
kocaeli,41,Kocaeli,İYİ Parti,133.468,9.50,1
kocaeli,41,Kocaeli,MHP,118.434,8.43,1
kocaeli,41,Kocaeli,YEŞİL SOL,81.740,5.82,1
kocaeli,41,Kocaeli,YENİDEN REFAH,80.614,5.74,1
konya,42,Konya,AK Parti,702.233,47.95,9
konya,42,Konya,MHP,209.530,14.31,2
konya,42,Konya,CHP,200.415,13.68,2
konya,42,Konya,İYİ Parti,126.898,8.66,1
konya,42,Konya,YENİDEN REFAH,74.289,5.07,1
konya,42,Konya,ZP,42.986,2.94,0
kutahya,43,Kütahya,AK Parti,185.993,46.64,3
kutahya,43,Kütahya,CHP,67.040,16.81,1
kutahya,43,Kütahya,MHP,51.926,13.02,1
kutahya,43,Kütahya,İYİ Parti,41.783,10.48,0
kutahya,43,Kütahya,YENİDEN REFAH,28.072,7.04,0
kutahya,43,Kütahya,ZP,6.804,1.71,0
malatya,44,Malatya,AK Parti,198.561,45.19,4
malatya,44,Malatya,CHP,94.917,21.60,1
malatya,44,Malatya,MHP,56.762,12.92,1
malatya,44,Malatya,YENİDEN REFAH,40.450,9.21,0
malatya,44,Malatya,İYİ Parti,17.277,3.93,0
malatya,44,Malatya,YEŞİL SOL,14.170,3.22,0
manisa,45,Manisa,AK Parti,324.460,31.79,4
manisa,45,Manisa,CHP,300.639,29.46,4
manisa,45,Manisa,MHP,144.102,14.12,1
manisa,45,Manisa,İYİ Parti,112.904,11.06,1
manisa,45,Manisa,YEŞİL SOL,59.090,5.79,0
manisa,45,Manisa,ZP,22.541,2.21,0
mardin,47,Mardin,YEŞİL SOL,244.036,54.63,4
mardin,47,Mardin,AK Parti,112.569,25.20,2
mardin,47,Mardin,CHP,31.955,7.15,0
mardin,47,Mardin,BĞMSZ,22.340,5.00,0
mardin,47,Mardin,MHP,15.572,3.49,0
mardin,47,Mardin,İYİ Parti,5.361,1.20,0
mersin,33,Mersin,CHP,385.460,30.89,5
mersin,33,Mersin,AK Parti,311.422,24.96,4
mersin,33,Mersin,YEŞİL SOL,165.131,13.23,2
mersin,33,Mersin,MHP,149.627,11.99,1
mersin,33,Mersin,İYİ Parti,147.707,11.84,1
mersin,33,Mersin,TİP,25.251,2.02,0
osmaniye,80,Osmaniye,AK Parti,113.953,33.19,2
osmaniye,80,Osmaniye,MHP,97.683,28.45,1
osmaniye,80,Osmaniye,CHP,59.488,17.33,1
osmaniye,80,Osmaniye,İYİ Parti,43.108,12.56,0
osmaniye,80,Osmaniye,YEŞİL SOL,7.780,2.27,0
osmaniye,80,Osmaniye,YENİDEN REFAH,6.775,1.97,0
mugla,48,Muğla,CHP,275.567,37.59,4
mugla,48,Muğla,AK Parti,179.663,24.50,2
mugla,48,Muğla,İYİ Parti,124.900,17.04,1
mugla,48,Muğla,MHP,45.891,6.26,0
mugla,48,Muğla,TİP,41.198,5.62,0
mugla,48,Muğla,YEŞİL SOL,26.021,3.55,0
mus,49,Muş,YEŞİL SOL,95.284,50.57,2
mus,49,Muş,AK Parti,40.522,21.51,1
mus,49,Muş,MHP,31.278,16.60,0
mus,49,Muş,İYİ Parti,10.445,5.54,0
mus,49,Muş,YENİDEN REFAH,5.429,2.88,0
mus,49,Muş,SOL PARTİ,1.224,0.65,0
nevsehir,50,Nevşehir,AK Parti,81.317,39.46,2
nevsehir,50,Nevşehir,MHP,41.781,20.27,1
nevsehir,50,Nevşehir,CHP,36.064,17.50,0
nevsehir,50,Nevşehir,İYİ Parti,32.389,15.72,0
nevsehir,50,Nevşehir,YENİDEN REFAH,4.124,2.00,0
nevsehir,50,Nevşehir,ZP,2.614,1.27,0
nigde,51,Niğde,AK Parti,77.905,33.88,1
nigde,51,Niğde,CHP,55.502,24.14,1
nigde,51,Niğde,MHP,51.413,22.36,1
nigde,51,Niğde,İYİ Parti,27.949,12.16,0
nigde,51,Niğde,YENİDEN REFAH,6.020,2.62,0
nigde,51,Niğde,ZP,3.347,1.46,0
ordu,52,Ordu,AK Parti,234.054,45.25,3
ordu,52,Ordu,CHP,125.261,24.22,2
ordu,52,Ordu,MHP,65.861,12.73,1
ordu,52,Ordu,İYİ Parti,50.583,9.78,0
ordu,52,Ordu,YENİDEN REFAH,11.823,2.29,0
ordu,52,Ordu,ZP,7.311,1.41,0
siirt,56,Siirt,YEŞİL SOL,77.268,46.68,2
siirt,56,Siirt,AK Parti,59.552,35.98,1
siirt,56,Siirt,CHP,12.842,7.76,0
siirt,56,Siirt,MHP,6.463,3.90,0
siirt,56,Siirt,İYİ Parti,2.482,1.50,0
siirt,56,Siirt,YENİDEN REFAH,1.959,1.18,0
sakarya,54,Sakarya,AK Parti,344.737,47.33,5
sakarya,54,Sakarya,CHP,119.408,16.39,1
sakarya,54,Sakarya,MHP,87.532,12.02,1
sakarya,54,Sakarya,İYİ Parti,79.512,10.92,1
sakarya,54,Sakarya,YENİDEN REFAH,36.061,4.95,0
sakarya,54,Sakarya,ZP,19.056,2.62,0
rize,53,Rize,AK Parti,127.718,53.40,2
rize,53,Rize,CHP,51.330,21.46,1
rize,53,Rize,MHP,31.035,12.98,0
rize,53,Rize,YENİDEN REFAH,12.064,5.04,0
rize,53,Rize,ZP,4.153,1.74,0
rize,53,Rize,BBP,3.728,1.56,0
samsun,55,Samsun,AK Parti,391.347,42.45,5
samsun,55,Samsun,CHP,182.210,19.76,2
samsun,55,Samsun,MHP,131.259,14.24,1
samsun,55,Samsun,İYİ Parti,111.169,12.06,1
samsun,55,Samsun,YENİDEN REFAH,36.628,3.97,0
samsun,55,Samsun,ZP,19.852,2.15,0
sanliurfa,63,Şanlıurfa,AK Parti,424.799,43.01,8
sanliurfa,63,Şanlıurfa,YEŞİL SOL,245.424,24.85,4
sanliurfa,63,Şanlıurfa,MHP,93.277,9.44,1
sanliurfa,63,Şanlıurfa,CHP,79.531,8.05,1
sanliurfa,63,Şanlıurfa,BĞMSZ,51.399,5.20,0
sanliurfa,63,Şanlıurfa,İYİ Parti,45.097,4.57,0
sinop,57,Sinop,AK Parti,64.031,42.75,1
sinop,57,Sinop,CHP,38.492,25.70,1
sinop,57,Sinop,İYİ Parti,14.099,9.41,0
sinop,57,Sinop,MHP,13.704,9.15,0
sinop,57,Sinop,BBP,6.592,4.40,0
sinop,57,Sinop,YENİDEN REFAH,3.363,2.25,0
tokat,60,Tokat,AK Parti,151.130,37.40,3
tokat,60,Tokat,MHP,89.188,22.07,1
tokat,60,Tokat,CHP,83.611,20.69,1
tokat,60,Tokat,İYİ Parti,44.606,11.04,0
tokat,60,Tokat,BBP,11.314,2.80,0
tokat,60,Tokat,YENİDEN REFAH,9.351,2.31,0
tunceli,62,Tunceli,YEŞİL SOL,24.763,42.79,1
tunceli,62,Tunceli,CHP,18.518,32.00,0
tunceli,62,Tunceli,AK Parti,7.652,13.22,0
tunceli,62,Tunceli,MHP,3.241,5.60,0
tunceli,62,Tunceli,İYİ Parti,1.307,2.26,0
tunceli,62,Tunceli,SOL PARTİ,708,1.22,0
sirnak,73,Şırnak,YEŞİL SOL,171.603,62.67,3
sirnak,73,Şırnak,AK Parti,58.730,21.45,1
sirnak,73,Şırnak,CHP,23.824,8.70,0
sirnak,73,Şırnak,MHP,6.739,2.46,0
sirnak,73,Şırnak,İYİ Parti,3.172,1.16,0
sirnak,73,Şırnak,ZP,3.119,1.14,0
sivas,58,Sivas,AK Parti,169.726,40.63,3
sivas,58,Sivas,MHP,75.300,18.02,1
sivas,58,Sivas,CHP,68.385,16.37,1
sivas,58,Sivas,BBP,41.667,9.97,0
sivas,58,Sivas,İYİ Parti,30.284,7.25,0
sivas,58,Sivas,YENİDEN REFAH,14.275,3.42,0
trabzon,61,Trabzon,AK Parti,263.447,47.77,4
trabzon,61,Trabzon,CHP,99.376,18.02,1
trabzon,61,Trabzon,İYİ Parti,66.698,12.09,1
trabzon,61,Trabzon,MHP,59.779,10.84,0
trabzon,61,Trabzon,YENİDEN REFAH,24.770,4.49,0
trabzon,61,Trabzon,ZP,10.139,1.84,0
tekirdag,59,Tekirdağ,CHP,284.479,36.25,4
tekirdag,59,Tekirdağ,AK Parti,241.159,30.73,3
tekirdag,59,Tekirdağ,İYİ Parti,87.644,11.17,1
tekirdag,59,Tekirdağ,MHP,50.635,6.45,0
tekirdag,59,Tekirdağ,YEŞİL SOL,48.679,6.20,0
tekirdag,59,Tekirdağ,ZP,17.876,2.28,0
usak,64,Uşak,AK Parti,92.327,36.04,2
usak,64,Uşak,CHP,74.420,29.05,1
usak,64,Uşak,İYİ Parti,44.537,17.39,0
usak,64,Uşak,MHP,23.971,9.36,0
usak,64,Uşak,ZP,4.129,1.61,0
usak,64,Uşak,YEŞİL SOL,4.071,1.59,0
yozgat,66,Yozgat,AK Parti,114.947,43.90,2
yozgat,66,Yozgat,MHP,60.752,23.20,1
yozgat,66,Yozgat,İYİ Parti,59.980,22.91,1
yozgat,66,Yozgat,YENİDEN REFAH,11.481,4.39,0
yozgat,66,Yozgat,BBP,4.301,1.64,0
yozgat,66,Yozgat,ZP,3.414,1.30,0
van,65,Van,YEŞİL SOL,289.239,52.92,6
van,65,Van,AK Parti,142.930,26.15,2
van,65,Van,CHP,47.742,8.73,0
van,65,Van,MHP,27.966,5.12,0
van,65,Van,YENİDEN REFAH,17.143,3.14,0
van,65,Van,BBP,4.591,0.84,0
yalova,77,Yalova,AK Parti,61.761,34.25,2
yalova,77,Yalova,CHP,51.817,28.74,1
yalova,77,Yalova,MHP,20.500,11.37,0
yalova,77,Yalova,İYİ Parti,17.173,9.52,0
yalova,77,Yalova,YEŞİL SOL,10.403,5.77,0
yalova,77,Yalova,MEMLEKET,4.963,2.75,0
zonguldak,67,Zonguldak,AK Parti,162.290,40.02,3
zonguldak,67,Zonguldak,CHP,130.033,32.07,2
zonguldak,67,Zonguldak,İYİ Parti,40.371,9.96,0
zonguldak,67,Zonguldak,MHP,34.209,8.44,0
zonguldak,67,Zonguldak,YENİDEN REFAH,10.229,2.52,0
zonguldak,67,Zonguldak,ZP,7.256,1.79,0
