il_adi,parti,oy,oran,tahmini_vekil
İstanbul,AK Parti,3.758.031,36.06,40
Ankara,AK Parti,1.292.189,32.53,15
Bursa,AK Parti,849.249,39.01,10
Konya,AK Parti,702.233,47.95,9
Adana,AK Parti,439.641,30.84,5
Kocaeli,AK Parti,557.744,39.70,6
Gaziantep,AK Parti,525.901,44.91,8
Şanlıurfa,AK Parti,424.799,43.01,8
Manisa,AK Parti,324.460,31.79,4
Hatay,AK Parti,303.292,33.91,4
Kayseri,AK Parti,385.747,40.72,5
Samsun,AK Parti,391.347,42.45,5
Balıkesir,AK Parti,316.245,34.67,4
Denizli,AK Parti,249.271,33.99,3
Sakarya,AK Parti,344.737,47.33,5
Kahramanmaraş,AK Parti,309.478,47.72,5
Trabzon,AK Parti,263.447,47.77,4
Ordu,AK Parti,234.054,45.25,3
Afyonkarahisar,AK Parti,215.286,44.17,3
Malatya,AK Parti,198.561,45.19,4
Erzurum,AK Parti,192.238,43.32,4
Sivas,AK Parti,169.726,40.63,3
Zonguldak,AK Parti,162.290,40.02,3
Tokat,AK Parti,151.130,37.40,3
Kütahya,AK Parti,185.993,46.64,3
Elazığ,AK Parti,148.894,40.43,3
Çorum,AK Parti,147.470,40.31,2
Adıyaman,AK Parti,170.104,52.33,4
Osmaniye,AK Parti,113.953,33.19,2
Giresun,AK Parti,133.759,43.13,2
Isparta,AK Parti,96.636,32.70,2
Yozgat,AK Parti,114.947,43.90,2
Kastamonu,AK Parti,118.176,45.49,2
Düzce,AK Parti,136.052,49.58,2
Aksaray,AK Parti,113.633,44.13,2
Uşak,AK Parti,92.327,36.04,2
Rize,AK Parti,127.718,53.40,2
Niğde,AK Parti,77.905,33.88,1
Amasya,AK Parti,94.567,39.58,2
Bolu,AK Parti,80.725,37.01,1
Nevşehir,AK Parti,81.317,39.46,2
Yalova,AK Parti,61.761,34.25,2
Burdur,AK Parti,67.689,36.61,2
Kırıkkale,AK Parti,65.134,35.67,1
Bingöl,AK Parti,58.635,39.21,2
Karaman,AK Parti,69.380,40.98,2
Karabük,AK Parti,61.621,37.67,2
Kırşehir,AK Parti,59.698,38.84,1
Sinop,AK Parti,64.031,42.75,1
Erzincan,AK Parti,60.388,38.67,1
Bilecik,AK Parti,57.696,37.22,1
Bartın,AK Parti,50.239,36.96,1
Çankırı,AK Parti,54.025,42.73,1
Artvin,AK Parti,43.864,37.17,1
Kilis,AK Parti,34.480,39.68,1
Gümüşhane,AK Parti,38.347,47.78,1
Ardahan,AK Parti,19.489,34.98,1
Bayburt,AK Parti,30.185,59.95,1
Diyarbakır,AK Parti,215.069,23.22,3
Hakkari,AK Parti,31.644,20.63,0
Batman,AK Parti,98.159,29.22,2
Şırnak,AK Parti,58.730,21.45,1
Iğdır,AK Parti,37.022,35.25,1
Ağrı,AK Parti,55.632,25.37,1
Antalya,AK Parti,499.464,29.06,6
Aydın,AK Parti,227.930,28.71,3
Bitlis,AK Parti,67.036,37.71,1
Çanakkale,AK Parti,129.671,32.07,1
Edirne,AK Parti,69.381,23.83,1
Eskişehir,AK Parti,210.650,33.15,2
Mersin,AK Parti,311.422,24.96,4
İzmir,AK Parti,793.908,25.26,8
Kars,AK Parti,37.661,25.81,1
Kırklareli,AK Parti,68.052,25.27,1
Mardin,AK Parti,112.569,25.20,2
Muğla,AK Parti,179.663,24.50,2
Muş,AK Parti,40.522,21.51,1
Siirt,AK Parti,59.552,35.98,1
Tekirdağ,AK Parti,241.159,30.73,3
Tunceli,AK Parti,7.652,13.22,0
Van,AK Parti,142.930,26.15,2
İzmir,CHP,1.285.263,40.90,14
Antalya,CHP,555.265,32.31,6
Mersin,CHP,385.460,30.89,5
Aydın,CHP,282.541,35.59,4
Tekirdağ,CHP,284.479,36.25,4
Muğla,CHP,275.567,37.59,4
Eskişehir,CHP,216.397,34.06,3
Çanakkale,CHP,142.544,35.25,2
Edirne,CHP,114.660,39.38,2
Kırklareli,CHP,122.373,45.44,2
Adana,CHP,408.171,28.63,5
Adıyaman,CHP,60.954,18.75,1
Afyonkarahisar,CHP,91.585,18.79,1
Ağrı,CHP,24.473,11.16,0
Amasya,CHP,70.730,29.60,1
Ankara,CHP,1.214.147,30.56,13
Balıkesir,CHP,287.000,31.47,3
Bingöl,CHP,8.701,5.82,0
Bolu,CHP,47.722,21.88,1
Burdur,CHP,57.437,31.07,1
Bursa,CHP,530.797,24.38,6
Çorum,CHP,112.588,30.78,1
Denizli,CHP,233.980,31.90,3
Diyarbakır,CHP,76.293,8.24,1
Elazığ,CHP,76.364,20.73,1
Erzincan,CHP,56.110,35.93,1
Erzurum,CHP,31.223,7.04,0
Gaziantep,CHP,238.356,20.35,3
Giresun,CHP,64.082,20.66,1
Hakkari,CHP,11.122,7.25,0
Isparta,CHP,65.786,22.26,1
İstanbul,CHP,2.952.880,28.33,31
Kars,CHP,24.089,16.51,1
Kastamonu,CHP,56.568,21.78,1
Kayseri,CHP,163.381,17.25,2
Kırşehir,CHP,44.881,29.20,1
Kocaeli,CHP,336.732,23.97,4
Konya,CHP,200.415,13.68,2
Kütahya,CHP,67.040,16.81,1
Malatya,CHP,94.917,21.60,1
Manisa,CHP,300.639,29.46,4
Kahramanmaraş,CHP,105.734,16.30,2
Mardin,CHP,31.955,7.15,0
Nevşehir,CHP,36.064,17.50,0
Niğde,CHP,55.502,24.14,1
Ordu,CHP,125.261,24.22,2
Rize,CHP,51.330,21.46,1
Sakarya,CHP,119.408,16.39,1
Samsun,CHP,182.210,19.76,2
Siirt,CHP,12.842,7.76,0
Sinop,CHP,38.492,25.70,1
Sivas,CHP,68.385,16.37,1
Trabzon,CHP,99.376,18.02,1
Tunceli,CHP,18.518,32.00,0
Şanlıurfa,CHP,79.531,8.05,1
Uşak,CHP,74.420,29.05,1
Van,CHP,47.742,8.73,0
Zonguldak,CHP,130.033,32.07,2
Karaman,CHP,32.678,19.30,1
Kırıkkale,CHP,48.590,26.61,1
Batman,CHP,28.409,8.46,0
Şırnak,CHP,23.824,8.70,0
Bartın,CHP,42.749,31.45,1
Ardahan,CHP,16.573,29.75,1
Iğdır,CHP,6.906,6.58,0
Karabük,CHP,35.916,21.96,1
Kilis,CHP,17.552,20.20,0
Osmaniye,CHP,59.488,17.33,1
Düzce,CHP,62.126,22.64,1
Artvin,CHP,35.256,29.88,1
Bilecik,CHP,41.403,26.71,1
Hatay,CHP,253.886,28.39,4
Tokat,CHP,83.611,20.69,1
Yalova,CHP,51.817,28.74,1
Diyarbakır,YEŞİL SOL,564.336,60.93,8
Van,YEŞİL SOL,289.239,52.92,6
Mardin,YEŞİL SOL,244.036,54.63,4
Batman,YEŞİL SOL,194.142,57.79,3
Şırnak,YEŞİL SOL,171.603,62.67,3
Ağrı,YEŞİL SOL,119.412,54.46,3
Muş,YEŞİL SOL,95.284,50.57,2
Bitlis,YEŞİL SOL,71.418,40.17,2
Siirt,YEŞİL SOL,77.268,46.68,2
Hakkari,YEŞİL SOL,95.810,62.45,3
Kars,YEŞİL SOL,40.710,27.90,1
Iğdır,YEŞİL SOL,45.736,43.55,1
Tunceli,YEŞİL SOL,24.763,42.79,1
Çankırı,YEŞİL SOL,789,0.62,0
Bayburt,YEŞİL SOL,376,0.75,0
Adana,YEŞİL SOL,138.727,9.73,1
Adıyaman,YEŞİL SOL,39.046,12.01,0
Afyonkarahisar,YEŞİL SOL,3.126,0.64,0
Amasya,YEŞİL SOL,1.573,0.66,0
Ankara,YEŞİL SOL,125.024,3.15,0
Antalya,YEŞİL SOL,84.268,4.90,1
Artvin,YEŞİL SOL,1.371,1.16,0
Aydın,YEŞİL SOL,58.147,7.32,0
Balıkesir,YEŞİL SOL,20.685,2.27,0
Bilecik,YEŞİL SOL,4.493,2.90,0
Bingöl,YEŞİL SOL,35.816,23.95,1
Bolu,YEŞİL SOL,2.446,1.12,0
Burdur,YEŞİL SOL,1.719,0.93,0
Bursa,YEŞİL SOL,97.213,4.46,0
Çanakkale,YEŞİL SOL,8.844,2.19,0
Çorum,YEŞİL SOL,2.646,0.72,0
Denizli,YEŞİL SOL,19.190,2.62,0
Edirne,YEŞİL SOL,5.974,2.05,0
Elazığ,YEŞİL SOL,26.290,7.14,0
Erzincan,YEŞİL SOL,2.077,1.33,0
Erzurum,YEŞİL SOL,43.931,9.90,1
Eskişehir,YEŞİL SOL,14.143,2.23,0
Gaziantep,YEŞİL SOL,106.873,9.13,1
Giresun,YEŞİL SOL,1.750,0.56,0
Gümüşhane,YEŞİL SOL,503,0.63,0
Hatay,YEŞİL SOL,29.075,3.25,0
Isparta,YEŞİL SOL,2.957,1.00,0
Mersin,YEŞİL SOL,165.131,13.23,2
İstanbul,YEŞİL SOL,853.161,8.19,8
İzmir,YEŞİL SOL,236.991,7.54,2
Kastamonu,YEŞİL SOL,1.407,0.54,0
Kayseri,YEŞİL SOL,10.777,1.14,0
Kırklareli,YEŞİL SOL,5.327,1.98,0
Kırşehir,YEŞİL SOL,4.195,2.73,0
Kocaeli,YEŞİL SOL,81.740,5.82,1
Konya,YEŞİL SOL,41.086,2.81,0
Kütahya,YEŞİL SOL,2.354,0.59,0
Malatya,YEŞİL SOL,14.170,3.22,0
Manisa,YEŞİL SOL,59.090,5.79,0
Kahramanmaraş,YEŞİL SOL,9.417,1.45,0
Muğla,YEŞİL SOL,26.021,3.55,0
Nevşehir,YEŞİL SOL,1.659,0.81,0
Niğde,YEŞİL SOL,1.766,0.77,0
Ordu,YEŞİL SOL,2.708,0.52,0
Rize,YEŞİL SOL,1.495,0.63,0
Sakarya,YEŞİL SOL,12.701,1.74,0
Samsun,YEŞİL SOL,5.557,0.60,0
Sinop,YEŞİL SOL,992,0.66,0
Sivas,YEŞİL SOL,3.114,0.75,0
Tekirdağ,YEŞİL SOL,48.679,6.20,0
Tokat,YEŞİL SOL,2.538,0.63,0
Trabzon,YEŞİL SOL,3.471,0.63,0
Şanlıurfa,YEŞİL SOL,245.424,24.85,4
Uşak,YEŞİL SOL,4.071,1.59,0
Yozgat,YEŞİL SOL,1.766,0.67,0
Zonguldak,YEŞİL SOL,2.659,0.66,0
Aksaray,YEŞİL SOL,2.345,0.91,0
Karaman,YEŞİL SOL,1.363,0.80,0
Kırıkkale,YEŞİL SOL,1.139,0.62,0
Bartın,YEŞİL SOL,869,0.64,0
Ardahan,YEŞİL SOL,11.932,21.42,0
Yalova,YEŞİL SOL,10.403,5.77,0
Karabük,YEŞİL SOL,1.175,0.72,0
Kilis,YEŞİL SOL,1.012,1.16,0
Osmaniye,YEŞİL SOL,7.780,2.27,0
Düzce,YEŞİL SOL,3.460,1.26,0
Afyonkarahisar,MHP,78.277,16.06,1
Ağrı,MHP,5.667,2.58,0
Amasya,MHP,40.034,16.76,0
Aydın,MHP,68.666,8.65,0
Balıkesir,MHP,74.778,8.20,1
Bilecik,MHP,15.948,10.29,0
Bingöl,MHP,20.341,13.60,0
Bolu,MHP,50.726,23.26,1
Burdur,MHP,25.933,14.03,0
Çankırı,MHP,39.385,31.15,1
Çorum,MHP,73.738,20.16,1
Diyarbakır,MHP,13.740,1.48,0
Edirne,MHP,22.513,7.73,0
Erzincan,MHP,30.669,19.64,0
Giresun,MHP,48.431,15.61,1
Gümüşhane,MHP,21.222,26.44,1
Isparta,MHP,60.266,20.39,1
Kars,MHP,14.211,9.74,0
Kırklareli,MHP,13.116,4.87,0
Manisa,MHP,144.102,14.12,1
Mardin,MHP,15.572,3.49,0
Muş,MHP,31.278,16.60,0
Nevşehir,MHP,41.781,20.27,1
Niğde,MHP,51.413,22.36,1
Rize,MHP,31.035,12.98,0
Siirt,MHP,6.463,3.90,0
Sinop,MHP,13.704,9.15,0
Tokat,MHP,89.188,22.07,1
Şanlıurfa,MHP,93.277,9.44,1
Van,MHP,27.966,5.12,0
Aksaray,MHP,54.103,21.01,1
Karaman,MHP,30.573,18.06,0
Batman,MHP,4.954,1.47,0
Bartın,MHP,31.933,23.49,0
Yalova,MHP,20.500,11.37,0
Karabük,MHP,26.092,15.95,0
Kilis,MHP,23.253,26.76,1
Adana,MHP,157.305,11.03,2
Adıyaman,MHP,14.134,4.35,0
Ankara,MHP,407.150,10.25,3
Antalya,MHP,172.337,10.03,2
Artvin,MHP,11.401,9.66,0
Bitlis,MHP,6.880,3.87,0
Bursa,MHP,187.656,8.62,2
Çanakkale,MHP,26.775,6.62,0
Denizli,MHP,62.061,8.46,0
Elazığ,MHP,42.287,11.48,1
Erzurum,MHP,73.952,16.67,1
Eskişehir,MHP,46.453,7.31,0
Gaziantep,MHP,113.802,9.72,1
Hakkari,MHP,4.592,2.99,0
Hatay,MHP,109.143,12.20,1
Mersin,MHP,149.627,11.99,1
İstanbul,MHP,650.886,6.24,5
İzmir,MHP,168.679,5.37,1
Kastamonu,MHP,39.037,15.03,0
Kayseri,MHP,180.088,19.01,2
Kırşehir,MHP,22.830,14.85,0
Kocaeli,MHP,118.434,8.43,1
Konya,MHP,209.530,14.31,2
Kütahya,MHP,51.926,13.02,1
Malatya,MHP,56.762,12.92,1
Kahramanmaraş,MHP,104.865,16.17,1
Muğla,MHP,45.891,6.26,0
Ordu,MHP,65.861,12.73,1
Sakarya,MHP,87.532,12.02,1
Samsun,MHP,131.259,14.24,1
Sivas,MHP,75.300,18.02,1
Tekirdağ,MHP,50.635,6.45,0
Trabzon,MHP,59.779,10.84,0
Tunceli,MHP,3.241,5.60,0
Uşak,MHP,23.971,9.36,0
Yozgat,MHP,60.752,23.20,1
Zonguldak,MHP,34.209,8.44,0
Bayburt,MHP,8.363,16.61,0
Kırıkkale,MHP,38.775,21.23,1
Şırnak,MHP,6.739,2.46,0
Ardahan,MHP,1.813,3.25,0
Iğdır,MHP,4.999,4.76,0
Osmaniye,MHP,97.683,28.45,1
Düzce,MHP,44.273,16.13,0
Ağrı,İYİ Parti,3.748,1.71,0
Ankara,İYİ Parti,508.592,12.80,5
Artvin,İYİ Parti,15.387,13.04,0
Bitlis,İYİ Parti,23.126,13.01,0
Çankırı,İYİ Parti,22.392,17.71,0
Edirne,İYİ Parti,59.581,20.46,1
Erzurum,İYİ Parti,42.142,9.50,0
Eskişehir,İYİ Parti,87.762,13.81,1
Gümüşhane,İYİ Parti,14.697,18.31,0
Hatay,İYİ Parti,71.728,8.02,1
İzmir,İYİ Parti,357.814,11.39,3
Kars,İYİ Parti,21.728,14.89,0
Mardin,İYİ Parti,5.361,1.20,0
Muğla,İYİ Parti,124.900,17.04,1
Muş,İYİ Parti,10.445,5.54,0
Nevşehir,İYİ Parti,32.389,15.72,0
Niğde,İYİ Parti,27.949,12.16,0
Ordu,İYİ Parti,50.583,9.78,0
Sakarya,İYİ Parti,79.512,10.92,1
Samsun,İYİ Parti,111.169,12.06,1
Sivas,İYİ Parti,30.284,7.25,0
Tokat,İYİ Parti,44.606,11.04,0
Trabzon,İYİ Parti,66.698,12.09,1
Tunceli,İYİ Parti,1.307,2.26,0
Şanlıurfa,İYİ Parti,45.097,4.57,0
Uşak,İYİ Parti,44.537,17.39,0
Yozgat,İYİ Parti,59.980,22.91,1
Zonguldak,İYİ Parti,40.371,9.96,0
Aksaray,İYİ Parti,63.588,24.69,1
Bayburt,İYİ Parti,8.040,15.97,0
Iğdır,İYİ Parti,6.914,6.58,0
Adana,İYİ Parti,153.184,10.74,2
Afyonkarahisar,İYİ Parti,60.212,12.35,1
Amasya,İYİ Parti,17.002,7.12,0
Antalya,İYİ Parti,194.340,11.31,2
Aydın,İYİ Parti,102.794,12.95,1
Balıkesir,İYİ Parti,133.176,14.60,1
Bilecik,İYİ Parti,18.858,12.16,0
Bingöl,İYİ Parti,3.018,2.02,0
Bolu,İYİ Parti,16.195,7.43,0
Burdur,İYİ Parti,21.049,11.38,0
Bursa,İYİ Parti,259.157,11.90,2
Çanakkale,İYİ Parti,65.927,16.30,1
Denizli,İYİ Parti,103.118,14.06,1
Diyarbakır,İYİ Parti,21.112,2.28,0
Elazığ,İYİ Parti,8.868,2.41,0
Gaziantep,İYİ Parti,63.379,5.41,1
Giresun,İYİ Parti,39.418,12.71,0
Isparta,İYİ Parti,48.272,16.33,0
Mersin,İYİ Parti,147.707,11.84,1
İstanbul,İYİ Parti,840.891,8.07,8
Kastamonu,İYİ Parti,19.786,7.62,0
Kayseri,İYİ Parti,94.509,9.98,1
Kırklareli,İYİ Parti,40.980,15.22,0
Kırşehir,İYİ Parti,11.077,7.21,0
Kocaeli,İYİ Parti,133.468,9.50,1
Konya,İYİ Parti,126.898,8.66,1
Kütahya,İYİ Parti,41.783,10.48,0
Malatya,İYİ Parti,17.277,3.93,0
Manisa,İYİ Parti,112.904,11.06,1
Kahramanmaraş,İYİ Parti,45.698,7.05,0
Siirt,İYİ Parti,2.482,1.50,0
Sinop,İYİ Parti,14.099,9.41,0
Tekirdağ,İYİ Parti,87.644,11.17,1
Karaman,İYİ Parti,18.378,10.85,0
Kırıkkale,İYİ Parti,18.449,10.10,0
Şırnak,İYİ Parti,3.172,1.16,0
Ardahan,İYİ Parti,2.716,4.87,0
Yalova,İYİ Parti,17.173,9.52,0
Karabük,İYİ Parti,15.782,9.65,0
Kilis,İYİ Parti,4.995,5.75,0
Osmaniye,İYİ Parti,43.108,12.56,0
Adana,YENİDEN REFAH,25.465,1.79,0
Adıyaman,YENİDEN REFAH,15.416,4.74,0
Afyonkarahisar,YENİDEN REFAH,14.354,2.94,0
Ağrı,YENİDEN REFAH,4.321,1.97,0
Amasya,YENİDEN REFAH,4.274,1.79,0
Ankara,YENİDEN REFAH,106.014,2.67,0
Antalya,YENİDEN REFAH,21.671,1.26,0
Artvin,YENİDEN REFAH,2.773,2.35,0
Aydın,YENİDEN REFAH,5.946,0.75,0
Balıkesir,YENİDEN REFAH,18.925,2.07,0
Bilecik,YENİDEN REFAH,5.145,3.32,0
Bingöl,YENİDEN REFAH,14.904,9.97,0
Bitlis,YENİDEN REFAH,3.738,2.10,0
Bolu,YENİDEN REFAH,7.027,3.22,0
Burdur,YENİDEN REFAH,2.251,1.22,0
Bursa,YENİDEN REFAH,77.735,3.57,0
Çanakkale,YENİDEN REFAH,3.967,0.98,0
Çankırı,YENİDEN REFAH,3.802,3.01,0
Çorum,YENİDEN REFAH,11.972,3.27,0
Denizli,YENİDEN REFAH,9.949,1.36,0
Diyarbakır,YENİDEN REFAH,14.399,1.55,0
Edirne,YENİDEN REFAH,1.998,0.69,0
Elazığ,YENİDEN REFAH,13.327,3.62,0
Erzincan,YENİDEN REFAH,2.263,1.45,0
Erzurum,YENİDEN REFAH,21.824,4.92,0
Eskişehir,YENİDEN REFAH,9.051,1.42,0
Gaziantep,YENİDEN REFAH,47.818,4.08,0
Giresun,YENİDEN REFAH,7.630,2.46,0
Gümüşhane,YENİDEN REFAH,2.154,2.68,0
Hakkari,YENİDEN REFAH,3.021,1.97,0
Hatay,YENİDEN REFAH,16.391,1.83,0
Isparta,YENİDEN REFAH,5.385,1.82,0
Mersin,YENİDEN REFAH,11.437,0.92,0
İstanbul,YENİDEN REFAH,338.753,3.25,3
İzmir,YENİDEN REFAH,28.093,0.89,0
Kars,YENİDEN REFAH,2.853,1.96,0
Kastamonu,YENİDEN REFAH,10.497,4.04,0
Kayseri,YENİDEN REFAH,33.063,3.49,0
Kırklareli,YENİDEN REFAH,1.820,0.68,0
Kırşehir,YENİDEN REFAH,2.459,1.60,0
Kocaeli,YENİDEN REFAH,80.614,5.74,1
Konya,YENİDEN REFAH,74.289,5.07,1
Kütahya,YENİDEN REFAH,28.072,7.04,0
Malatya,YENİDEN REFAH,40.450,9.21,0
Manisa,YENİDEN REFAH,15.889,1.56,0
Kahramanmaraş,YENİDEN REFAH,35.127,5.42,0
Mardin,YENİDEN REFAH,5.039,1.13,0
Muğla,YENİDEN REFAH,4.588,0.63,0
Muş,YENİDEN REFAH,5.429,2.88,0
Nevşehir,YENİDEN REFAH,4.124,2.00,0
Niğde,YENİDEN REFAH,6.020,2.62,0
Ordu,YENİDEN REFAH,11.823,2.29,0
Rize,YENİDEN REFAH,12.064,5.04,0
Sakarya,YENİDEN REFAH,36.061,4.95,0
Samsun,YENİDEN REFAH,36.628,3.97,0
Siirt,YENİDEN REFAH,1.959,1.18,0
Sinop,YENİDEN REFAH,3.363,2.25,0
Sivas,YENİDEN REFAH,14.275,3.42,0
Tekirdağ,YENİDEN REFAH,12.415,1.58,0
Tokat,YENİDEN REFAH,9.351,2.31,0
Trabzon,YENİDEN REFAH,24.770,4.49,0
Tunceli,YENİDEN REFAH,571,0.99,0
Şanlıurfa,YENİDEN REFAH,29.091,2.95,0
Uşak,YENİDEN REFAH,3.629,1.42,0
Van,YENİDEN REFAH,17.143,3.14,0
Yozgat,YENİDEN REFAH,11.481,4.39,0
Zonguldak,YENİDEN REFAH,10.229,2.52,0
Aksaray,YENİDEN REFAH,6.651,2.58,0
Bayburt,YENİDEN REFAH,1.483,2.95,0
Karaman,YENİDEN REFAH,3.997,2.36,0
Kırıkkale,YENİDEN REFAH,3.343,1.83,0
Batman,YENİDEN REFAH,3.611,1.07,0
Şırnak,YENİDEN REFAH,1.638,0.60,0
Bartın,YENİDEN REFAH,2.414,1.78,0
Ardahan,YENİDEN REFAH,559,1.00,0
Iğdır,YENİDEN REFAH,503,0.48,0
Yalova,YENİDEN REFAH,3.795,2.10,0
Karabük,YENİDEN REFAH,13.421,8.20,0
Kilis,YENİDEN REFAH,2.032,2.34,0
Osmaniye,YENİDEN REFAH,6.775,1.97,0
Düzce,YENİDEN REFAH,10.518,3.83,0
Adana,TİP,32.763,2.30,0
Afyonkarahisar,TİP,1.496,0.31,0
Amasya,TİP,1.078,0.45,0
Ankara,TİP,48.267,1.22,0
Antalya,TİP,78.251,4.55,0
Artvin,TİP,1.831,1.55,0
Balıkesir,TİP,11.580,1.27,0
Bilecik,TİP,1.395,0.90,0
Bolu,TİP,1.358,0.62,0
Bursa,TİP,15.838,0.73,0
Çanakkale,TİP,5.224,1.29,0
Çankırı,TİP,421,0.33,0
Çorum,TİP,1.626,0.44,0
Denizli,TİP,7.885,1.08,0
Edirne,TİP,3.228,1.11,0
Erzincan,TİP,519,0.33,0
Eskişehir,TİP,10.552,1.66,0
Giresun,TİP,1.614,0.52,0
Gümüşhane,TİP,287,0.36,0
Hatay,TİP,76.580,8.56,1
Isparta,TİP,1.186,0.40,0
Mersin,TİP,25.251,2.02,0
İstanbul,TİP,420.740,4.04,3
İzmir,TİP,86.729,2.76,0
Kayseri,TİP,4.469,0.47,0
Kırklareli,TİP,4.829,1.79,0
Kırşehir,TİP,739,0.48,0
Konya,TİP,5.993,0.41,0
Kütahya,TİP,1.357,0.34,0
Muğla,TİP,41.198,5.62,0
Nevşehir,TİP,968,0.47,0
Niğde,TİP,687,0.30,0
Ordu,TİP,2.240,0.43,0
Rize,TİP,920,0.38,0
Sakarya,TİP,4.414,0.61,0
Samsun,TİP,6.508,0.71,0
Sinop,TİP,1.258,0.84,0
Sivas,TİP,1.921,0.46,0
Tekirdağ,TİP,12.558,1.60,0
Tokat,TİP,1.610,0.40,0
Trabzon,TİP,1.878,0.34,0
Uşak,TİP,1.101,0.43,0
Yozgat,TİP,733,0.28,0
Zonguldak,TİP,2.193,0.54,0
Aksaray,TİP,881,0.34,0
Bayburt,TİP,146,0.29,0
Karaman,TİP,608,0.36,0
Yalova,TİP,1.951,1.08,0
Karabük,TİP,676,0.41,0
Osmaniye,TİP,1.276,0.37,0
Düzce,TİP,1.419,0.52,0
