il_plaka,il_adi,ilce_slug,ilce_id,ilce_adi,toplam_sandik,acilan_sandik,acilan_sandik_oran,toplam_secmen,kullanilan_oy,gecerli_oy,katilim_orani
6,Ankara,ankara-bala-66,66,Ankara Bala,70,70,%100,17.513,14.522,14.039,"%82,92"
6,Ankara,ankara-elmadag-70,70,Ankara Elmadağ,109,109,%100,34.388,31.924,31.100,"%92,83"
6,Ankara,ankara-akyurt-64,64,Ankara Akyurt,99,99,%100,30.348,27.875,27.269,"%91,85"
6,Ankara,ankara-camlidere-68,68,Ankara Çamlıdere,51,51,%100,7.402,6.497,6.348,"%87,77"
6,Ankara,ankara-etimesgut-58,58,Ankara Etimesgut,1.244,1.244,%100,462.889,426.706,421.110,"%92,18"
6,Ankara,ankara-altindag-56,56,Ankara Altındağ,800,800,%100,294.263,264.180,258.411,"%89,78"
6,Ankara,ankara-cubuk-69,69,Ankara Çubuk,247,247,%100,69.444,63.590,62.252,"%91,57"
6,Ankara,ankara-ayas-65,65,Ankara Ayaş,42,42,%100,10.009,9.328,9.088,"%93,20"
6,Ankara,ankara-beypazari-67,67,Ankara Beypazarı,152,152,%100,37.430,34.133,33.266,"%91,19"
6,Ankara,ankara-cankaya-57,57,Ankara Çankaya,1.971,1.971,%100,717.034,660.594,653.333,"%92,13"
6,Ankara,ankara-kahramankazan-75,75,Ankara Kahramankazan,145,145,%100,42.802,39.217,38.424,"%91,62"
6,Ankara,ankara-kalecik-74,74,Ankara Kalecik,67,67,%100,10.341,9.454,9.117,"%91,42"
6,Ankara,ankara-mamak-61,61,Ankara Mamak,1.358,1.358,%100,499.456,455.495,446.625,"%91,20"
6,Ankara,ankara-kizilcahamam-76,76,Ankara Kızılcahamam,141,141,%100,22.835,20.697,20.244,"%90,64"
6,Ankara,ankara-haymana-73,73,Ankara Haymana,107,107,%100,21.158,17.383,16.665,"%82,16"
6,Ankara,ankara-evren-71,71,Ankara Evren,14,14,%100,2.466,2.046,1.940,"%82,97"
6,Ankara,ankara-kecioren-60,60,Ankara Keçiören,1.885,1.885,%100,693.795,628.346,616.784,"%90,57"
6,Ankara,ankara-golbasi-59,59,Ankara Gölbaşı,307,307,%100,106.348,97.355,95.750,"%91,54"
6,Ankara,ankara-gudul-72,72,Ankara Güdül,38,38,%100,7.203,6.393,6.186,"%88,75"
6,Ankara,ankara-nallihan-77,77,Ankara Nallıhan,120,120,%100,21.762,19.624,18.909,"%90,18"
6,Ankara,ankara-polatli-78,78,Ankara Polatlı,309,309,%100,95.629,83.629,81.474,"%87,45"
6,Ankara,ankara-sereflikochisar-79,79,Ankara Şereflikoçhisar,107,107,%100,25.169,21.217,20.396,"%84,30"
6,Ankara,ankara-pursaklar-925,925,Ankara Pursaklar,318,318,%100,115.128,105.957,104.025,"%92,03"
1,Adana,adana-aladag-3,3,Adana Aladağ,51,51,%100,12.330,11.220,10.810,"%91,00"
1,Adana,adana-feke-5,5,Adana Feke,60,60,%100,12.788,11.039,10.590,"%86,32"
1,Adana,adana-imamoglu-6,6,Adana İmamoğlu,67,67,%100,20.211,18.126,17.606,"%89,68"
1,Adana,adana-cukurova-923,923,Adana Çukurova,790,790,%100,287.869,259.115,255.398,"%90,01"
1,Adana,adana-ceyhan-4,4,Adana Ceyhan,357,357,%100,112.582,98.825,95.960,"%87,78"
6,Ankara,ankara-yenimahalle-63,63,Ankara Yenimahalle,1.430,1.430,%100,528.482,487.463,480.107,"%92,24"
6,Ankara,ankara-sincan-62,62,Ankara Sincan,1.144,1.144,%100,412.350,376.218,368.605,"%91,24"
1,Adana,adana-karaisali-7,7,Adana Karaisalı,84,84,%100,17.312,16.011,15.573,"%92,48"
1,Adana,adana-karatas-8,8,Adana Karataş,72,72,%100,17.032,15.307,14.995,"%89,87"
1,Adana,adana-kozan-9,9,Adana Kozan,315,315,%100,97.522,86.019,83.513,"%88,20"
1,Adana,adana-yuregir-2,2,Adana Yüreğir,784,784,%100,273.305,231.784,223.906,"%84,81"
1,Adana,adana-pozanti-10,10,Adana Pozantı,53,53,%100,15.318,13.683,13.317,"%89,33"
1,Adana,adana-saimbeyli-11,11,Adana Saimbeyli,44,44,%100,10.729,8.953,8.648,"%83,45"
1,Adana,adana-saricam-922,922,Adana Sarıçam,434,434,%100,149.406,132.025,128.896,"%88,37"
1,Adana,adana-seyhan-1,1,Adana Seyhan,1.565,1.565,%100,562.326,489.246,476.233,"%87,00"
1,Adana,adana-tufanbeyli-12,12,Adana Tufanbeyli,59,59,%100,12.827,11.179,10.804,"%87,15"
1,Adana,adana-yumurtalik-13,13,Adana Yumurtalık,50,50,%100,13.769,12.389,12.036,"%89,98"
7,Antalya,antalya-akseki-81,81,Antalya Akseki,59,59,%100,9.129,7.851,7.534,"%86,00"
7,Antalya,antalya-aksu-927,927,Antalya Aksu,163,163,%100,55.724,49.900,48.256,"%89,55"
7,Antalya,antalya-alanya-82,82,Antalya Alanya,686,686,%100,231.985,204.179,198.584,"%88,01"
7,Antalya,antalya-demre-926,926,Antalya Demre,63,63,%100,21.283,19.703,19.005,"%92,58"
7,Antalya,antalya-dosemealti-928,928,Antalya Döşemealtı,168,168,%100,56.986,51.848,50.535,"%90,98"
7,Antalya,antalya-gazipasa-85,85,Antalya Gazipaşa,140,140,%100,41.450,38.098,36.638,"%91,91"
7,Antalya,antalya-finike-84,84,Antalya Finike,122,122,%100,38.139,34.274,33.302,"%89,87"
7,Antalya,antalya-kemer-90,90,Antalya Kemer,93,93,%100,32.867,29.068,28.369,"%88,44"
7,Antalya,antalya-ibradi-87,87,Antalya İbradı,12,12,%100,2.464,2.173,2.087,"%88,19"
7,Antalya,antalya-gundogmus-86,86,Antalya Gündoğmuş,32,32,%100,6.235,5.455,4.972,"%87,49"
7,Antalya,antalya-kepez-929,929,Antalya Kepez,1.198,1.198,%100,436.876,389.554,379.940,"%89,17"
7,Antalya,antalya-elmali-83,83,Antalya Elmalı,114,114,%100,31.087,28.494,27.513,"%91,66"
7,Antalya,antalya-kas-89,89,Antalya Kaş,161,161,%100,47.411,42.758,40.960,"%90,19"
7,Antalya,antalya-korkuteli-91,91,Antalya Korkuteli,153,153,%100,44.120,40.381,38.971,"%91,53"
7,Antalya,antalya-konyaalti-930,930,Antalya Konyaaltı,359,359,%100,128.269,114.308,112.785,"%89,12"
68,Aksaray,aksaray-agacoren-840,840,Aksaray Ağaçören,38,38,%100,6.076,5.161,4.921,"%84,94"
68,Aksaray,aksaray-eskil-841,841,Aksaray Eskil,73,73,%100,19.056,17.476,17.114,"%91,71"
7,Antalya,antalya-manavgat-93,93,Antalya Manavgat,547,547,%100,183.833,164.382,159.754,"%89,42"
7,Antalya,antalya-kumluca-92,92,Antalya Kumluca,169,169,%100,55.570,51.041,49.739,"%91,85"
7,Antalya,antalya-serik-94,94,Antalya Serik,307,307,%100,101.601,90.716,88.035,"%89,29"
7,Antalya,antalya-muratpasa-931,931,Antalya Muratpaşa,1.046,1.046,%100,382.434,340.175,334.305,"%88,95"
68,Aksaray,aksaray-sariyahsi-845,845,Aksaray Sarıyahşi,17,17,%100,3.714,2.677,2.552,"%72,08"
68,Aksaray,aksaray-sultanhani-1282,1282,Aksaray Sultanhanı,25,25,%100,8.087,7.420,7.229,"%91,75"
68,Aksaray,aksaray-merkez-839,839,Aksaray Merkez,658,658,%100,214.944,187.873,183.212,"%87,41"
68,Aksaray,aksaray-ortakoy-844,844,Aksaray Ortaköy,83,83,%100,23.211,19.584,18.934,"%84,37"
68,Aksaray,aksaray-gulagac-842,842,Aksaray Gülağaç,46,46,%100,13.606,10.830,10.483,"%79,60"
68,Aksaray,aksaray-guzelyurt-843,843,Aksaray Güzelyurt,31,31,%100,7.872,6.641,6.470,"%84,36"
8,Artvin,artvin-ardanuc-96,96,Artvin Ardanuç,66,66,%100,9.076,7.908,7.566,"%87,13"
8,Artvin,artvin-arhavi-97,97,Artvin Arhavi,70,70,%100,16.901,15.000,14.680,"%88,75"
5,Amasya,amasya-goynucek-50,50,Amasya Göynücek,48,48,%100,7.950,7.317,7.152,"%92,04"
5,Amasya,amasya-gumushacikoy-51,51,Amasya Gümüşhacıköy,83,83,%100,18.246,16.999,16.602,"%93,17"
5,Amasya,amasya-merkez-49,49,Amasya Merkez,358,358,%100,107.218,99.343,97.112,"%92,66"
5,Amasya,amasya-hamamozu-52,52,Amasya Hamamözü,22,22,%100,2.979,2.731,2.650,"%91,68"
5,Amasya,amasya-suluova-54,54,Amasya Suluova,134,134,%100,36.530,33.495,32.617,"%91,69"
5,Amasya,amasya-merzifon-53,53,Amasya Merzifon,218,218,%100,58.663,54.066,53.045,"%92,16"
5,Amasya,amasya-tasova-55,55,Amasya Taşova,108,108,%100,25.221,22.693,21.778,"%89,98"
8,Artvin,artvin-borcka-98,98,Artvin Borçka,67,67,%100,17.375,15.557,15.154,"%89,54"
8,Artvin,artvin-savsat-101,101,Artvin Şavşat,90,90,%100,14.718,12.484,11.919,"%84,82"
8,Artvin,artvin-yusufeli-102,102,Artvin Yusufeli,115,115,%100,15.809,13.490,13.071,"%85,33"
3,Afyonkarahisar,afyonkarahisar-cay-27,27,Afyonkarahisar Çay,80,80,%100,23.230,20.709,20.027,"%89,15"
8,Artvin,artvin-hopa-99,99,Artvin Hopa,73,73,%100,21.320,19.149,18.706,"%89,82"
8,Artvin,artvin-kemalpasa-1280,1280,Artvin Kemalpaşa,27,27,%100,7.211,6.598,6.422,"%91,50"
8,Artvin,artvin-merkez-95,95,Artvin Merkez,108,108,%100,25.246,23.078,22.541,"%91,41"
8,Artvin,artvin-murgul-100,100,Artvin Murgul,21,21,%100,4.657,4.102,4.014,"%88,08"
3,Afyonkarahisar,afyonkarahisar-basmakci-24,24,Afyonkarahisar Başmakçı,30,30,%100,7.494,6.931,6.635,"%92,49"
3,Afyonkarahisar,afyonkarahisar-bayat-25,25,Afyonkarahisar Bayat,24,24,%100,5.701,5.106,4.836,"%89,56"
3,Afyonkarahisar,afyonkarahisar-bolvadin-26,26,Afyonkarahisar Bolvadin,127,127,%100,31.637,28.408,27.579,"%89,79"
3,Afyonkarahisar,afyonkarahisar-dazkiri-29,29,Afyonkarahisar Dazkırı,35,35,%100,8.786,8.144,7.877,"%92,69"
3,Afyonkarahisar,afyonkarahisar-dinar-30,30,Afyonkarahisar Dinar,152,152,%100,35.627,31.510,30.452,"%88,44"
3,Afyonkarahisar,afyonkarahisar-cobanlar-28,28,Afyonkarahisar Çobanlar,34,34,%100,9.488,8.906,8.677,"%93,87"
3,Afyonkarahisar,afyonkarahisar-sandikli-37,37,Afyonkarahisar Sandıklı,149,149,%100,41.723,36.778,35.660,"%88,15"
3,Afyonkarahisar,afyonkarahisar-suhut-40,40,Afyonkarahisar Şuhut,97,97,%100,27.393,25.252,24.421,"%92,18"
3,Afyonkarahisar,afyonkarahisar-sinanpasa-924,924,Afyonkarahisar Sinanpaşa,121,121,%100,29.626,26.880,25.832,"%90,73"
3,Afyonkarahisar,afyonkarahisar-merkez-23,23,Afyonkarahisar Merkez,655,655,%100,219.282,203.241,199.601,"%92,68"
3,Afyonkarahisar,afyonkarahisar-kiziloren-36,36,Afyonkarahisar Kızılören,8,8,%100,1.847,1.605,1.536,"%86,90"
3,Afyonkarahisar,afyonkarahisar-evciler-32,32,Afyonkarahisar Evciler,20,20,%100,5.594,5.065,4.903,"%90,54"
3,Afyonkarahisar,afyonkarahisar-emirdag-31,31,Afyonkarahisar Emirdağ,142,142,%100,32.693,23.025,22.305,"%70,43"
3,Afyonkarahisar,afyonkarahisar-ihsaniye-34,34,Afyonkarahisar İhsaniye,79,79,%100,20.232,19.046,18.484,"%94,14"
3,Afyonkarahisar,afyonkarahisar-iscehisar-35,35,Afyonkarahisar İscehisar,56,56,%100,17.568,16.557,16.191,"%94,25"
3,Afyonkarahisar,afyonkarahisar-hocalar-33,33,Afyonkarahisar Hocalar,28,28,%100,6.979,6.130,5.858,"%87,83"
4,Ağrı,agri-diyadin-42,42,Ağrı Diyadin,105,105,%100,22.975,15.531,14.338,"%67,60"
3,Afyonkarahisar,afyonkarahisar-sultandagi-39,39,Afyonkarahisar Sultandağı,48,48,%100,12.010,10.782,10.374,"%89,78"
4,Ağrı,agri-eleskirt-44,44,Ağrı Eleşkirt,96,96,%100,19.536,13.461,12.703,"%68,90"
4,Ağrı,agri-hamur-45,45,Ağrı Hamur,53,53,%100,9.344,6.667,6.355,"%71,35"
4,Ağrı,agri-dogubayazit-43,43,Ağrı Doğubayazıt,246,246,%100,70.487,51.689,49.056,"%73,33"
4,Ağrı,agri-merkez-41,41,Ağrı Merkez,317,317,%100,90.894,70.065,66.860,"%77,08"
4,Ağrı,agri-patnos-46,46,Ağrı Patnos,237,237,%100,65.482,44.997,42.570,"%68,72"
4,Ağrı,agri-taslicay-47,47,Ağrı Taşlıçay,54,54,%100,11.465,8.789,8.368,"%76,66"
2,Adıyaman,adiyaman-golbasi-18,18,Adıyaman Gölbaşı,112,112,%100,33.496,27.271,26.019,"%81,42"
4,Ağrı,agri-tutak-48,48,Ağrı Tutak,99,99,%100,16.931,12.500,12.007,"%73,83"
2,Adıyaman,adiyaman-besni-15,15,Adıyaman Besni,197,197,%100,52.352,41.692,39.274,"%79,64"
2,Adıyaman,adiyaman-celikhan-16,16,Adıyaman Çelikhan,53,53,%100,10.320,9.259,8.953,"%89,72"
2,Adıyaman,adiyaman-gerger-17,17,Adıyaman Gerger,63,63,%100,10.685,8.244,8.055,"%77,15"
75,Ardahan,ardahan-damal-883,883,Ardahan Damal,18,18,%100,3.840,3.324,3.197,"%86,56"
75,Ardahan,ardahan-cildir-882,882,Ardahan Çıldır,43,43,%100,6.717,5.439,5.194,"%80,97"
2,Adıyaman,adiyaman-merkez-14,14,Adıyaman Merkez,608,608,%100,186.863,149.872,144.055,"%80,20"
2,Adıyaman,adiyaman-kahta-19,19,Adıyaman Kahta,313,313,%100,83.579,71.265,69.205,"%85,27"
2,Adıyaman,adiyaman-samsat-20,20,Adıyaman Samsat,24,24,%100,4.291,3.926,3.841,"%91,49"
2,Adıyaman,adiyaman-sincik-21,21,Adıyaman Sincik,53,53,%100,10.973,10.032,9.955,"%91,42"
2,Adıyaman,adiyaman-tut-22,22,Adıyaman Tut,29,29,%100,6.744,5.788,5.582,"%85,82"
75,Ardahan,ardahan-posof-886,886,Ardahan Posof,53,53,%100,5.081,4.309,4.152,"%84,81"
75,Ardahan,ardahan-hanak-885,885,Ardahan Hanak,37,37,%100,6.397,5.467,5.186,"%85,46"
75,Ardahan,ardahan-merkez-881,881,Ardahan Merkez,116,116,%100,28.858,24.269,23.264,"%84,10"
75,Ardahan,ardahan-gole-884,884,Ardahan Göle,72,72,%100,17.241,13.566,12.905,"%78,68"
12,Bingöl,bingol-genc-149,149,Bingöl Genç,89,89,%100,24.152,18.929,18.015,"%78,37"
12,Bingöl,bingol-adakli-148,148,Bingöl Adaklı,29,29,%100,6.036,4.795,4.536,"%79,44"
12,Bingöl,bingol-karliova-150,150,Bingöl Karlıova,76,76,%100,18.091,12.797,11.884,"%70,74"
13,Bitlis,bitlis-adilcevaz-156,156,Bitlis Adilcevaz,74,74,%100,18.292,13.848,13.246,"%75,71"
12,Bingöl,bingol-yedisu-154,154,Bingöl Yedisu,18,18,%100,2.264,1.997,1.900,"%88,21"
12,Bingöl,bingol-kigi-151,151,Bingöl Kiğı,18,18,%100,3.747,3.017,2.842,"%80,52"
12,Bingöl,bingol-merkez-147,147,Bingöl Merkez,374,374,%100,114.157,91.175,86.964,"%79,87"
12,Bingöl,bingol-solhan-152,152,Bingöl Solhan,82,82,%100,23.312,18.161,17.266,"%77,90"
12,Bingöl,bingol-yayladere-153,153,Bingöl Yayladere,27,27,%100,1.776,1.390,1.310,"%78,27"
13,Bitlis,bitlis-ahlat-157,157,Bitlis Ahlat,96,96,%100,26.098,21.874,21.249,"%83,81"
13,Bitlis,bitlis-hizan-159,159,Bitlis Hizan,113,113,%100,20.392,16.233,15.380,"%79,60"
13,Bitlis,bitlis-guroymak-158,158,Bitlis Güroymak,101,101,%100,28.952,22.695,21.715,"%78,39"
13,Bitlis,bitlis-merkez-155,155,Bitlis Merkez,185,185,%100,44.751,37.609,35.939,"%84,04"
13,Bitlis,bitlis-mutki-160,160,Bitlis Mutki,90,90,%100,17.909,14.225,13.659,"%79,43"
13,Bitlis,bitlis-tatvan-161,161,Bitlis Tatvan,207,207,%100,64.613,54.474,52.248,"%84,31"
15,Burdur,burdur-cavdir-175,175,Burdur Çavdır,35,35,%100,10.110,8.938,8.492,"%88,41"
15,Burdur,burdur-celtikci-176,176,Burdur Çeltikçi,15,15,%100,4.226,3.872,3.661,"%91,62"
15,Burdur,burdur-aglasun-172,172,Burdur Ağlasun,25,25,%100,6.197,5.719,5.417,"%92,29"
15,Burdur,burdur-altinyayla-173,173,Burdur Altınyayla,15,15,%100,4.284,3.816,3.571,"%89,08"
15,Burdur,burdur-golhisar-177,177,Burdur Gölhisar,57,57,%100,17.477,15.483,14.898,"%88,59"
15,Burdur,burdur-kemer-179,179,Burdur Kemer,11,11,%100,2.507,2.265,2.168,"%90,35"
14,Bolu,bolu-dortdivan-163,163,Bolu Dörtdivan,34,34,%100,5.639,5.086,4.987,"%90,19"
15,Burdur,burdur-karamanli-178,178,Burdur Karamanlı,26,26,%100,6.588,5.915,5.727,"%89,78"
15,Burdur,burdur-bucak-174,174,Burdur Bucak,176,176,%100,50.444,46.442,44.955,"%92,07"
15,Burdur,burdur-yesilova-181,181,Burdur Yeşilova,59,59,%100,12.421,10.901,10.362,"%87,76"
15,Burdur,burdur-merkez-171,171,Burdur Merkez,265,265,%100,81.578,74.619,72.519,"%91,47"
15,Burdur,burdur-tefenni-180,180,Burdur Tefenni,33,33,%100,8.491,7.460,7.114,"%87,86"
14,Bolu,bolu-mudurnu-168,168,Bolu Mudurnu,92,92,%100,14.965,13.580,13.078,"%90,75"
14,Bolu,bolu-seben-169,169,Bolu Seben,36,36,%100,3.996,3.547,3.412,"%88,76"
14,Bolu,bolu-gerede-164,164,Bolu Gerede,143,143,%100,26.718,24.792,24.340,"%92,79"
14,Bolu,bolu-goynuk-165,165,Bolu Göynük,78,78,%100,11.652,10.639,10.334,"%91,31"
14,Bolu,bolu-merkez-162,162,Bolu Merkez,498,498,%100,153.987,141.452,138.201,"%91,86"
14,Bolu,bolu-kibriscik-166,166,Bolu Kıbrıscık,25,25,%100,2.546,2.261,2.149,"%88,81"
14,Bolu,bolu-mengen-167,167,Bolu Mengen,76,76,%100,11.420,9.897,9.496,"%86,66"
10,Balıkesir,balikesir-bandirma-123,123,Balıkesir Bandırma,360,360,%100,123.239,111.973,109.905,"%90,86"
10,Balıkesir,balikesir-bigadic-124,124,Balıkesir Bigadiç,141,141,%100,37.259,34.448,33.391,"%92,46"
10,Balıkesir,balikesir-balya-122,122,Balıkesir Balya,56,56,%100,10.957,10.221,9.761,"%93,28"
10,Balıkesir,balikesir-burhaniye-125,125,Balıkesir Burhaniye,159,159,%100,50.790,45.970,44.940,"%90,51"
14,Bolu,bolu-yenicaga-170,170,Bolu Yeniçağa,28,28,%100,5.541,4.933,4.828,"%89,03"
10,Balıkesir,balikesir-altieylul-1065,1065,Balıkesir Altıeylül,431,431,%100,140.061,129.003,126.484,"%92,10"
10,Balıkesir,balikesir-ayvalik-121,121,Balıkesir Ayvalık,182,182,%100,60.055,53.526,52.372,"%89,13"
10,Balıkesir,balikesir-gomec-129,129,Balıkesir Gömeç,42,42,%100,13.613,12.362,11.993,"%90,81"
10,Balıkesir,balikesir-havran-131,131,Balıkesir Havran,72,72,%100,21.344,19.975,19.292,"%93,59"
10,Balıkesir,balikesir-ivrindi-132,132,Balıkesir İvrindi,107,107,%100,25.958,24.411,23.584,"%94,04"
10,Balıkesir,balikesir-gonen-130,130,Balıkesir Gönen,225,225,%100,60.929,55.881,54.495,"%91,71"
10,Balıkesir,balikesir-edremit-127,127,Balıkesir Edremit,386,386,%100,135.472,119.982,117.796,"%88,57"
10,Balıkesir,balikesir-erdek-128,128,Balıkesir Erdek,86,86,%100,26.792,23.777,23.203,"%88,75"
10,Balıkesir,balikesir-dursunbey-126,126,Balıkesir Dursunbey,159,159,%100,27.600,25.292,24.290,"%91,64"
10,Balıkesir,balikesir-karesi-1064,1064,Balıkesir Karesi,420,420,%100,142.973,132.335,129.820,"%92,56"
10,Balıkesir,balikesir-susurluk-138,138,Balıkesir Susurluk,115,115,%100,30.959,28.146,27.464,"%90,91"
10,Balıkesir,balikesir-sindirgi-137,137,Balıkesir Sındırgı,117,117,%100,28.138,26.007,24.474,"%92,43"
10,Balıkesir,balikesir-marmara-135,135,Balıkesir Marmara,31,31,%100,8.777,7.678,7.503,"%87,48"
10,Balıkesir,balikesir-savastepe-136,136,Balıkesir Savaştepe,76,76,%100,13.704,12.627,12.190,"%92,14"
10,Balıkesir,balikesir-kepsut-133,133,Balıkesir Kepsut,89,89,%100,16.826,15.852,15.337,"%94,21"
10,Balıkesir,balikesir-manyas-134,134,Balıkesir Manyas,68,68,%100,15.159,13.825,13.398,"%91,20"
9,Aydın,aydin-cine-106,106,Aydın Çine,154,154,%100,39.758,36.506,35.163,"%91,82"
9,Aydın,aydin-buharkent-105,105,Aydın Buharkent,34,34,%100,10.017,9.150,8.823,"%91,34"
9,Aydın,aydin-bozdogan-104,104,Aydın Bozdoğan,97,97,%100,25.626,23.565,22.525,"%91,96"
9,Aydın,aydin-didim-107,107,Aydın Didim,212,212,%100,76.177,65.201,63.958,"%85,59"
9,Aydın,aydin-incirliova-109,109,Aydın İncirliova,122,122,%100,40.884,36.551,35.576,"%89,40"
9,Aydın,aydin-germencik-108,108,Aydın Germencik,109,109,%100,33.056,30.404,29.427,"%91,98"
9,Aydın,aydin-efeler-1063,1063,Aydın Efeler,652,652,%100,226.258,205.914,201.504,"%91,01"
9,Aydın,aydin-karpuzlu-111,111,Aydın Karpuzlu,35,35,%100,8.788,8.054,7.735,"%91,65"
9,Aydın,aydin-kocarli-112,112,Aydın Koçarlı,77,77,%100,17.999,16.730,16.270,"%92,95"
9,Aydın,aydin-karacasu-110,110,Aydın Karacasu,60,60,%100,14.356,12.949,12.290,"%90,20"
9,Aydın,aydin-kosk-113,113,Aydın Köşk,72,72,%100,21.266,19.760,19.116,"%92,92"
9,Aydın,aydin-kusadasi-114,114,Aydın Kuşadası,282,282,%100,100.825,87.328,85.932,"%86,61"
9,Aydın,aydin-kuyucak-115,115,Aydın Kuyucak,72,72,%100,21.249,19.363,18.675,"%91,12"
9,Aydın,aydin-nazilli-116,116,Aydın Nazilli,368,368,%100,122.009,109.722,106.787,"%89,93"
74,Bartın,bartin-kurucasile-879,879,Bartın Kurucaşile,34,34,%100,5.409,4.628,4.374,"%85,56"
74,Bartın,bartin-amasra-878,878,Bartın Amasra,47,47,%100,11.577,10.129,9.552,"%87,49"
9,Aydın,aydin-yenipazar-119,119,Aydın Yenipazar,39,39,%100,9.721,8.941,8.697,"%91,98"
9,Aydın,aydin-soke-117,117,Aydın Söke,282,282,%100,93.670,84.188,82.070,"%89,88"
9,Aydın,aydin-sultanhisar-118,118,Aydın Sultanhisar,53,53,%100,15.486,14.159,13.691,"%91,43"
74,Bartın,bartin-merkez-877,877,Bartın Merkez,395,395,%100,120.714,107.003,102.494,"%88,64"
72,Batman,batman-gercus-866,866,Batman Gercüş,75,75,%100,13.291,10.850,10.288,"%81,63"
72,Batman,batman-besiri-865,865,Batman Beşiri,89,89,%100,19.185,16.457,15.643,"%85,78"
69,Bayburt,bayburt-merkez-846,846,Bayburt Merkez,222,222,%100,46.469,40.452,39.739,"%87,05"
74,Bartın,bartin-ulus-880,880,Bartın Ulus,100,100,%100,18.392,16.181,15.265,"%87,98"
69,Bayburt,bayburt-aydintepe-847,847,Bayburt Aydıntepe,30,30,%100,4.877,4.188,4.074,"%85,87"
69,Bayburt,bayburt-demirozu-848,848,Bayburt Demirözü,39,39,%100,5.824,5.288,5.233,"%90,80"
72,Batman,batman-kozluk-868,868,Batman Kozluk,155,155,%100,37.483,31.662,30.432,"%84,47"
11,Bilecik,bilecik-bozuyuk-140,140,Bilecik Bozüyük,212,212,%100,60.356,56.076,54.913,"%92,91"
11,Bilecik,bilecik-golpazari-141,141,Bilecik Gölpazarı,62,62,%100,7.580,6.742,6.479,"%88,94"
11,Bilecik,bilecik-inhisar-142,142,Bilecik İnhisar,14,14,%100,1.930,1.736,1.636,"%89,95"
72,Batman,batman-merkez-864,864,Batman Merkez,857,857,%100,306.087,261.829,250.975,"%85,54"
72,Batman,batman-sason-869,869,Batman Sason,98,98,%100,18.890,14.800,14.167,"%78,35"
72,Batman,batman-hasankeyf-867,867,Batman Hasankeyf,28,28,%100,5.142,4.314,4.071,"%83,90"
11,Bilecik,bilecik-osmaneli-143,143,Bilecik Osmaneli,65,65,%100,16.835,15.459,15.021,"%91,83"
11,Bilecik,bilecik-pazaryeri-144,144,Bilecik Pazaryeri,42,42,%100,7.936,7.255,7.009,"%91,42"
11,Bilecik,bilecik-merkez-139,139,Bilecik Merkez,192,192,%100,55.756,51.006,49.823,"%91,48"
11,Bilecik,bilecik-yenipazar-146,146,Bilecik Yenipazar,27,27,%100,2.474,2.263,2.188,"%91,47"
11,Bilecik,bilecik-sogut-145,145,Bilecik Söğüt,57,57,%100,14.246,13.162,12.797,"%92,39"
17,Çanakkale,canakkale-ayvacik-200,200,Çanakkale Ayvacık,129,129,%100,28.254,25.769,25.102,"%91,20"
17,Çanakkale,canakkale-ezine-205,205,Çanakkale Ezine,100,100,%100,25.223,23.028,22.334,"%91,30"
17,Çanakkale,canakkale-gelibolu-206,206,Çanakkale Gelibolu,111,111,%100,34.834,31.098,30.235,"%89,27"
17,Çanakkale,canakkale-eceabat-204,204,Çanakkale Eceabat,28,28,%100,7.387,6.732,6.571,"%91,13"
17,Çanakkale,canakkale-bayramic-201,201,Çanakkale Bayramiç,117,117,%100,23.855,22.363,21.606,"%93,75"
17,Çanakkale,canakkale-biga-202,202,Çanakkale Biga,268,268,%100,72.806,67.132,65.573,"%92,21"
17,Çanakkale,canakkale-bozcaada-971,971,Çanakkale Bozcaada,8,8,%100,2.691,2.376,2.344,"%88,29"
17,Çanakkale,canakkale-can-203,203,Çanakkale Çan,151,151,%100,38.255,36.002,35.198,"%94,11"
17,Çanakkale,canakkale-gokceada-972,972,Çanakkale Gökçeada,28,28,%100,7.764,6.553,6.393,"%84,40"
18,Çankırı,cankiri-ilgaz-214,214,Çankırı Ilgaz,95,95,%100,11.538,10.051,9.728,"%87,11"
18,Çankırı,cankiri-kizilirmak-215,215,Çankırı Kızılırmak,33,33,%100,5.866,5.263,5.169,"%89,72"
18,Çankırı,cankiri-cerkes-212,212,Çankırı Çerkeş,78,78,%100,12.774,11.030,10.649,"%86,35"
17,Çanakkale,canakkale-lapseki-207,207,Çanakkale Lapseki,93,93,%100,23.638,21.807,21.232,"%92,25"
17,Çanakkale,canakkale-merkez-199,199,Çanakkale Merkez,440,440,%100,146.019,133.078,131.091,"%91,14"
17,Çanakkale,canakkale-yenice-208,208,Çanakkale Yenice,119,119,%100,25.534,23.878,23.217,"%93,51"
18,Çankırı,cankiri-atkaracalar-210,210,Çankırı Atkaracalar,20,20,%100,3.287,2.813,2.753,"%85,58"
18,Çankırı,cankiri-bayramoren-211,211,Çankırı Bayramören,30,30,%100,2.190,1.885,1.826,"%86,07"
18,Çankırı,cankiri-eldivan-213,213,Çankırı Eldivan,27,27,%100,5.211,4.610,4.409,"%88,47"
19,Çorum,corum-alaca-222,222,Çorum Alaca,146,146,%100,23.193,20.703,20.358,"%89,26"
19,Çorum,corum-bogazkale-224,224,Çorum Boğazkale,20,20,%100,3.043,2.716,2.650,"%89,25"
18,Çankırı,cankiri-kursunlu-217,217,Çankırı Kurşunlu,45,45,%100,6.826,6.000,5.846,"%87,90"
18,Çankırı,cankiri-orta-218,218,Çankırı Orta,49,49,%100,9.675,8.442,8.273,"%87,26"
18,Çankırı,cankiri-sabanozu-219,219,Çankırı Şabanözü,41,41,%100,9.074,8.296,8.091,"%91,43"
18,Çankırı,cankiri-korgun-216,216,Çankırı Korgun,19,19,%100,3.330,2.959,2.913,"%88,86"
18,Çankırı,cankiri-yaprakli-220,220,Çankırı Yapraklı,46,46,%100,6.535,5.687,5.573,"%87,02"
19,Çorum,corum-bayat-223,223,Çorum Bayat,74,74,%100,11.834,10.472,10.173,"%88,49"
18,Çankırı,cankiri-merkez-209,209,Çankırı Merkez,218,218,%100,65.554,59.112,57.961,"%90,17"
19,Çorum,corum-dodurga-225,225,Çorum Dodurga,22,22,%100,4.560,4.116,3.920,"%90,26"
19,Çorum,corum-lacin-228,228,Çorum Laçin,19,19,%100,3.494,3.179,3.078,"%90,98"
19,Çorum,corum-iskilip-226,226,Çorum İskilip,121,121,%100,24.157,21.477,20.610,"%88,91"
19,Çorum,corum-kargi-227,227,Çorum Kargı,79,79,%100,13.519,11.836,11.249,"%87,55"
19,Çorum,corum-mecitozu-229,229,Çorum Mecitözü,68,68,%100,11.845,10.990,10.749,"%92,78"
19,Çorum,corum-sungurlu-233,233,Çorum Sungurlu,181,181,%100,36.856,33.207,32.551,"%90,10"
16,Bursa,bursa-gemlik-186,186,Bursa Gemlik,265,265,%100,92.468,83.316,81.515,"%90,10"
19,Çorum,corum-merkez-221,221,Çorum Merkez,757,757,%100,218.354,200.028,196.273,"%91,61"
19,Çorum,corum-ortakoy-231,231,Çorum Ortaköy,26,26,%100,5.183,4.725,4.603,"%91,16"
19,Çorum,corum-osmancik-232,232,Çorum Osmancık,142,142,%100,33.800,30.570,29.646,"%90,44"
19,Çorum,corum-ugurludag-234,234,Çorum Uğurludağ,29,29,%100,5.033,4.573,4.492,"%90,86"
19,Çorum,corum-oguzlar-230,230,Çorum Oğuzlar,16,16,%100,4.167,3.888,3.705,"%93,30"
16,Bursa,bursa-buyukorhan-185,185,Bursa Büyükorhan,49,49,%100,7.833,7.162,6.733,"%91,43"
16,Bursa,bursa-inegol-189,189,Bursa İnegöl,622,622,%100,209.075,191.041,186.387,"%91,37"
16,Bursa,bursa-iznik-190,190,Bursa İznik,122,122,%100,36.005,32.989,32.268,"%91,62"
16,Bursa,bursa-gursu-187,187,Bursa Gürsu,194,194,%100,69.483,62.049,60.414,"%89,30"
16,Bursa,bursa-harmancik-188,188,Bursa Harmancık,42,42,%100,5.191,4.708,4.457,"%90,70"
16,Bursa,bursa-orhangazi-197,197,Bursa Orhangazi,193,193,%100,63.161,57.538,56.252,"%91,10"
16,Bursa,bursa-karacabey-191,191,Bursa Karacabey,216,216,%100,65.691,59.554,57.882,"%90,66"
16,Bursa,bursa-kestel-193,193,Bursa Kestel,164,164,%100,55.098,50.112,49.111,"%90,95"
16,Bursa,bursa-mudanya-194,194,Bursa Mudanya,254,254,%100,87.354,79.816,78.379,"%91,37"
16,Bursa,bursa-mustafakemalpasa-195,195,Bursa Mustafakemalpaşa,289,289,%100,81.382,74.929,72.954,"%92,07"
16,Bursa,bursa-nilufer-182,182,Bursa Nilüfer,1.055,1.055,%100,385.211,355.495,350.944,"%92,29"
16,Bursa,bursa-keles-192,192,Bursa Keles,47,47,%100,9.708,8.865,8.485,"%91,32"
16,Bursa,bursa-orhaneli-196,196,Bursa Orhaneli,82,82,%100,15.599,14.631,14.015,"%93,79"
81,Düzce,duzce-akcakoca-915,915,Düzce Akçakoca,113,113,%100,31.683,29.082,28.364,"%91,79"
16,Bursa,bursa-osmangazi-183,183,Bursa Osmangazi,1.834,1.834,%100,665.809,603.080,589.845,"%90,58"
16,Bursa,bursa-yildirim-184,184,Bursa Yıldırım,1.291,1.291,%100,475.551,427.864,417.647,"%89,97"
16,Bursa,bursa-yenisehir-198,198,Bursa Yenişehir,151,151,%100,42.793,39.398,38.383,"%92,07"
81,Düzce,duzce-cilimli-917,917,Düzce Çilimli,50,50,%100,13.583,12.647,12.395,"%93,11"
81,Düzce,duzce-yigilca-921,921,Düzce Yığılca,58,58,%100,11.380,10.512,10.033,"%92,37"
20,Denizli,denizli-babadag-238,238,Denizli Babadağ,19,19,%100,5.019,4.668,4.448,"%93,01"
20,Denizli,denizli-acipayam-236,236,Denizli Acıpayam,149,149,%100,44.082,40.007,38.307,"%90,76"
81,Düzce,duzce-cumayeri-916,916,Düzce Cumayeri,45,45,%100,11.689,10.876,10.672,"%93,04"
81,Düzce,duzce-golyaka-918,918,Düzce Gölyaka,60,60,%100,16.180,15.185,14.797,"%93,85"
81,Düzce,duzce-gumusova-919,919,Düzce Gümüşova,46,46,%100,13.076,12.148,11.873,"%92,90"
81,Düzce,duzce-kaynasli-920,920,Düzce Kaynaşlı,59,59,%100,15.850,14.423,14.071,"%91,00"
81,Düzce,duzce-merkez-914,914,Düzce Merkez,554,554,%100,181.196,166.972,163.363,"%92,15"
20,Denizli,denizli-civril-247,247,Denizli Çivril,167,167,%100,46.338,41.234,39.588,"%88,99"
20,Denizli,denizli-bekilli-240,240,Denizli Bekilli,22,22,%100,5.518,4.944,4.766,"%89,60"
20,Denizli,denizli-cameli-245,245,Denizli Çameli,53,53,%100,14.876,13.308,12.581,"%89,46"
20,Denizli,denizli-baklan-239,239,Denizli Baklan,17,17,%100,4.383,4.097,3.920,"%93,47"
20,Denizli,denizli-bozkurt-242,242,Denizli Bozkurt,35,35,%100,8.569,7.831,7.508,"%91,39"
20,Denizli,denizli-beyagac-241,241,Denizli Beyağaç,22,22,%100,5.090,4.736,4.497,"%93,05"
20,Denizli,denizli-buldan-243,243,Denizli Buldan,80,80,%100,21.173,19.311,18.546,"%91,21"
20,Denizli,denizli-cal-244,244,Denizli Çal,64,64,%100,14.841,13.633,13.151,"%91,86"
20,Denizli,denizli-merkezefendi-1067,1067,Denizli Merkezefendi,694,694,%100,250.208,231.915,227.676,"%92,69"
20,Denizli,denizli-honaz-249,249,Denizli Honaz,74,74,%100,22.801,20.919,20.223,"%91,75"
20,Denizli,denizli-kale-250,250,Denizli Kale,57,57,%100,15.039,13.871,13.247,"%92,23"
20,Denizli,denizli-cardak-246,246,Denizli Çardak,25,25,%100,6.744,6.145,5.886,"%91,12"
20,Denizli,denizli-guney-248,248,Denizli Güney,35,35,%100,7.908,7.312,6.960,"%92,46"
21,Diyarbakır,diyarbakir-bismil-255,255,Diyarbakır Bismil,274,274,%100,74.110,63.317,60.724,"%85,44"
20,Denizli,denizli-saraykoy-251,251,Denizli Sarayköy,81,81,%100,23.736,21.962,21.283,"%92,53"
20,Denizli,denizli-pamukkale-1066,1066,Denizli Pamukkale,710,710,%100,253.514,231.679,226.634,"%91,39"
21,Diyarbakır,diyarbakir-cungus-258,258,Diyarbakır Çüngüş,46,46,%100,7.483,5.776,5.364,"%77,19"
20,Denizli,denizli-serinhisar-252,252,Denizli Serinhisar,35,35,%100,11.284,10.584,10.250,"%93,80"
20,Denizli,denizli-tavas-253,253,Denizli Tavas,122,122,%100,34.160,30.749,29.581,"%90,01"
21,Diyarbakır,diyarbakir-baglar-932,932,Diyarbakır Bağlar,714,714,%100,254.385,206.538,198.548,"%81,19"
21,Diyarbakır,diyarbakir-cermik-256,256,Diyarbakır Çermik,133,133,%100,31.759,24.122,22.934,"%75,95"
21,Diyarbakır,diyarbakir-cinar-257,257,Diyarbakır Çınar,166,166,%100,43.549,35.391,34.075,"%81,27"
21,Diyarbakır,diyarbakir-dicle-259,259,Diyarbakır Dicle,90,90,%100,23.603,17.817,16.659,"%75,49"
21,Diyarbakır,diyarbakir-egil-260,260,Diyarbakır Eğil,53,53,%100,14.232,10.524,9.653,"%73,95"
21,Diyarbakır,diyarbakir-hani-262,262,Diyarbakır Hani,67,67,%100,20.133,13.743,12.790,"%68,26"
21,Diyarbakır,diyarbakir-ergani-261,261,Diyarbakır Ergani,294,294,%100,87.937,70.260,66.605,"%79,90"
21,Diyarbakır,diyarbakir-hazro-263,263,Diyarbakır Hazro,42,42,%100,10.033,7.768,7.318,"%77,42"
21,Diyarbakır,diyarbakir-kayapinar-933,933,Diyarbakır Kayapınar,770,770,%100,273.047,230.483,221.930,"%84,41"
21,Diyarbakır,diyarbakir-kocakoy-264,264,Diyarbakır Kocaköy,38,38,%100,9.861,8.341,7.884,"%84,59"
21,Diyarbakır,diyarbakir-kulp-265,265,Diyarbakır Kulp,94,94,%100,23.021,18.091,16.957,"%78,58"
21,Diyarbakır,diyarbakir-sur-934,934,Diyarbakır Sur,221,221,%100,59.860,48.488,46.183,"%81,00"
21,Diyarbakır,diyarbakir-lice-266,266,Diyarbakır Lice,80,80,%100,17.836,14.910,14.246,"%83,59"
21,Diyarbakır,diyarbakir-silvan-267,267,Diyarbakır Silvan,192,192,%100,54.318,45.407,43.158,"%83,59"
23,Elazığ,elazig-alacakaya-279,279,Elazığ Alacakaya,22,22,%100,4.640,3.920,3.773,"%84,48"
23,Elazığ,elazig-agin-278,278,Elazığ Ağın,23,23,%100,2.219,1.922,1.860,"%86,62"
21,Diyarbakır,diyarbakir-yenisehir-935,935,Diyarbakır Yenişehir,411,411,%100,141.847,116.359,111.568,"%82,03"
23,Elazığ,elazig-aricak-280,280,Elazığ Arıcak,38,38,%100,9.517,7.317,6.903,"%76,88"
23,Elazığ,elazig-baskil-281,281,Elazığ Baskil,74,74,%100,9.966,9.085,8.832,"%91,16"
23,Elazığ,elazig-karakocan-282,282,Elazığ Karakoçan,125,125,%100,21.184,16.398,15.615,"%77,41"
23,Elazığ,elazig-keban-283,283,Elazığ Keban,39,39,%100,4.969,4.523,4.425,"%91,02"
23,Elazığ,elazig-kovancilar-284,284,Elazığ Kovancılar,132,132,%100,27.145,21.972,21.176,"%80,94"
23,Elazığ,elazig-maden-285,285,Elazığ Maden,49,49,%100,7.554,6.257,5.996,"%82,83"
23,Elazığ,elazig-palu-286,286,Elazığ Palu,71,71,%100,13.354,11.248,10.851,"%84,23"
23,Elazığ,elazig-sivrice-287,287,Elazığ Sivrice,61,61,%100,5.962,5.183,5.005,"%86,93"
22,Edirne,edirne-enez-269,269,Edirne Enez,35,35,%100,8.992,8.089,7.884,"%89,96"
23,Elazığ,elazig-merkez-277,277,Elazığ Merkez,1.001,1.001,%100,324.783,282.137,271.962,"%86,87"
22,Edirne,edirne-uzunkopru-276,276,Edirne Uzunköprü,165,165,%100,48.716,43.959,42.265,"%90,24"
24,Erzincan,erzincan-cayirli-289,289,Erzincan Çayırlı,55,55,%100,6.279,5.598,5.536,"%89,15"
22,Edirne,edirne-havsa-270,270,Edirne Havsa,54,54,%100,15.367,14.096,13.667,"%91,73"
22,Edirne,edirne-ipsala-271,271,Edirne İpsala,71,71,%100,21.255,19.287,18.453,"%90,74"
22,Edirne,edirne-kesan-272,272,Edirne Keşan,208,208,%100,65.669,59.659,58.220,"%90,85"
22,Edirne,edirne-lalapasa-273,273,Edirne Lalapaşa,31,31,%100,5.284,4.915,4.717,"%93,02"
22,Edirne,edirne-meric-274,274,Edirne Meriç,43,43,%100,11.155,9.920,9.427,"%88,93"
24,Erzincan,erzincan-ilic-290,290,Erzincan İliç,68,68,%100,6.826,6.132,6.044,"%89,83"
22,Edirne,edirne-merkez-268,268,Edirne Merkez,398,398,%100,138.831,124.765,122.408,"%89,87"
22,Edirne,edirne-suloglu-275,275,Edirne Süloğlu,19,19,%100,5.030,4.574,4.436,"%90,93"
24,Erzincan,erzincan-kemah-291,291,Erzincan Kemah,83,83,%100,5.407,4.846,4.732,"%89,62"
24,Erzincan,erzincan-kemaliye-292,292,Erzincan Kemaliye,71,71,%100,3.697,3.075,3.000,"%83,18"
24,Erzincan,erzincan-merkez-288,288,Erzincan Merkez,390,390,%100,115.340,106.046,104.156,"%91,94"
25,Erzurum,erzurum-hinis-300,300,Erzurum Hınıs,113,113,%100,16.312,12.635,11.967,"%77,46"
25,Erzurum,erzurum-ispir-303,303,Erzurum İspir,120,120,%100,11.856,10.117,9.863,"%85,33"
24,Erzincan,erzincan-refahiye-294,294,Erzincan Refahiye,130,130,%100,8.970,7.674,7.516,"%85,55"
24,Erzincan,erzincan-tercan-295,295,Erzincan Tercan,104,104,%100,11.363,9.954,9.765,"%87,60"
24,Erzincan,erzincan-uzumlu-296,296,Erzincan Üzümlü,57,57,%100,10.371,9.014,8.896,"%86,92"
25,Erzurum,erzurum-askale-298,298,Erzurum Aşkale,96,96,%100,15.225,13.606,13.369,"%89,37"
25,Erzurum,erzurum-aziziye-936,936,Erzurum Aziziye,167,167,%100,43.435,39.594,38.947,"%91,16"
25,Erzurum,erzurum-cat-299,299,Erzurum Çat,57,57,%100,10.798,8.713,8.446,"%80,69"
24,Erzincan,erzincan-otlukbeli-293,293,Erzincan Otlukbeli,14,14,%100,1.760,1.523,1.498,"%86,53"
25,Erzurum,erzurum-horasan-301,301,Erzurum Horasan,127,127,%100,23.966,19.057,18.568,"%79,52"
25,Erzurum,erzurum-oltu-308,308,Erzurum Oltu,121,121,%100,22.557,19.647,19.202,"%87,10"
25,Erzurum,erzurum-narman-307,307,Erzurum Narman,58,58,%100,8.865,7.594,7.410,"%85,66"
25,Erzurum,erzurum-koprukoy-306,306,Erzurum Köprüköy,51,51,%100,9.201,7.349,7.150,"%79,87"
25,Erzurum,erzurum-karayazi-305,305,Erzurum Karayazı,101,101,%100,16.450,12.317,11.675,"%74,88"
25,Erzurum,erzurum-karacoban-304,304,Erzurum Karaçoban,55,55,%100,13.556,9.580,8.974,"%70,67"
25,Erzurum,erzurum-olur-309,309,Erzurum Olur,47,47,%100,5.397,4.477,4.339,"%82,95"
25,Erzurum,erzurum-tekman-313,313,Erzurum Tekman,85,85,%100,14.667,10.839,10.240,"%73,90"
25,Erzurum,erzurum-palandoken-937,937,Erzurum Palandöken,351,351,%100,122.640,108.995,106.774,"%88,87"
25,Erzurum,erzurum-pasinler-310,310,Erzurum Pasinler,92,92,%100,18.009,16.036,15.733,"%89,04"
25,Erzurum,erzurum-pazaryolu-311,311,Erzurum Pazaryolu,44,44,%100,3.072,2.596,2.568,"%84,51"
25,Erzurum,erzurum-senkaya-312,312,Erzurum Şenkaya,89,89,%100,12.764,10.341,9.944,"%81,02"
27,Gaziantep,gaziantep-karkamis-333,333,Gaziantep Karkamış,44,44,%100,7.095,6.502,6.354,"%91,64"
25,Erzurum,erzurum-tortum-314,314,Erzurum Tortum,78,78,%100,12.293,10.784,10.598,"%87,72"
25,Erzurum,erzurum-yakutiye-938,938,Erzurum Yakutiye,363,363,%100,122.984,110.397,108.312,"%89,77"
25,Erzurum,erzurum-uzundere-315,315,Erzurum Uzundere,26,26,%100,6.234,5.482,5.314,"%87,94"
27,Gaziantep,gaziantep-araban-331,331,Gaziantep Araban,88,88,%100,21.986,18.487,17.842,"%84,09"
27,Gaziantep,gaziantep-islahiye-332,332,Gaziantep İslahiye,158,158,%100,44.192,36.423,35.146,"%82,42"
28,Giresun,giresun-bulancak-340,340,Giresun Bulancak,190,190,%100,54.112,48.853,47.719,"%90,28"
28,Giresun,giresun-alucra-339,339,Giresun Alucra,50,50,%100,6.766,5.429,5.299,"%80,24"
28,Giresun,giresun-camoluk-341,341,Giresun Çamoluk,37,37,%100,5.046,4.211,4.113,"%83,45"
27,Gaziantep,gaziantep-oguzeli-336,336,Gaziantep Oğuzeli,123,123,%100,22.746,20.505,19.943,"%90,15"
27,Gaziantep,gaziantep-nizip-334,334,Gaziantep Nizip,320,320,%100,95.280,81.957,78.899,"%86,02"
27,Gaziantep,gaziantep-sahinbey-329,329,Gaziantep Şahinbey,1.704,1.704,%100,602.612,515.459,501.358,"%85,54"
27,Gaziantep,gaziantep-nurdagi-335,335,Gaziantep Nurdağı,98,98,%100,26.407,21.467,20.886,"%81,29"
27,Gaziantep,gaziantep-yavuzeli-337,337,Gaziantep Yavuzeli,59,59,%100,14.174,12.595,12.193,"%88,86"
27,Gaziantep,gaziantep-sehitkamil-330,330,Gaziantep Şehitkamil,1.480,1.480,%100,527.314,453.357,440.546,"%85,97"
28,Giresun,giresun-canakci-342,342,Giresun Çanakçı,24,24,%100,4.945,4.332,4.150,"%87,60"
28,Giresun,giresun-dogankent-344,344,Giresun Doğankent,20,20,%100,5.036,4.442,4.199,"%88,20"
28,Giresun,giresun-dereli-343,343,Giresun Dereli,62,62,%100,15.499,13.874,13.383,"%89,52"
28,Giresun,giresun-espiye-345,345,Giresun Espiye,97,97,%100,27.521,24.119,23.195,"%87,64"
28,Giresun,giresun-sebinkarahisar-351,351,Giresun Şebinkarahisar,92,92,%100,15.448,13.353,13.069,"%86,44"
28,Giresun,giresun-merkez-338,338,Giresun Merkez,327,327,%100,106.605,95.312,93.157,"%89,41"
28,Giresun,giresun-gorele-347,347,Giresun Görele,118,118,%100,25.308,21.648,20.912,"%85,54"
28,Giresun,giresun-eynesil-346,346,Giresun Eynesil,38,38,%100,10.471,8.973,8.725,"%85,69"
28,Giresun,giresun-kesap-349,349,Giresun Keşap,72,72,%100,16.537,14.612,14.109,"%88,36"
28,Giresun,giresun-guce-348,348,Giresun Güce,25,25,%100,6.302,5.645,5.480,"%89,57"
28,Giresun,giresun-piraziz-350,350,Giresun Piraziz,43,43,%100,11.383,10.261,9.922,"%90,14"
28,Giresun,giresun-tirebolu-352,352,Giresun Tirebolu,101,101,%100,26.165,23.071,22.312,"%88,18"
28,Giresun,giresun-yaglidere-353,353,Giresun Yağlıdere,49,49,%100,12.331,10.495,10.106,"%85,11"
26,Eskişehir,eskisehir-beylikova-318,318,Eskişehir Beylikova,29,29,%100,4.882,4.376,4.206,"%89,64"
26,Eskişehir,eskisehir-alpu-317,317,Eskişehir Alpu,43,43,%100,8.363,7.446,7.179,"%89,04"
26,Eskişehir,eskisehir-cifteler-319,319,Eskişehir Çifteler,48,48,%100,11.442,9.958,9.601,"%87,03"
26,Eskişehir,eskisehir-gunyuzu-320,320,Eskişehir Günyüzü,24,24,%100,4.446,4.002,3.895,"%90,01"
26,Eskişehir,eskisehir-han-321,321,Eskişehir Han,16,16,%100,1.837,1.612,1.543,"%87,75"
26,Eskişehir,eskisehir-inonu-322,322,Eskişehir İnönü,22,22,%100,5.230,4.908,4.779,"%93,84"
26,Eskişehir,eskisehir-saricakaya-326,326,Eskişehir Sarıcakaya,15,15,%100,3.894,3.562,3.438,"%91,47"
26,Eskişehir,eskisehir-seyitgazi-327,327,Eskişehir Seyitgazi,65,65,%100,10.739,10.015,9.750,"%93,26"
26,Eskişehir,eskisehir-odunpazari-939,939,Eskişehir Odunpazarı,907,907,%100,315.994,287.295,282.424,"%90,92"
26,Eskişehir,eskisehir-mahmudiye-323,323,Eskişehir Mahmudiye,27,27,%100,5.861,5.256,5.030,"%89,68"
26,Eskişehir,eskisehir-mihalgazi-324,324,Eskişehir Mihalgazi,10,10,%100,2.586,2.405,2.324,"%93,00"
26,Eskişehir,eskisehir-mihaliccik-325,325,Eskişehir Mihalıççık,59,59,%100,6.804,5.850,5.671,"%85,98"
30,Hakkari,hakkari-semdinli-362,362,Hakkari Şemdinli,84,84,%100,27.262,22.092,20.884,"%81,04"
26,Eskişehir,eskisehir-tepebasi-940,940,Eskişehir Tepebaşı,837,837,%100,291.231,265.477,260.720,"%91,16"
26,Eskişehir,eskisehir-sivrihisar-328,328,Eskişehir Sivrihisar,94,94,%100,16.220,14.195,13.739,"%87,52"
30,Hakkari,hakkari-yuksekova-363,363,Hakkari Yüksekova,250,250,%100,79.950,67.029,63.669,"%83,84"
30,Hakkari,hakkari-cukurca-361,361,Hakkari Çukurca,36,36,%100,11.337,9.003,8.757,"%79,41"
30,Hakkari,hakkari-derecik-1718,1718,Hakkari Derecik,45,45,%100,14.882,11.807,11.295,"%79,34"
30,Hakkari,hakkari-merkez-360,360,Hakkari Merkez,176,176,%100,52.927,45.831,44.078,"%86,59"
29,Gümüşhane,gumushane-kelkit-355,355,Gümüşhane Kelkit,135,135,%100,26.046,20.649,20.319,"%79,28"
29,Gümüşhane,gumushane-kurtun-357,357,Gümüşhane Kürtün,58,58,%100,9.271,7.947,7.632,"%85,72"
29,Gümüşhane,gumushane-kose-356,356,Gümüşhane Köse,24,24,%100,4.647,3.791,3.712,"%81,58"
29,Gümüşhane,gumushane-merkez-354,354,Gümüşhane Merkez,195,195,%100,34.199,30.026,29.386,"%87,80"
29,Gümüşhane,gumushane-siran-358,358,Gümüşhane Şiran,93,93,%100,14.016,10.541,10.261,"%75,21"
31,Hatay,hatay-erzin-368,368,Hatay Erzin,93,93,%100,29.642,26.340,25.596,"%88,86"
31,Hatay,hatay-altinozu-365,365,Hatay Altınözü,126,126,%100,38.349,32.995,32.382,"%86,04"
31,Hatay,hatay-antakya-364,364,Hatay Antakya,625,625,%100,213.521,163.944,160.518,"%76,78"
31,Hatay,hatay-arsuz-1069,1069,Hatay Arsuz,210,210,%100,72.376,63.530,62.382,"%87,78"
31,Hatay,hatay-belen-366,366,Hatay Belen,70,70,%100,23.499,20.465,20.048,"%87,09"
31,Hatay,hatay-defne-1068,1068,Hatay Defne,310,310,%100,109.414,89.635,87.953,"%81,92"
31,Hatay,hatay-dortyol-367,367,Hatay Dörtyol,253,253,%100,88.633,77.919,76.040,"%87,91"
29,Gümüşhane,gumushane-torul-359,359,Gümüşhane Torul,63,63,%100,8.447,7.133,6.880,"%84,44"
31,Hatay,hatay-kumlu-372,372,Hatay Kumlu,34,34,%100,9.278,7.749,7.577,"%83,52"
31,Hatay,hatay-hassa-369,369,Hatay Hassa,121,121,%100,37.610,31.920,31.068,"%84,87"
31,Hatay,hatay-kirikhan-371,371,Hatay Kırıkhan,228,228,%100,72.698,57.774,56.561,"%79,47"
31,Hatay,hatay-iskenderun-370,370,Hatay İskenderun,463,463,%100,164.655,138.931,136.098,"%84,38"
76,Iğdır,igdir-karakoyunlu-889,889,Iğdır Karakoyunlu,32,32,%100,8.965,7.008,6.737,"%78,17"
76,Iğdır,igdir-merkez-887,887,Iğdır Merkez,285,285,%100,95.186,76.283,73.422,"%80,14"
76,Iğdır,igdir-tuzluca-890,890,Iğdır Tuzluca,107,107,%100,15.743,11.815,11.194,"%75,05"
31,Hatay,hatay-yayladagi-375,375,Hatay Yayladağı,89,89,%100,24.676,22.409,21.696,"%90,81"
31,Hatay,hatay-samandag-374,374,Hatay Samandağ,249,249,%100,84.206,70.762,69.522,"%84,03"
76,Iğdır,igdir-aralik-888,888,Iğdır Aralık,50,50,%100,14.074,10.816,10.286,"%76,85"
31,Hatay,hatay-payas-1070,1070,Hatay Payaş,84,84,%100,29.655,26.601,25.956,"%89,70"
31,Hatay,hatay-reyhanli-373,373,Hatay Reyhanlı,199,199,%100,64.674,52.835,51.328,"%81,69"
32,Isparta,isparta-atabey-378,378,Isparta Atabey,19,19,%100,4.667,4.320,4.191,"%92,56"
32,Isparta,isparta-egirdir-379,379,Isparta Eğirdir,91,91,%100,23.668,21.328,20.413,"%90,11"
32,Isparta,isparta-aksu-377,377,Isparta Aksu,22,22,%100,3.480,3.022,2.840,"%86,84"
32,Isparta,isparta-gelendost-380,380,Isparta Gelendost,43,43,%100,11.842,10.274,9.820,"%86,76"
32,Isparta,isparta-gonen-381,381,Isparta Gönen,22,22,%100,5.633,5.225,5.043,"%92,76"
32,Isparta,isparta-merkez-376,376,Isparta Merkez,541,541,%100,190.391,173.417,169.452,"%91,08"
32,Isparta,isparta-keciborlu-382,382,Isparta Keçiborlu,47,47,%100,11.201,10.230,9.890,"%91,33"
32,Isparta,isparta-sarkikaraagac-385,385,Isparta Şarkikaraağaç,74,74,%100,19.558,17.176,16.312,"%87,82"
32,Isparta,isparta-senirkent-383,383,Isparta Senirkent,33,33,%100,8.555,7.587,7.275,"%88,68"
32,Isparta,isparta-sutculer-384,384,Isparta Sütçüler,43,43,%100,8.220,7.305,7.018,"%88,87"
32,Isparta,isparta-uluborlu-386,386,Isparta Uluborlu,19,19,%100,4.476,4.030,3.891,"%90,04"
32,Isparta,isparta-yalvac-387,387,Isparta Yalvaç,124,124,%100,34.757,29.063,27.955,"%83,62"
32,Isparta,isparta-yenisarbademli-388,388,Isparta Yenişarbademli,7,7,%100,1.947,1.680,1.625,"%86,29"
78,Karabük,karabuk-ovacik-900,900,Karabük Ovacık,44,44,%100,3.347,2.963,2.841,"%88,53"
78,Karabük,karabuk-eflani-898,898,Karabük Eflani,62,62,%100,7.278,6.115,5.786,"%84,02"
78,Karabük,karabuk-eskipazar-899,899,Karabük Eskipazar,65,65,%100,10.403,9.212,8.891,"%88,55"
78,Karabük,karabuk-merkez-897,897,Karabük Merkez,289,289,%100,93.886,84.359,82.319,"%89,85"
34,İstanbul,istanbul-avcilar-400,400,İstanbul Avcılar,815,815,%100,302.475,270.101,263.878,"%89,30"
34,İstanbul,istanbul-arnavutkoy-946,946,İstanbul Arnavutköy,606,606,%100,219.879,198.803,192.257,"%90,41"
34,İstanbul,istanbul-bahcelievler-402,402,İstanbul Bahçelievler,1.149,1.149,%100,425.392,384.040,375.230,"%90,28"
34,İstanbul,istanbul-bagcilar-401,401,İstanbul Bağcılar,1.387,1.387,%100,517.237,468.140,455.488,"%90,51"
78,Karabük,karabuk-safranbolu-901,901,Karabük Safranbolu,194,194,%100,50.614,45.961,44.652,"%90,81"
78,Karabük,karabuk-yenice-902,902,Karabük Yenice,73,73,%100,16.521,14.525,13.638,"%87,92"
34,İstanbul,istanbul-adalar-399,399,İstanbul Adalar,38,38,%100,13.514,11.835,11.600,"%87,58"
34,İstanbul,istanbul-atasehir-947,947,İstanbul Ataşehir,856,856,%100,318.508,290.864,285.750,"%91,32"
34,İstanbul,istanbul-bakirkoy-403,403,İstanbul Bakırköy,465,465,%100,169.334,151.679,149.515,"%89,57"
34,İstanbul,istanbul-basaksehir-948,948,İstanbul Başakşehir,857,857,%100,317.962,288.918,282.801,"%90,87"
34,İstanbul,istanbul-beykoz-406,406,İstanbul Beykoz,517,517,%100,187.442,171.281,167.699,"%91,38"
34,İstanbul,istanbul-beyoglu-407,407,İstanbul Beyoğlu,461,461,%100,167.821,148.084,144.963,"%88,24"
34,İstanbul,istanbul-besiktas-405,405,İstanbul Beşiktaş,370,370,%100,134.684,121.603,120.363,"%90,29"
34,İstanbul,istanbul-beylikduzu-949,949,İstanbul Beylikdüzü,730,730,%100,270.526,244.022,239.841,"%90,20"
34,İstanbul,istanbul-buyukcekmece-426,426,İstanbul Büyükçekmece,536,536,%100,197.387,177.812,174.352,"%90,08"
34,İstanbul,istanbul-esenler-409,409,İstanbul Esenler,852,852,%100,316.766,289.439,283.192,"%91,37"
34,İstanbul,istanbul-catalca-427,427,İstanbul Çatalca,179,179,%100,60.887,56.144,54.529,"%92,21"
34,İstanbul,istanbul-bayrampasa-404,404,İstanbul Bayrampaşa,542,542,%100,200.830,183.612,180.228,"%91,43"
34,İstanbul,istanbul-cekmekoy-950,950,İstanbul Çekmeköy,574,574,%100,211.874,194.719,191.127,"%91,90"
34,İstanbul,istanbul-eyupsultan-410,410,İstanbul Eyüpsultan,843,843,%100,308.926,281.902,276.742,"%91,25"
34,İstanbul,istanbul-kagithane-415,415,İstanbul Kağıthane,909,909,%100,334.013,301.713,295.860,"%90,33"
34,İstanbul,istanbul-fatih-411,411,İstanbul Fatih,734,734,%100,264.732,231.077,225.949,"%87,29"
34,İstanbul,istanbul-kadikoy-414,414,İstanbul Kadıköy,1.050,1.050,%100,389.092,354.611,351.214,"%91,14"
34,İstanbul,istanbul-esenyurt-951,951,İstanbul Esenyurt,1.730,1.730,%100,643.366,570.711,554.587,"%88,71"
34,İstanbul,istanbul-gungoren-413,413,İstanbul Güngören,536,536,%100,200.566,180.662,176.498,"%90,08"
34,İstanbul,istanbul-kartal-416,416,İstanbul Kartal,996,996,%100,368.489,337.885,332.369,"%91,69"
34,İstanbul,istanbul-kucukcekmece-417,417,İstanbul Küçükçekmece,1.543,1.543,%100,572.709,517.387,504.226,"%90,34"
34,İstanbul,istanbul-gaziosmanpasa-412,412,İstanbul Gaziosmanpaşa,961,961,%100,357.455,322.644,315.984,"%90,26"
34,İstanbul,istanbul-maltepe-418,418,İstanbul Maltepe,1.087,1.087,%100,400.454,364.815,358.901,"%91,10"
34,İstanbul,istanbul-pendik-419,419,İstanbul Pendik,1.481,1.481,%100,547.235,499.802,490.440,"%91,33"
34,İstanbul,istanbul-sancaktepe-952,952,İstanbul Sancaktepe,921,921,%100,343.363,314.071,307.292,"%91,47"
34,İstanbul,istanbul-sariyer-420,420,İstanbul Sarıyer,720,720,%100,260.603,235.554,231.113,"%90,39"
34,İstanbul,istanbul-sile-430,430,İstanbul Şile,121,121,%100,34.430,31.692,30.938,"%92,05"
34,İstanbul,istanbul-sultangazi-953,953,İstanbul Sultangazi,1.014,1.014,%100,377.028,345.812,336.025,"%91,72"
34,İstanbul,istanbul-sultanbeyli-429,429,İstanbul Sultanbeyli,660,660,%100,244.661,221.992,216.030,"%90,73"
34,İstanbul,istanbul-tuzla-422,422,İstanbul Tuzla,563,563,%100,207.751,190.698,187.326,"%91,79"
34,İstanbul,istanbul-silivri-428,428,İstanbul Silivri,438,438,%100,151.415,136.935,133.375,"%90,44"
34,İstanbul,istanbul-sisli-421,421,İstanbul Şişli,556,556,%100,203.098,178.359,175.375,"%87,82"
34,İstanbul,istanbul-uskudar-424,424,İstanbul Üsküdar,1.096,1.096,%100,402.615,365.919,359.615,"%90,89"
34,İstanbul,istanbul-zeytinburnu-425,425,İstanbul Zeytinburnu,511,511,%100,188.988,167.135,163.499,"%88,44"
34,İstanbul,istanbul-umraniye-423,423,İstanbul Ümraniye,1.445,1.445,%100,534.091,488.421,479.576,"%91,45"
46,Kahramanmaraş,kahramanmaras-andirin-601,601,Kahramanmaraş Andırın,101,101,%100,25.641,22.695,21.850,"%88,51"
46,Kahramanmaraş,kahramanmaras-caglayancerit-602,602,Kahramanmaraş Çağlayancerit,54,54,%100,16.395,14.050,13.644,"%85,70"
46,Kahramanmaraş,kahramanmaras-dulkadiroglu-1073,1073,Kahramanmaraş Dülkadiroğlu,427,427,%100,142.663,123.744,120.516,"%86,74"
46,Kahramanmaraş,kahramanmaras-ekinozu-603,603,Kahramanmaraş Ekinözü,31,31,%100,7.492,6.430,6.213,"%85,82"
46,Kahramanmaraş,kahramanmaras-elbistan-604,604,Kahramanmaraş Elbistan,298,298,%100,87.717,69.128,67.406,"%78,81"
46,Kahramanmaraş,kahramanmaras-onikisubat-1074,1074,Kahramanmaraş Onikişubat,817,817,%100,281.904,247.608,242.714,"%87,83"
46,Kahramanmaraş,kahramanmaras-nurhak-606,606,Kahramanmaraş Nurhak,33,33,%100,8.579,6.564,6.327,"%76,51"
46,Kahramanmaraş,kahramanmaras-afsin-600,600,Kahramanmaraş Afşin,177,177,%100,53.147,44.222,43.011,"%83,21"
46,Kahramanmaraş,kahramanmaras-pazarcik-607,607,Kahramanmaraş Pazarcık,174,174,%100,47.001,37.965,36.665,"%80,77"
46,Kahramanmaraş,kahramanmaras-goksun-605,605,Kahramanmaraş Göksun,136,136,%100,35.053,29.127,28.144,"%83,09"
35,İzmir,izmir-beydag-443,443,İzmir Beydağ,40,40,%100,9.875,9.027,8.422,"%91,41"
35,İzmir,izmir-bergama-442,442,İzmir Bergama,307,307,%100,83.739,76.709,74.139,"%91,60"
46,Kahramanmaraş,kahramanmaras-turkoglu-608,608,Kahramanmaraş Türkoğlu,157,157,%100,47.946,42.090,41.074,"%87,79"
35,İzmir,izmir-bayrakli-954,954,İzmir Bayraklı,638,638,%100,233.097,211.347,206.477,"%90,67"
35,İzmir,izmir-aliaga-440,440,İzmir Aliağa,218,218,%100,74.236,68.044,66.599,"%91,66"
35,İzmir,izmir-balcova-431,431,İzmir Balçova,173,173,%100,61.315,55.751,55.021,"%90,93"
35,İzmir,izmir-bayindir-441,441,İzmir Bayındır,110,110,%100,31.497,28.412,27.175,"%90,21"
35,İzmir,izmir-bornova-432,432,İzmir Bornova,944,944,%100,340.235,310.007,303.717,"%91,12"
35,İzmir,izmir-dikili-445,445,İzmir Dikili,124,124,%100,40.403,36.291,35.455,"%89,82"
35,İzmir,izmir-foca-446,446,İzmir Foça,80,80,%100,27.728,24.612,24.153,"%88,76"
35,İzmir,izmir-buca-433,433,İzmir Buca,1.076,1.076,%100,393.730,351.971,345.014,"%89,39"
35,İzmir,izmir-cesme-444,444,İzmir Çeşme,117,117,%100,39.449,34.552,33.982,"%87,59"
35,İzmir,izmir-guzelbahce-436,436,İzmir Güzelbahçe,85,85,%100,28.577,26.120,25.821,"%91,40"
35,İzmir,izmir-karsiyaka-437,437,İzmir Karşıyaka,766,766,%100,280.303,257.101,254.079,"%91,72"
35,İzmir,izmir-gaziemir-435,435,İzmir Gaziemir,283,283,%100,103.524,94.093,92.290,"%90,89"
35,İzmir,izmir-karabaglar-955,955,İzmir Karabağlar,1.018,1.018,%100,372.086,334.056,326.944,"%89,78"
35,İzmir,izmir-karaburun-447,447,İzmir Karaburun,37,37,%100,10.610,9.505,9.299,"%89,59"
35,İzmir,izmir-kemalpasa-448,448,İzmir Kemalpaşa,260,260,%100,86.898,79.858,77.624,"%91,90"
35,İzmir,izmir-kinik-449,449,İzmir Kınık,79,79,%100,21.576,20.198,19.518,"%93,61"
35,İzmir,izmir-kiraz-450,450,İzmir Kiraz,115,115,%100,33.925,30.124,28.190,"%88,80"
35,İzmir,izmir-cigli-434,434,İzmir Çiğli,453,453,%100,165.743,151.669,149.046,"%91,51"
35,İzmir,izmir-konak-438,438,İzmir Konak,768,768,%100,266.435,232.784,227.326,"%87,37"
35,İzmir,izmir-menderes-451,451,İzmir Menderes,244,244,%100,82.272,73.743,71.832,"%89,63"
35,İzmir,izmir-menemen-452,452,İzmir Menemen,426,426,%100,147.757,133.004,129.510,"%90,02"
35,İzmir,izmir-torbali-457,457,İzmir Torbalı,439,439,%100,152.729,138.571,134.891,"%90,73"
35,İzmir,izmir-selcuk-455,455,İzmir Selçuk,91,91,%100,30.071,27.224,26.526,"%90,53"
35,İzmir,izmir-tire-456,456,İzmir Tire,225,225,%100,69.165,62.083,59.866,"%89,76"
35,İzmir,izmir-odemis-453,453,İzmir Ödemiş,340,340,%100,104.587,93.575,89.207,"%89,47"
35,İzmir,izmir-narlidere-439,439,İzmir Narlıdere,139,139,%100,50.010,45.795,45.084,"%91,57"
35,İzmir,izmir-seferihisar-454,454,İzmir Seferihisar,129,129,%100,44.719,40.220,39.470,"%89,94"
35,İzmir,izmir-urla-458,458,İzmir Urla,173,173,%100,59.214,53.521,52.586,"%90,39"
70,Karaman,karaman-ayranci-850,850,Karaman Ayrancı,33,33,%100,6.236,5.523,5.349,"%88,57"
70,Karaman,karaman-ermenek-852,852,Karaman Ermenek,92,92,%100,21.225,18.664,17.626,"%87,93"
70,Karaman,karaman-basyayla-851,851,Karaman Başyayla,12,12,%100,2.636,2.279,2.183,"%86,46"
70,Karaman,karaman-kazimkarabekir-853,853,Karaman Kazımkarabekir,15,15,%100,3.239,2.953,2.875,"%91,17"
70,Karaman,karaman-merkez-849,849,Karaman Merkez,477,477,%100,145.841,131.613,128.434,"%90,24"
37,Kastamonu,kastamonu-azdavay-471,471,Kastamonu Azdavay,57,57,%100,6.137,5.135,4.896,"%83,67"
37,Kastamonu,kastamonu-arac-470,470,Kastamonu Araç,137,137,%100,14.930,13.170,12.622,"%88,21"
37,Kastamonu,kastamonu-agli-469,469,Kastamonu Ağlı,25,25,%100,2.554,2.221,2.151,"%86,96"
37,Kastamonu,kastamonu-bozkurt-472,472,Kastamonu Bozkurt,47,47,%100,7.616,6.511,6.318,"%85,49"
70,Karaman,karaman-sariveliler-854,854,Karaman Sarıveliler,39,39,%100,8.875,7.658,7.207,"%86,29"
37,Kastamonu,kastamonu-abana-468,468,Kastamonu Abana,22,22,%100,3.455,2.994,2.924,"%86,66"
37,Kastamonu,kastamonu-catalzeytin-474,474,Kastamonu Çatalzeytin,48,48,%100,5.776,4.792,4.604,"%82,96"
37,Kastamonu,kastamonu-hanonu-478,478,Kastamonu Hanönü,26,26,%100,3.550,3.102,2.941,"%87,38"
37,Kastamonu,kastamonu-ihsangazi-479,479,Kastamonu İhsangazi,35,35,%100,4.346,3.913,3.738,"%90,04"
37,Kastamonu,kastamonu-kure-481,481,Kastamonu Küre,45,45,%100,4.333,3.685,3.515,"%85,05"
37,Kastamonu,kastamonu-doganyurt-477,477,Kastamonu Doğanyurt,29,29,%100,4.534,3.625,3.410,"%79,95"
37,Kastamonu,kastamonu-inebolu-480,480,Kastamonu İnebolu,106,106,%100,15.988,13.887,13.332,"%86,86"
37,Kastamonu,kastamonu-cide-473,473,Kastamonu Cide,109,109,%100,18.600,15.707,14.928,"%84,45"
37,Kastamonu,kastamonu-daday-475,475,Kastamonu Daday,68,68,%100,6.931,6.168,5.936,"%88,99"
37,Kastamonu,kastamonu-seydiler-483,483,Kastamonu Seydiler,28,28,%100,3.576,3.171,3.087,"%88,67"
37,Kastamonu,kastamonu-taskopru-485,485,Kastamonu Taşköprü,168,168,%100,30.851,27.043,26.162,"%87,66"
37,Kastamonu,kastamonu-senpazar-484,484,Kastamonu Şenpazar,31,31,%100,3.638,2.999,2.807,"%82,44"
37,Kastamonu,kastamonu-merkez-467,467,Kastamonu Merkez,430,430,%100,111.460,100.350,97.544,"%90,03"
37,Kastamonu,kastamonu-devrekani-476,476,Kastamonu Devrekani,71,71,%100,10.126,8.895,8.615,"%87,84"
37,Kastamonu,kastamonu-pinarbasi-482,482,Kastamonu Pınarbaşı,36,36,%100,5.161,4.149,3.926,"%80,39"
37,Kastamonu,kastamonu-tosya-486,486,Kastamonu Tosya,137,137,%100,32.066,28.836,27.903,"%89,93"
36,Kars,kars-akyaka-460,460,Kars Akyaka,36,36,%100,7.236,5.595,5.384,"%77,32"
71,Kırıkkale,kirikkale-bahsili-970,970,Kırıkkale Bahşili,20,20,%100,5.655,5.110,4.967,"%90,36"
36,Kars,kars-kagizman-463,463,Kars Kağızman,115,115,%100,29.354,22.120,21.074,"%75,36"
36,Kars,kars-merkez-459,459,Kars Merkez,254,254,%100,78.150,65.227,62.905,"%83,46"
36,Kars,kars-digor-462,462,Kars Digor,56,56,%100,13.087,9.799,9.241,"%74,88"
36,Kars,kars-selim-465,465,Kars Selim,71,71,%100,14.685,11.816,11.301,"%80,46"
36,Kars,kars-susuz-466,466,Kars Susuz,33,33,%100,6.618,5.277,5.034,"%79,74"
36,Kars,kars-arpacay-461,461,Kars Arpaçay,57,57,%100,11.206,8.798,8.524,"%78,51"
36,Kars,kars-sarikamis-464,464,Kars Sarıkamış,101,101,%100,24.860,18.711,17.754,"%75,27"
71,Kırıkkale,kirikkale-baliseyh-857,857,Kırıkkale Balışeyh,34,34,%100,4.891,4.464,4.334,"%91,27"
71,Kırıkkale,kirikkale-celebi-858,858,Kırıkkale Çelebi,17,17,%100,2.037,1.773,1.717,"%87,04"
71,Kırıkkale,kirikkale-delice-859,859,Kırıkkale Delice,58,58,%100,7.329,6.546,6.375,"%89,32"
38,Kayseri,kayseri-felahiye-492,492,Kayseri Felahiye,20,20,%100,4.530,3.551,3.454,"%78,39"
71,Kırıkkale,kirikkale-merkez-855,855,Kırıkkale Merkez,408,408,%100,144.369,128.231,125.218,"%88,82"
71,Kırıkkale,kirikkale-sulakyurt-862,862,Kırıkkale Sulakyurt,34,34,%100,5.232,4.679,4.592,"%89,43"
71,Kırıkkale,kirikkale-yahsihan-863,863,Kırıkkale Yahşihan,62,62,%100,19.839,17.812,17.492,"%89,78"
71,Kırıkkale,kirikkale-keskin-861,861,Kırıkkale Keskin,76,76,%100,11.581,10.176,9.844,"%87,87"
38,Kayseri,kayseri-develi-491,491,Kayseri Develi,175,175,%100,49.501,44.414,43.471,"%89,72"
38,Kayseri,kayseri-bunyan-490,490,Kayseri Bünyan,78,78,%100,20.002,17.852,17.487,"%89,25"
71,Kırıkkale,kirikkale-karakecili-860,860,Kırıkkale Karakeçili,11,11,%100,2.357,2.204,2.157,"%93,51"
38,Kayseri,kayseri-akkisla-489,489,Kayseri Akkışla,22,22,%100,4.811,4.113,3.913,"%85,49"
38,Kayseri,kayseri-hacilar-493,493,Kayseri Hacılar,33,33,%100,9.545,9.109,8.947,"%95,43"
38,Kayseri,kayseri-incesu-494,494,Kayseri İncesu,73,73,%100,21.289,19.679,19.031,"%92,44"
38,Kayseri,kayseri-talas-499,499,Kayseri Talas,328,328,%100,117.244,106.346,104.611,"%90,70"
38,Kayseri,kayseri-sariz-498,498,Kayseri Sarız,49,49,%100,7.981,6.698,6.568,"%83,92"
38,Kayseri,kayseri-tomarza-500,500,Kayseri Tomarza,78,78,%100,16.354,14.620,14.293,"%89,40"
38,Kayseri,kayseri-kocasinan-487,487,Kayseri Kocasinan,826,826,%100,290.446,264.616,258.887,"%91,11"
38,Kayseri,kayseri-pinarbasi-496,496,Kayseri Pınarbaşı,139,139,%100,16.981,14.541,14.060,"%85,63"
38,Kayseri,kayseri-melikgazi-488,488,Kayseri Melikgazi,1.148,1.148,%100,415.349,381.291,374.402,"%91,80"
38,Kayseri,kayseri-sarioglan-497,497,Kayseri Sarıoğlan,47,47,%100,10.587,9.143,8.888,"%86,36"
38,Kayseri,kayseri-ozvatan-495,495,Kayseri Özvatan,15,15,%100,3.276,2.840,2.761,"%86,69"
39,Kırklareli,kirklareli-demirkoy-505,505,Kırklareli Demirköy,32,32,%100,7.272,6.504,6.280,"%89,44"
39,Kırklareli,kirklareli-kofcaz-506,506,Kırklareli Kofçaz,17,17,%100,1.917,1.797,1.736,"%93,74"
39,Kırklareli,kirklareli-babaeski-504,504,Kırklareli Babaeski,125,125,%100,38.671,35.197,34.354,"%91,02"
38,Kayseri,kayseri-yahyali-501,501,Kayseri Yahyalı,96,96,%100,26.791,24.567,24.134,"%91,70"
38,Kayseri,kayseri-yesilhisar-502,502,Kayseri Yeşilhisar,48,48,%100,12.285,11.180,10.867,"%91,01"
39,Kırklareli,kirklareli-merkez-503,503,Kırklareli Merkez,242,242,%100,80.205,72.215,70.658,"%90,04"
39,Kırklareli,kirklareli-luleburgaz-507,507,Kırklareli Lüleburgaz,356,356,%100,122.224,112.588,110.725,"%92,12"
39,Kırklareli,kirklareli-pehlivankoy-508,508,Kırklareli Pehlivanköy,13,13,%100,3.049,2.728,2.629,"%89,47"
39,Kırklareli,kirklareli-pinarhisar-509,509,Kırklareli Pınarhisar,52,52,%100,14.488,13.334,12.975,"%92,03"
39,Kırklareli,kirklareli-vize-510,510,Kırklareli Vize,82,82,%100,23.945,21.578,21.002,"%90,11"
40,Kırşehir,kirsehir-akpinar-513,513,Kırşehir Akpınar,35,35,%100,5.928,5.065,4.892,"%85,44"
79,Kilis,kilis-merkez-903,903,Kilis Merkez,287,287,%100,80.895,71.459,69.558,"%88,34"
79,Kilis,kilis-elbeyli-904,904,Kilis Elbeyli,31,31,%100,4.643,4.295,4.209,"%92,50"
79,Kilis,kilis-musabeyli-905,905,Kilis Musabeyli,54,54,%100,8.345,7.543,7.323,"%90,39"
79,Kilis,kilis-polateli-906,906,Kilis Polateli,22,22,%100,3.315,3.040,2.983,"%91,70"
40,Kırşehir,kirsehir-akcakent-512,512,Kırşehir Akçakent,23,23,%100,3.088,2.654,2.580,"%85,95"
40,Kırşehir,kirsehir-mucur-517,517,Kırşehir Mucur,78,78,%100,14.144,12.754,12.377,"%90,17"
41,Kocaeli,kocaeli-cayirova-957,957,Kocaeli Çayırova,289,289,%100,107.077,98.065,96.212,"%91,58"
41,Kocaeli,kocaeli-basiskele-956,956,Kocaeli Başiskele,236,236,%100,82.786,77.152,75.934,"%93,19"
41,Kocaeli,kocaeli-derince-524,524,Kocaeli Derince,310,310,%100,110.604,101.235,99.176,"%91,53"
41,Kocaeli,kocaeli-darica-958,958,Kocaeli Darıca,448,448,%100,163.386,149.637,146.438,"%91,58"
40,Kırşehir,kirsehir-boztepe-514,514,Kırşehir Boztepe,23,23,%100,4.274,3.901,3.834,"%91,27"
40,Kırşehir,kirsehir-cicekdagi-515,515,Kırşehir Çiçekdağı,71,71,%100,10.931,9.747,9.509,"%89,17"
40,Kırşehir,kirsehir-kaman-516,516,Kırşehir Kaman,110,110,%100,26.554,22.014,21.258,"%82,90"
40,Kırşehir,kirsehir-merkez-511,511,Kırşehir Merkez,346,346,%100,109.290,96.376,94.139,"%88,18"
41,Kocaeli,kocaeli-dilovasi-959,959,Kocaeli Dilovası,102,102,%100,36.043,32.052,30.807,"%88,93"
41,Kocaeli,kocaeli-karamursel-522,522,Kocaeli Karamürsel,142,142,%100,45.969,40.631,39.770,"%88,39"
41,Kocaeli,kocaeli-golcuk-520,520,Kocaeli Gölcük,371,371,%100,131.571,120.734,118.653,"%91,76"
41,Kocaeli,kocaeli-izmit-518,518,Kocaeli İzmit,798,798,%100,275.384,252.271,247.165,"%91,61"
41,Kocaeli,kocaeli-kartepe-960,960,Kocaeli Kartepe,285,285,%100,100.219,93.052,91.345,"%92,85"
41,Kocaeli,kocaeli-kandira-521,521,Kocaeli Kandıra,173,173,%100,39.395,36.184,34.923,"%91,85"
41,Kocaeli,kocaeli-gebze-519,519,Kocaeli Gebze,811,811,%100,294.635,269.581,264.180,"%91,50"
41,Kocaeli,kocaeli-korfez-523,523,Kocaeli Körfez,362,362,%100,129.224,117.501,114.965,"%90,93"
42,Konya,konya-celtik-535,535,Konya Çeltik,25,25,%100,7.238,5.982,5.764,"%82,65"
42,Konya,konya-bozkir-533,533,Konya Bozkır,87,87,%100,19.078,16.575,15.913,"%86,88"
42,Konya,konya-altinekin-531,531,Konya Altınekin,47,47,%100,10.259,9.627,9.453,"%93,84"
42,Konya,konya-ahirli-528,528,Konya Ahırlı,20,20,%100,3.713,3.289,3.148,"%88,58"
42,Konya,konya-beysehir-532,532,Konya Beyşehir,196,196,%100,57.730,52.160,50.696,"%90,35"
42,Konya,konya-akoren-529,529,Konya Akören,19,19,%100,4.253,3.853,3.766,"%90,59"
42,Konya,konya-aksehir-530,530,Konya Akşehir,221,221,%100,71.819,62.805,60.701,"%87,45"
42,Konya,konya-cihanbeyli-534,534,Konya Cihanbeyli,131,131,%100,37.648,28.697,27.660,"%76,22"
42,Konya,konya-cumra-536,536,Konya Çumra,158,158,%100,48.545,44.645,43.590,"%91,97"
42,Konya,konya-huyuk-545,545,Konya Hüyük,43,43,%100,12.561,11.194,10.745,"%89,12"
42,Konya,konya-guneysinir-542,542,Konya Güneysınır,29,29,%100,6.894,6.391,6.278,"%92,70"
42,Konya,konya-halkapinar-544,544,Konya Halkapınar,19,19,%100,3.290,3.011,2.911,"%91,52"
42,Konya,konya-emirgazi-540,540,Konya Emirgazi,25,25,%100,5.659,4.801,4.628,"%84,84"
42,Konya,konya-eregli-541,541,Konya Ereğli,339,339,%100,110.668,97.764,92.980,"%88,34"
42,Konya,konya-hadim-961,961,Konya Hadim,45,45,%100,8.744,7.733,7.463,"%88,44"
42,Konya,konya-derbent-537,537,Konya Derbent,16,16,%100,3.366,3.145,3.042,"%93,43"
42,Konya,konya-derebucak-538,538,Konya Derebucak,18,18,%100,4.706,3.723,3.573,"%79,11"
42,Konya,konya-doganhisar-539,539,Konya Doğanhisar,46,46,%100,12.569,11.149,10.262,"%88,70"
42,Konya,konya-ilgin-546,546,Konya Ilgın,143,143,%100,41.394,37.245,36.001,"%89,98"
42,Konya,konya-kulu-549,549,Konya Kulu,127,127,%100,37.279,26.355,25.368,"%70,70"
42,Konya,konya-meram-526,526,Konya Meram,677,677,%100,240.788,219.127,214.781,"%91,00"
42,Konya,konya-kadinhani-547,547,Konya Kadınhanı,95,95,%100,22.624,20.937,20.479,"%92,54"
42,Konya,konya-karatay-525,525,Konya Karatay,702,702,%100,249.629,224.824,220.013,"%90,06"
42,Konya,konya-karapinar-548,548,Konya Karapınar,114,114,%100,36.050,32.494,31.435,"%90,14"
42,Konya,konya-sarayonu-550,550,Konya Sarayönü,69,69,%100,20.777,18.984,18.629,"%91,37"
42,Konya,konya-taskent-552,552,Konya Taşkent,19,19,%100,4.431,3.932,3.759,"%88,74"
42,Konya,konya-selcuklu-527,527,Konya Selçuklu,1.300,1.300,%100,476.024,429.357,421.107,"%90,20"
42,Konya,konya-seydisehir-551,551,Konya Seydişehir,170,170,%100,50.137,45.660,44.012,"%91,07"
42,Konya,konya-tuzlukcu-553,553,Konya Tuzlukçu,23,23,%100,5.076,4.364,4.191,"%85,97"
42,Konya,konya-yalihuyuk-554,554,Konya Yalıhüyük,6,6,%100,1.508,1.303,1.255,"%86,41"
42,Konya,konya-yunak-555,555,Konya Yunak,69,69,%100,15.980,12.792,12.289,"%80,05"
43,Kütahya,kutahya-altintas-557,557,Kütahya Altıntaş,53,53,%100,12.120,10.856,10.472,"%89,57"
43,Kütahya,kutahya-aslanapa-558,558,Kütahya Aslanapa,40,40,%100,6.880,6.505,6.347,"%94,55"
43,Kütahya,kutahya-cavdarhisar-559,559,Kütahya Çavdarhisar,31,31,%100,5.062,4.443,4.236,"%87,77"
43,Kütahya,kutahya-domanic-560,560,Kütahya Domaniç,52,52,%100,11.901,10.831,10.485,"%91,01"
43,Kütahya,kutahya-gediz-563,563,Kütahya Gediz,145,145,%100,38.189,35.044,33.867,"%91,76"
43,Kütahya,kutahya-hisarcik-564,564,Kütahya Hisarcık,41,41,%100,9.096,8.262,7.944,"%90,83"
43,Kütahya,kutahya-dumlupinar-561,561,Kütahya Dumlupınar,15,15,%100,2.429,2.049,1.971,"%84,36"
43,Kütahya,kutahya-emet-562,562,Kütahya Emet,69,69,%100,14.933,13.586,13.163,"%90,98"
43,Kütahya,kutahya-merkez-556,556,Kütahya Merkez,625,625,%100,193.025,178.118,174.465,"%92,28"
43,Kütahya,kutahya-tavsanli-568,568,Kütahya Tavşanlı,291,291,%100,78.500,72.962,71.281,"%92,95"
43,Kütahya,kutahya-simav-566,566,Kütahya Simav,204,204,%100,49.668,45.370,43.746,"%91,35"
43,Kütahya,kutahya-pazarlar-565,565,Kütahya Pazarlar,19,19,%100,4.012,3.618,3.497,"%90,18"
43,Kütahya,kutahya-saphane-567,567,Kütahya Şaphane,22,22,%100,4.733,4.314,4.074,"%91,15"
44,Malatya,malatya-doganyol-576,576,Malatya Doğanyol,20,20,%100,3.040,2.517,2.414,"%82,80"
44,Malatya,malatya-dogansehir-575,575,Malatya Doğanşehir,97,97,%100,26.684,22.385,21.643,"%83,89"
44,Malatya,malatya-hekimhan-577,577,Malatya Hekimhan,85,85,%100,12.975,11.552,11.284,"%89,03"
44,Malatya,malatya-kale-578,578,Malatya Kale,29,29,%100,4.600,4.147,4.097,"%90,15"
44,Malatya,malatya-kuluncak-579,579,Malatya Kuluncak,33,33,%100,5.812,5.122,5.025,"%88,13"
44,Malatya,malatya-akcadag-570,570,Malatya Akçadağ,104,104,%100,20.881,18.174,17.801,"%87,04"
44,Malatya,malatya-arapgir-571,571,Malatya Arapgir,69,69,%100,8.165,7.034,6.833,"%86,15"
44,Malatya,malatya-battalgazi-573,573,Malatya Battalgazi,570,570,%100,192.531,155.308,152.016,"%80,67"
44,Malatya,malatya-arguvan-572,572,Malatya Arguvan,51,51,%100,5.811,5.291,5.176,"%91,05"
44,Malatya,malatya-darende-574,574,Malatya Darende,95,95,%100,18.956,16.369,16.085,"%86,35"
45,Manisa,manisa-demirci-587,587,Manisa Demirci,134,134,%100,28.933,26.456,25.361,"%91,44"
44,Malatya,malatya-yesilyurt-582,582,Malatya Yeşilyurt,615,615,%100,212.412,169.597,166.487,"%79,84"
45,Manisa,manisa-ahmetli-584,584,Manisa Ahmetli,47,47,%100,13.286,12.172,11.816,"%91,62"
44,Malatya,malatya-yazihan-581,581,Malatya Yazıhan,43,43,%100,9.288,8.280,8.107,"%89,15"
44,Malatya,malatya-puturge-580,580,Malatya Pütürge,90,90,%100,10.293,8.392,8.254,"%81,53"
45,Manisa,manisa-akhisar-585,585,Manisa Akhisar,431,431,%100,138.083,127.391,123.776,"%92,26"
45,Manisa,manisa-alasehir-586,586,Manisa Alaşehir,259,259,%100,78.797,71.934,69.493,"%91,29"
45,Manisa,manisa-salihli-593,593,Manisa Salihli,397,397,%100,128.009,117.053,113.664,"%91,44"
45,Manisa,manisa-kula-592,592,Manisa Kula,136,136,%100,34.756,31.912,30.557,"%91,82"
45,Manisa,manisa-golmarmara-588,588,Manisa Gölmarmara,43,43,%100,11.683,10.833,10.409,"%92,72"
45,Manisa,manisa-saruhanli-595,595,Manisa Saruhanlı,143,143,%100,44.177,41.168,39.718,"%93,19"
45,Manisa,manisa-gordes-589,589,Manisa Gördes,93,93,%100,21.919,20.156,19.243,"%91,96"
45,Manisa,manisa-kirkagac-590,590,Manisa Kırkağaç,105,105,%100,30.693,28.423,27.561,"%92,60"
45,Manisa,manisa-koprubasi-591,591,Manisa Köprübaşı,61,61,%100,10.581,9.707,9.186,"%91,74"
45,Manisa,manisa-sarigol-594,594,Manisa Sarıgöl,91,91,%100,28.227,26.042,24.869,"%92,26"
47,Mardin,mardin-artuklu-1075,1075,Mardin Artüklü,378,378,%100,118.625,102.604,99.219,"%86,49"
45,Manisa,manisa-yunusemre-1072,1072,Manisa Yunusemre,548,548,%100,187.783,173.892,169.806,"%92,60"
45,Manisa,manisa-soma-597,597,Manisa Soma,278,278,%100,83.443,77.704,75.529,"%93,12"
45,Manisa,manisa-turgutlu-598,598,Manisa Turgutlu,373,373,%100,129.403,117.621,114.317,"%90,90"
45,Manisa,manisa-sehzadeler-1071,1071,Manisa Şehzadeler,357,357,%100,121.939,111.800,108.750,"%91,69"
45,Manisa,manisa-selendi-596,596,Manisa Selendi,82,82,%100,15.534,14.172,13.592,"%91,23"
47,Mardin,mardin-dargecit-610,610,Mardin Dargeçit,63,63,%100,17.384,13.613,12.770,"%78,31"
47,Mardin,mardin-midyat-614,614,Mardin Midyat,257,257,%100,76.927,59.260,56.346,"%77,03"
47,Mardin,mardin-savur-617,617,Mardin Savur,67,67,%100,16.148,12.288,11.745,"%76,10"
47,Mardin,mardin-nusaybin-615,615,Mardin Nusaybin,241,241,%100,73.998,58.341,55.953,"%78,84"
47,Mardin,mardin-omerli-616,616,Mardin Ömerli,43,43,%100,9.173,7.545,7.099,"%82,25"
47,Mardin,mardin-derik-611,611,Mardin Derik,140,140,%100,37.156,30.615,29.858,"%82,40"
47,Mardin,mardin-mazidagi-613,613,Mardin Mazıdağı,88,88,%100,21.968,17.853,16.939,"%81,27"
47,Mardin,mardin-kiziltepe-612,612,Mardin Kızıltepe,538,538,%100,162.156,138.769,134.744,"%85,58"
47,Mardin,mardin-yesilli-618,618,Mardin Yeşilli,31,31,%100,8.511,7.715,7.580,"%90,65"
33,Mersin,mersin-akdeniz-942,942,Mersin Akdeniz,507,507,%100,176.855,157.428,152.831,"%89,02"
33,Mersin,mersin-anamur-390,390,Mersin Anamur,180,180,%100,52.914,48.088,46.669,"%90,88"
33,Mersin,mersin-gulnar-395,395,Mersin Gülnar,98,98,%100,20.515,18.615,18.032,"%90,74"
33,Mersin,mersin-silifke-397,397,Mersin Silifke,312,312,%100,97.757,88.436,86.254,"%90,47"
33,Mersin,mersin-erdemli-394,394,Mersin Erdemli,346,346,%100,111.686,101.835,99.586,"%91,18"
33,Mersin,mersin-mezitli-943,943,Mersin Mezitli,437,437,%100,157.884,139.964,138.045,"%88,65"
33,Mersin,mersin-mut-396,396,Mersin Mut,184,184,%100,48.487,44.023,42.837,"%90,79"
33,Mersin,mersin-aydincik-391,391,Mersin Aydıncık,32,32,%100,8.903,8.153,7.891,"%91,58"
33,Mersin,mersin-camliyayla-393,393,Mersin Çamlıyayla,25,25,%100,7.095,6.451,6.252,"%90,92"
33,Mersin,mersin-tarsus-398,398,Mersin Tarsus,759,759,%100,250.653,223.110,217.877,"%89,01"
33,Mersin,mersin-bozyazi-392,392,Mersin Bozyazı,69,69,%100,20.949,19.316,18.691,"%92,20"
33,Mersin,mersin-yenisehir-945,945,Mersin Yenişehir,549,549,%100,200.160,178.045,175.356,"%88,95"
80,Osmaniye,osmaniye-toprakkale-913,913,Osmaniye Toprakkale,39,39,%100,12.463,11.324,11.113,"%90,86"
80,Osmaniye,osmaniye-sumbas-912,912,Osmaniye Sumbas,36,36,%100,10.504,9.261,8.987,"%88,17"
80,Osmaniye,osmaniye-kadirli-911,911,Osmaniye Kadirli,290,290,%100,94.684,83.949,82.197,"%88,66"
80,Osmaniye,osmaniye-merkez-907,907,Osmaniye Merkez,540,540,%100,189.065,163.641,160.353,"%86,55"
80,Osmaniye,osmaniye-hasanbeyli-910,910,Osmaniye Hasanbeyli,15,15,%100,3.871,3.492,3.394,"%90,21"
80,Osmaniye,osmaniye-bahce-908,908,Osmaniye Bahçe,57,57,%100,16.377,14.779,14.368,"%90,24"
80,Osmaniye,osmaniye-duzici-909,909,Osmaniye Düziçi,195,195,%100,59.683,52.754,51.498,"%88,39"
33,Mersin,mersin-toroslar-944,944,Mersin Toroslar,636,636,%100,226.675,201.081,195.998,"%88,71"
48,Muğla,mugla-bodrum-620,620,Muğla Bodrum,429,429,%100,150.972,132.891,130.554,"%88,02"
48,Muğla,mugla-koycegiz-625,625,Muğla Köyceğiz,96,96,%100,31.151,28.084,27.090,"%90,15"
48,Muğla,mugla-fethiye-623,623,Muğla Fethiye,371,371,%100,129.565,116.650,113.949,"%90,03"
48,Muğla,mugla-milas-627,627,Muğla Milas,379,379,%100,116.664,106.646,103.647,"%91,41"
48,Muğla,mugla-kavaklidere-624,624,Muğla Kavaklıdere,30,30,%100,8.499,7.998,7.627,"%94,11"
48,Muğla,mugla-datca-622,622,Muğla Datça,62,62,%100,21.028,18.781,18.435,"%89,31"
48,Muğla,mugla-dalaman-621,621,Muğla Dalaman,107,107,%100,35.771,32.509,31.747,"%90,88"
48,Muğla,mugla-marmaris-626,626,Muğla Marmaris,207,207,%100,73.444,64.374,63.069,"%87,65"
48,Muğla,mugla-mentese-1076,1076,Muğla Menteşe,270,270,%100,88.819,81.615,79.522,"%91,89"
48,Muğla,mugla-ortaca-628,628,Muğla Ortaca,126,126,%100,42.604,38.808,37.927,"%91,09"
48,Muğla,mugla-seydikemer-1077,1077,Muğla Seydikemer,163,163,%100,49.151,44.466,42.500,"%90,47"
49,Muş,mus-haskoy-633,633,Muş Hasköy,52,52,%100,15.401,13.327,13.151,"%86,53"
49,Muş,mus-bulanik-632,632,Muş Bulanık,156,156,%100,44.272,32.925,31.613,"%74,37"
48,Muğla,mugla-yatagan-630,630,Muğla Yatağan,125,125,%100,36.598,34.240,33.052,"%93,56"
49,Muş,mus-korkut-634,634,Muş Korkut,56,56,%100,14.108,10.900,10.492,"%77,26"
48,Muğla,mugla-ula-629,629,Muğla Ula,74,74,%100,22.176,20.291,19.654,"%91,50"
50,Nevşehir,nevsehir-acigol-638,638,Nevşehir Acıgöl,43,43,%100,14.023,12.799,12.433,"%91,27"
49,Muş,mus-varto-636,636,Muş Varto,83,83,%100,20.505,15.789,15.293,"%77,00"
49,Muş,mus-malazgirt-635,635,Muş Malazgirt,117,117,%100,27.457,20.957,20.162,"%76,33"
49,Muş,mus-merkez-631,631,Muş Merkez,397,397,%100,120.904,97.179,93.100,"%80,38"
50,Nevşehir,nevsehir-avanos-639,639,Nevşehir Avanos,86,86,%100,25.480,22.557,21.960,"%88,53"
50,Nevşehir,nevsehir-hacibektas-642,642,Nevşehir Hacıbektaş,46,46,%100,8.825,7.954,7.726,"%90,13"
50,Nevşehir,nevsehir-derinkuyu-640,640,Nevşehir Derinkuyu,51,51,%100,15.208,13.663,13.323,"%89,84"
50,Nevşehir,nevsehir-gulsehir-641,641,Nevşehir Gülşehir,66,66,%100,16.685,14.733,14.209,"%88,30"
50,Nevşehir,nevsehir-merkez-637,637,Nevşehir Merkez,310,310,%100,106.237,97.199,95.285,"%91,49"
50,Nevşehir,nevsehir-kozakli-643,643,Nevşehir Kozaklı,51,51,%100,10.512,9.262,8.984,"%88,11"
51,Niğde,nigde-altunhisar-646,646,Niğde Altunhisar,29,29,%100,8.611,7.121,6.887,"%82,70"
51,Niğde,nigde-bor-647,647,Niğde Bor,152,152,%100,45.418,40.952,39.941,"%90,17"
50,Nevşehir,nevsehir-urgup-644,644,Nevşehir Ürgüp,96,96,%100,28.527,25.937,25.300,"%90,92"
51,Niğde,nigde-ciftlik-649,649,Niğde Çiftlik,55,55,%100,17.319,14.237,13.603,"%82,20"
51,Niğde,nigde-ulukisla-650,650,Niğde Ulukışla,67,67,%100,16.084,14.097,13.622,"%87,65"
51,Niğde,nigde-camardi-648,648,Niğde Çamardı,39,39,%100,9.252,7.751,7.506,"%83,78"
51,Niğde,nigde-merkez-645,645,Niğde Merkez,479,479,%100,161.579,143.905,140.700,"%89,06"
52,Ordu,ordu-camas-654,654,Ordu Çamaş,31,31,%100,7.088,6.185,5.955,"%87,26"
52,Ordu,ordu-caybasi-656,656,Ordu Çaybaşı,40,40,%100,9.276,8.133,7.751,"%87,68"
52,Ordu,ordu-golkoy-658,658,Ordu Gölköy,82,82,%100,21.443,17.826,16.636,"%83,13"
52,Ordu,ordu-akkus-652,652,Ordu Akkuş,77,77,%100,17.603,14.603,13.530,"%82,96"
52,Ordu,ordu-altinordu-1078,1078,Ordu Altınordu,511,511,%100,175.035,156.511,152.952,"%89,42"
52,Ordu,ordu-aybasti-653,653,Ordu Aybastı,58,58,%100,15.933,13.244,12.536,"%83,12"
52,Ordu,ordu-catalpinar-655,655,Ordu Çatalpınar,40,40,%100,10.109,9.001,8.749,"%89,04"
52,Ordu,ordu-fatsa-657,657,Ordu Fatsa,304,304,%100,96.173,83.720,81.216,"%87,05"
52,Ordu,ordu-kabatas-663,663,Ordu Kabataş,28,28,%100,8.406,7.319,6.880,"%87,07"
52,Ordu,ordu-gurgentepe-660,660,Ordu Gürgentepe,40,40,%100,10.835,9.692,9.263,"%89,45"
52,Ordu,ordu-ikizce-661,661,Ordu İkizce,52,52,%100,10.712,9.476,9.051,"%88,46"
52,Ordu,ordu-kabaduz-662,662,Ordu Kabadüz,25,25,%100,6.029,5.379,5.205,"%89,22"
52,Ordu,ordu-gulyali-659,659,Ordu Gülyalı,26,26,%100,7.334,6.682,6.482,"%91,11"
56,Siirt,siirt-eruh-713,713,Siirt Eruh,73,73,%100,11.004,9.335,8.726,"%84,83"
52,Ordu,ordu-mesudiye-666,666,Ordu Mesudiye,78,78,%100,11.089,8.591,8.230,"%77,47"
52,Ordu,ordu-kumru-665,665,Ordu Kumru,78,78,%100,22.044,19.023,18.309,"%86,30"
52,Ordu,ordu-korgan-664,664,Ordu Korgan,72,72,%100,20.858,17.959,17.176,"%86,10"
56,Siirt,siirt-aydinlar-711,711,Siirt Aydınlar,12,12,%100,2.692,2.424,2.354,"%90,04"
52,Ordu,ordu-persembe-667,667,Ordu Perşembe,111,111,%100,25.699,22.386,21.419,"%87,11"
56,Siirt,siirt-baykan-712,712,Siirt Baykan,61,61,%100,15.126,12.002,11.373,"%79,35"
52,Ordu,ordu-unye-669,669,Ordu Ünye,374,374,%100,100.063,88.459,85.829,"%88,40"
56,Siirt,siirt-kurtalan-714,714,Siirt Kurtalan,140,140,%100,37.495,30.053,28.659,"%80,15"
52,Ordu,ordu-ulubey-668,668,Ordu Ulubey,67,67,%100,15.123,13.551,12.900,"%89,61"
56,Siirt,siirt-pervari-715,715,Siirt Pervari,67,67,%100,16.655,13.687,12.657,"%82,18"
56,Siirt,siirt-sirvan-716,716,Siirt Şirvan,73,73,%100,12.249,9.896,9.456,"%80,79"
56,Siirt,siirt-merkez-710,710,Siirt Merkez,319,319,%100,106.632,90.864,86.974,"%85,21"
54,Sakarya,sakarya-adapazari-962,962,Sakarya Adapazarı,585,585,%100,204.679,186.570,183.074,"%91,15"
54,Sakarya,sakarya-akyazi-685,685,Sakarya Akyazı,222,222,%100,70.517,65.696,64.256,"%93,16"
54,Sakarya,sakarya-erenler-964,964,Sakarya Erenler,192,192,%100,66.517,60.657,59.542,"%91,19"
54,Sakarya,sakarya-arifiye-963,963,Sakarya Arifiye,107,107,%100,34.994,32.244,31.623,"%92,14"
54,Sakarya,sakarya-ferizli-683,683,Sakarya Ferizli,69,69,%100,21.286,19.495,19.076,"%91,59"
54,Sakarya,sakarya-geyve-686,686,Sakarya Geyve,148,148,%100,38.189,35.291,34.317,"%92,41"
54,Sakarya,sakarya-hendek-687,687,Sakarya Hendek,224,224,%100,65.464,60.426,59.252,"%92,30"
54,Sakarya,sakarya-karapurcek-688,688,Sakarya Karapürçek,34,34,%100,9.844,9.189,8.937,"%93,35"
54,Sakarya,sakarya-karasu-689,689,Sakarya Karasu,166,166,%100,54.031,47.839,46.769,"%88,54"
54,Sakarya,sakarya-kocaali-691,691,Sakarya Kocaali,67,67,%100,18.712,17.040,16.634,"%91,06"
54,Sakarya,sakarya-sogutlu-684,684,Sakarya Söğütlü,44,44,%100,11.817,10.927,10.633,"%92,47"
54,Sakarya,sakarya-sapanca-693,693,Sakarya Sapanca,103,103,%100,32.977,30.474,29.942,"%92,41"
54,Sakarya,sakarya-pamukova-692,692,Sakarya Pamukova,83,83,%100,23.105,21.325,20.795,"%92,30"
53,Rize,rize-cayeli-673,673,Rize Çayeli,139,139,%100,33.633,29.964,29.463,"%89,09"
53,Rize,rize-guneysu-676,676,Rize Güneysu,46,46,%100,11.889,11.100,10.940,"%93,36"
53,Rize,rize-camlihemsin-672,672,Rize Çamlıhemşin,40,40,%100,5.979,5.161,5.003,"%86,32"
54,Sakarya,sakarya-kaynarca-690,690,Sakarya Kaynarca,75,75,%100,18.888,17.601,17.180,"%93,19"
54,Sakarya,sakarya-serdivan-965,965,Sakarya Serdivan,300,300,%100,108.280,98.805,97.167,"%91,25"
54,Sakarya,sakarya-tarakli-694,694,Sakarya Taraklı,28,28,%100,5.338,5.027,4.897,"%94,17"
53,Rize,rize-ardesen-671,671,Rize Ardeşen,123,123,%100,32.329,28.573,27.912,"%88,38"
53,Rize,rize-findikli-675,675,Rize Fındıklı,54,54,%100,13.243,11.748,11.368,"%88,71"
53,Rize,rize-derepazari-674,674,Rize Derepazarı,24,24,%100,5.562,5.003,4.928,"%89,95"
53,Rize,rize-pazar-681,681,Rize Pazar,106,106,%100,25.756,22.471,21.817,"%87,25"
53,Rize,rize-ikizdere-678,678,Rize İkizdere,39,39,%100,5.443,4.505,4.413,"%82,77"
53,Rize,rize-merkez-670,670,Rize Merkez,351,351,%100,112.457,101.129,99.247,"%89,93"
53,Rize,rize-kalkandere-680,680,Rize Kalkandere,43,43,%100,9.927,8.748,8.555,"%88,12"
53,Rize,rize-iyidere-679,679,Rize İyidere,27,27,%100,6.981,6.221,6.101,"%89,11"
53,Rize,rize-hemsin-677,677,Rize Hemşin,13,13,%100,2.163,1.798,1.722,"%83,13"
55,Samsun,samsun-alacam-696,696,Samsun Alaçam,91,91,%100,20.284,18.023,17.255,"%88,85"
55,Samsun,samsun-asarcik-697,697,Samsun Asarcık,51,51,%100,11.803,10.103,9.792,"%85,60"
55,Samsun,samsun-ayvacik-698,698,Samsun Ayvacık,60,60,%100,14.725,12.860,12.455,"%87,33"
55,Samsun,samsun-atakum-967,967,Samsun Atakum,477,477,%100,170.898,154.705,152.007,"%90,52"
55,Samsun,samsun-bafra-699,699,Samsun Bafra,373,373,%100,111.410,99.063,96.334,"%88,92"
55,Samsun,samsun-canik-968,968,Samsun Canik,224,224,%100,73.136,65.037,63.506,"%88,93"
55,Samsun,samsun-havza-701,701,Samsun Havza,142,142,%100,30.276,27.244,26.420,"%89,99"
55,Samsun,samsun-carsamba-700,700,Samsun Çarşamba,351,351,%100,106.190,94.209,91.501,"%88,72"
55,Samsun,samsun-ladik-703,703,Samsun Ladik,81,81,%100,13.306,11.840,11.514,"%88,98"
55,Samsun,samsun-kavak-702,702,Samsun Kavak,112,112,%100,18.349,16.801,16.168,"%91,56"
55,Samsun,samsun-ilkadim-969,969,Samsun İlkadım,690,690,%100,245.376,218.873,213.822,"%89,20"
55,Samsun,samsun-ondokuzmayis-966,966,Samsun Ondokuzmayıs,77,77,%100,20.680,18.302,17.739,"%88,50"
55,Samsun,samsun-terme-707,707,Samsun Terme,196,196,%100,57.367,51.181,49.708,"%89,22"
55,Samsun,samsun-salipazari-705,705,Samsun Salıpazarı,62,62,%100,15.619,14.121,13.689,"%90,41"
55,Samsun,samsun-tekkekoy-706,706,Samsun Tekkeköy,145,145,%100,43.343,39.562,38.470,"%91,28"
55,Samsun,samsun-vezirkopru-708,708,Samsun Vezirköprü,263,263,%100,64.759,57.326,54.783,"%88,52"
55,Samsun,samsun-yakakent-709,709,Samsun Yakakent,28,28,%100,7.132,6.457,6.134,"%90,54"
63,Şanlıurfa,sanliurfa-akcakale-791,791,Şanlıurfa Akçakale,219,219,%100,58.148,50.420,49.469,"%86,71"
63,Şanlıurfa,sanliurfa-bozova-793,793,Şanlıurfa Bozova,138,138,%100,33.079,25.462,24.491,"%76,97"
63,Şanlıurfa,sanliurfa-birecik-792,792,Şanlıurfa Birecik,199,199,%100,56.776,44.540,42.568,"%78,45"
63,Şanlıurfa,sanliurfa-eyyubiye-1083,1083,Şanlıurfa Eyyubiye,622,622,%100,203.950,162.506,155.211,"%79,68"
63,Şanlıurfa,sanliurfa-haliliye-1084,1084,Şanlıurfa Haliliye,705,705,%100,227.406,192.223,184.933,"%84,53"
63,Şanlıurfa,sanliurfa-ceylanpinar-794,794,Şanlıurfa Ceylanpınar,166,166,%100,51.482,42.743,40.768,"%83,03"
63,Şanlıurfa,sanliurfa-harran-796,796,Şanlıurfa Harran,181,181,%100,43.635,38.001,37.432,"%87,09"
57,Sinop,sinop-ayancik-718,718,Sinop Ayancık,104,104,%100,19.656,16.778,16.115,"%85,36"
57,Sinop,sinop-boyabat-719,719,Sinop Boyabat,171,171,%100,33.933,29.984,28.811,"%88,36"
63,Şanlıurfa,sanliurfa-viransehir-800,800,Şanlıurfa Viranşehir,402,402,%100,114.312,91.858,88.650,"%80,36"
63,Şanlıurfa,sanliurfa-suruc-799,799,Şanlıurfa Suruç,219,219,%100,59.936,46.559,44.525,"%77,68"
63,Şanlıurfa,sanliurfa-halfeti-795,795,Şanlıurfa Halfeti,99,99,%100,26.737,19.480,18.311,"%72,86"
63,Şanlıurfa,sanliurfa-hilvan-797,797,Şanlıurfa Hilvan,119,119,%100,26.452,21.850,20.567,"%82,60"
63,Şanlıurfa,sanliurfa-karakopru-1085,1085,Şanlıurfa Karaköprü,506,506,%100,166.341,146.150,142.069,"%87,86"
63,Şanlıurfa,sanliurfa-siverek-798,798,Şanlıurfa Siverek,514,514,%100,153.380,117.735,107.193,"%76,76"
57,Sinop,sinop-dikmen-720,720,Sinop Dikmen,34,34,%100,4.167,3.505,3.305,"%84,11"
57,Sinop,sinop-sarayduzu-724,724,Sinop Saraydüzü,33,33,%100,4.955,4.298,4.076,"%86,74"
57,Sinop,sinop-erfelek-722,722,Sinop Erfelek,56,56,%100,10.563,9.080,8.542,"%85,96"
57,Sinop,sinop-merkez-717,717,Sinop Merkez,161,161,%100,49.981,45.112,43.799,"%90,26"
57,Sinop,sinop-gerze-723,723,Sinop Gerze,90,90,%100,23.102,20.359,19.290,"%88,13"
57,Sinop,sinop-duragan-721,721,Sinop Durağan,92,92,%100,12.976,11.361,10.882,"%87,55"
57,Sinop,sinop-turkeli-725,725,Sinop Türkeli,52,52,%100,12.510,10.370,9.981,"%82,89"
60,Tokat,tokat-erbaa-756,756,Tokat Erbaa,267,267,%100,74.891,67.422,65.485,"%90,03"
60,Tokat,tokat-niksar-757,757,Tokat Niksar,200,200,%100,47.156,42.294,41.075,"%89,69"
60,Tokat,tokat-almus-753,753,Tokat Almus,77,77,%100,15.514,13.716,13.366,"%88,41"
60,Tokat,tokat-resadiye-759,759,Tokat Reşadiye,132,132,%100,22.599,19.011,18.527,"%84,12"
60,Tokat,tokat-artova-754,754,Tokat Artova,36,36,%100,5.822,5.438,5.380,"%93,40"
60,Tokat,tokat-basciftlik-755,755,Tokat Başçiftlik,18,18,%100,3.563,2.839,2.738,"%79,68"
60,Tokat,tokat-merkez-752,752,Tokat Merkez,474,474,%100,146.087,135.151,133.108,"%92,51"
60,Tokat,tokat-pazar-758,758,Tokat Pazar,40,40,%100,10.056,9.381,9.230,"%93,29"
60,Tokat,tokat-turhal-761,761,Tokat Turhal,209,209,%100,60.802,55.179,54.155,"%90,75"
60,Tokat,tokat-sulusaray-760,760,Tokat Sulusaray,25,25,%100,4.791,4.335,4.252,"%90,48"
62,Tunceli,tunceli-cemisgezek-783,783,Tunceli Çemişgezek,34,34,%100,5.801,5.068,4.930,"%87,36"
60,Tokat,tokat-yesilyurt-762,762,Tokat Yeşilyurt,31,31,%100,6.150,5.462,5.359,"%88,81"
60,Tokat,tokat-zile-763,763,Tokat Zile,202,202,%100,42.474,38.737,37.961,"%91,20"
62,Tunceli,tunceli-nazimiye-786,786,Tunceli Nazımiye,21,21,%100,2.669,2.397,2.333,"%89,81"
62,Tunceli,tunceli-ovacik-787,787,Tunceli Ovacık,41,41,%100,5.591,4.815,4.712,"%86,12"
62,Tunceli,tunceli-merkez-782,782,Tunceli Merkez,106,106,%100,28.962,25.229,24.782,"%87,11"
62,Tunceli,tunceli-mazgirt-785,785,Tunceli Mazgirt,46,46,%100,6.355,5.422,5.302,"%85,32"
62,Tunceli,tunceli-hozat-784,784,Tunceli Hozat,21,21,%100,4.360,3.812,3.729,"%87,43"
73,Şırnak,sirnak-beytussebap-871,871,Şırnak Beytüşşebap,49,49,%100,11.337,9.062,8.740,"%79,93"
62,Tunceli,tunceli-pertek-788,788,Tunceli Pertek,48,48,%100,8.755,7.735,7.530,"%88,35"
62,Tunceli,tunceli-pulumur-789,789,Tunceli Pülümür,20,20,%100,3.085,2.758,2.692,"%89,40"
73,Şırnak,sirnak-silopi-875,875,Şırnak Silopi,249,249,%100,83.278,73.032,70.608,"%87,70"
73,Şırnak,sirnak-uludere-876,876,Şırnak Uludere,85,85,%100,27.080,21.226,20.604,"%78,38"
73,Şırnak,sirnak-merkez-870,870,Şırnak Merkez,185,185,%100,60.835,53.871,51.832,"%88,55"
58,Sivas,sivas-akincilar-727,727,Sivas Akıncılar,39,39,%100,4.124,3.518,3.449,"%85,31"
73,Şırnak,sirnak-guclukonak-873,873,Şırnak Güçlükonak,31,31,%100,6.895,5.794,5.485,"%84,03"
73,Şırnak,sirnak-cizre-872,872,Şırnak Cizre,268,268,%100,91.528,78.427,75.707,"%85,69"
73,Şırnak,sirnak-idil-874,874,Şırnak İdil,158,158,%100,43.551,33.104,31.946,"%76,01"
58,Sivas,sivas-golova-732,732,Sivas Gölova,33,33,%100,2.736,2.151,2.106,"%78,62"
58,Sivas,sivas-gemerek-731,731,Sivas Gemerek,79,79,%100,17.055,14.504,14.014,"%85,04"
58,Sivas,sivas-gurun-733,733,Sivas Gürün,96,96,%100,13.851,11.845,11.575,"%85,52"
58,Sivas,sivas-divrigi-729,729,Sivas Divriği,142,142,%100,13.283,12.126,11.886,"%91,29"
58,Sivas,sivas-altinyayla-728,728,Sivas Altınyayla,27,27,%100,6.424,5.608,5.531,"%87,30"
58,Sivas,sivas-dogansar-730,730,Sivas Doğanşar,32,32,%100,2.303,1.968,1.945,"%85,45"
58,Sivas,sivas-hafik-734,734,Sivas Hafik,86,86,%100,7.164,6.525,6.383,"%91,08"
58,Sivas,sivas-kangal-736,736,Sivas Kangal,136,136,%100,15.782,13.948,13.683,"%88,38"
58,Sivas,sivas-imranli-735,735,Sivas İmranlı,106,106,%100,5.946,5.115,5.038,"%86,02"
58,Sivas,sivas-koyulhisar-737,737,Sivas Koyulhisar,68,68,%100,10.232,8.657,8.299,"%84,61"
58,Sivas,sivas-merkez-726,726,Sivas Merkez,861,861,%100,269.359,244.273,240.643,"%90,69"
58,Sivas,sivas-sarkisla-739,739,Sivas Şarkışla,159,159,%100,27.800,23.999,23.590,"%86,33"
58,Sivas,sivas-susehri-738,738,Sivas Suşehri,108,108,%100,19.399,17.220,16.801,"%88,77"
61,Trabzon,trabzon-arakli-766,766,Trabzon Araklı,141,141,%100,36.039,30.553,29.993,"%84,78"
61,Trabzon,trabzon-arsin-767,767,Trabzon Arsin,85,85,%100,23.350,20.684,20.359,"%88,58"
58,Sivas,sivas-yildizeli-741,741,Sivas Yıldızeli,152,152,%100,21.648,18.365,18.133,"%84,83"
58,Sivas,sivas-ulas-740,740,Sivas Ulaş,47,47,%100,6.370,5.854,5.769,"%91,90"
58,Sivas,sivas-zara-742,742,Sivas Zara,162,162,%100,17.221,15.346,15.061,"%89,11"
61,Trabzon,trabzon-akcaabat-765,765,Trabzon Akçaabat,351,351,%100,96.125,87.073,84.758,"%90,58"
61,Trabzon,trabzon-duzkoy-772,772,Trabzon Düzköy,38,38,%100,10.636,9.209,8.922,"%86,58"
61,Trabzon,trabzon-hayrat-773,773,Trabzon Hayrat,40,40,%100,6.589,5.768,5.681,"%87,54"
61,Trabzon,trabzon-besikduzu-768,768,Trabzon Beşikdüzü,63,63,%100,17.538,15.625,15.222,"%89,09"
61,Trabzon,trabzon-carsibasi-769,769,Trabzon Çarşıbaşı,46,46,%100,12.340,11.097,10.771,"%89,93"
61,Trabzon,trabzon-caykara-770,770,Trabzon Çaykara,59,59,%100,11.036,9.564,9.228,"%86,66"
61,Trabzon,trabzon-dernekpazari-771,771,Trabzon Dernekpazarı,16,16,%100,3.228,2.816,2.757,"%87,24"
61,Trabzon,trabzon-ortahisar-1082,1082,Trabzon Ortahisar,700,700,%100,242.091,217.838,213.597,"%89,98"
61,Trabzon,trabzon-macka-775,775,Trabzon Maçka,101,101,%100,20.511,18.065,17.565,"%88,07"
61,Trabzon,trabzon-salpazari-778,778,Trabzon Şalpazarı,39,39,%100,8.923,8.079,7.864,"%90,54"
61,Trabzon,trabzon-of-776,776,Trabzon Of,132,132,%100,34.151,30.434,29.843,"%89,12"
61,Trabzon,trabzon-surmene-777,777,Trabzon Sürmene,91,91,%100,20.217,17.377,16.938,"%85,95"
61,Trabzon,trabzon-koprubasi-774,774,Trabzon Köprübaşı,21,21,%100,3.747,3.158,3.082,"%84,28"
59,Tekirdağ,tekirdag-ergene-1081,1081,Tekirdağ Ergene,143,143,%100,50.856,46.273,44.908,"%90,99"
59,Tekirdağ,tekirdag-cerkezkoy-744,744,Tekirdağ Çerkezköy,391,391,%100,144.266,130.206,127.351,"%90,25"
61,Trabzon,trabzon-vakfikebir-780,780,Trabzon Vakfıkebir,82,82,%100,21.462,19.285,18.700,"%89,86"
59,Tekirdağ,tekirdag-kapakli-1080,1080,Tekirdağ Kapaklı,270,270,%100,98.617,89.511,87.630,"%90,77"
61,Trabzon,trabzon-yomra-781,781,Trabzon Yomra,112,112,%100,32.890,29.154,28.589,"%88,64"
61,Trabzon,trabzon-tonya-779,779,Trabzon Tonya,41,41,%100,11.297,9.910,9.298,"%87,72"
59,Tekirdağ,tekirdag-hayrabolu-746,746,Tekirdağ Hayrabolu,97,97,%100,24.645,22.500,21.754,"%91,30"
59,Tekirdağ,tekirdag-corlu-745,745,Tekirdağ Çorlu,595,595,%100,218.475,197.320,192.515,"%90,32"
59,Tekirdağ,tekirdag-malkara-747,747,Tekirdağ Malkara,154,154,%100,41.750,38.043,36.758,"%91,12"
59,Tekirdağ,tekirdag-muratli-749,749,Tekirdağ Muratlı,74,74,%100,23.743,21.760,21.166,"%91,65"
59,Tekirdağ,tekirdag-sarkoy-751,751,Tekirdağ Şarköy,92,92,%100,28.231,24.824,24.072,"%87,93"
59,Tekirdağ,tekirdag-suleymanpasa-1079,1079,Tekirdağ Süleymanpaşa,489,489,%100,163.757,148.534,145.682,"%90,70"
64,Uşak,usak-banaz-802,802,Uşak Banaz,104,104,%100,27.949,25.139,23.995,"%89,95"
59,Tekirdağ,tekirdag-marmaraereglisi-748,748,Tekirdağ Marmaraereğlisi,67,67,%100,23.934,21.209,20.705,"%88,61"
59,Tekirdağ,tekirdag-saray-750,750,Tekirdağ Saray,121,121,%100,40.138,36.934,36.019,"%92,02"
64,Uşak,usak-ulubey-806,806,Uşak Ulubey,47,47,%100,10.185,9.312,8.928,"%91,43"
64,Uşak,usak-esme-803,803,Uşak Eşme,115,115,%100,27.794,25.002,23.931,"%89,95"
64,Uşak,usak-karahalli-804,804,Uşak Karahallı,30,30,%100,8.169,7.318,6.951,"%89,58"
64,Uşak,usak-merkez-801,801,Uşak Merkez,578,578,%100,191.112,174.730,170.403,"%91,43"
64,Uşak,usak-sivasli-805,805,Uşak Sivaslı,54,54,%100,15.532,13.989,13.410,"%90,07"
66,Yozgat,yozgat-aydincik-821,821,Yozgat Aydıncık,38,38,%100,7.657,7.013,6.862,"%91,59"
66,Yozgat,yozgat-akdagmadeni-820,820,Yozgat Akdağmadeni,135,135,%100,28.593,22.850,22.377,"%79,91"
66,Yozgat,yozgat-bogazliyan-822,822,Yozgat Boğazlıyan,97,97,%100,25.467,22.110,21.575,"%86,82"
66,Yozgat,yozgat-candir-823,823,Yozgat Çandır,15,15,%100,3.458,2.820,2.749,"%81,55"
66,Yozgat,yozgat-cekerek-825,825,Yozgat Çekerek,70,70,%100,14.152,12.807,12.508,"%90,50"
66,Yozgat,yozgat-cayiralan-824,824,Yozgat Çayıralan,42,42,%100,9.297,6.814,6.622,"%73,29"
66,Yozgat,yozgat-sefaatli-830,830,Yozgat Şefaatli,69,69,%100,11.254,9.848,9.620,"%87,51"
66,Yozgat,yozgat-yenifakili-831,831,Yozgat Yenifakılı,20,20,%100,4.352,3.901,3.811,"%89,64"
66,Yozgat,yozgat-sorgun-829,829,Yozgat Sorgun,229,229,%100,57.904,50.906,50.142,"%87,91"
65,Van,van-bahcesaray-808,808,Van Bahçesaray,36,36,%100,8.063,6.244,5.785,"%77,44"
66,Yozgat,yozgat-kadisehri-826,826,Yozgat Kadışehri,39,39,%100,7.474,6.661,6.499,"%89,12"
66,Yozgat,yozgat-sarikaya-828,828,Yozgat Sarıkaya,108,108,%100,23.928,19.087,18.661,"%79,77"
66,Yozgat,yozgat-merkez-819,819,Yozgat Merkez,279,279,%100,72.596,66.139,64.916,"%91,11"
66,Yozgat,yozgat-saraykent-827,827,Yozgat Saraykent,35,35,%100,7.911,6.009,5.881,"%75,96"
66,Yozgat,yozgat-yerkoy-832,832,Yozgat Yerköy,123,123,%100,26.532,23.411,22.904,"%88,24"
65,Van,van-baskale-809,809,Van Başkale,109,109,%100,27.346,21.010,19.768,"%76,83"
65,Van,van-gurpinar-815,815,Van Gürpınar,103,103,%100,20.775,16.181,15.255,"%77,89"
65,Van,van-caldiran-810,810,Van Çaldıran,130,130,%100,33.277,23.454,22.268,"%70,48"
65,Van,van-catak-811,811,Van Çatak,54,54,%100,11.957,9.734,9.083,"%81,41"
65,Van,van-edremit-812,812,Van Edremit,239,239,%100,82.452,68.565,65.644,"%83,16"
65,Van,van-ercis-813,813,Van Erciş,342,342,%100,104.103,77.005,72.948,"%73,97"
65,Van,van-gevas-814,814,Van Gevaş,67,67,%100,18.200,14.748,13.966,"%81,03"
65,Van,van-saray-818,818,Van Saray,43,43,%100,11.790,8.623,8.087,"%73,14"
65,Van,van-tusba-1086,1086,Van Tuşba,303,303,%100,97.279,75.442,71.771,"%77,55"
65,Van,van-ipekyolu-1087,1087,Van İpekyolu,643,643,%100,229.342,190.230,182.293,"%82,95"
65,Van,van-muradiye-816,816,Van Muradiye,103,103,%100,27.480,19.809,18.680,"%72,09"
65,Van,van-ozalp-817,817,Van Özalp,129,129,%100,35.797,25.572,24.070,"%71,44"
67,Zonguldak,zonguldak-caycuma-835,835,Zonguldak Çaycuma,264,264,%100,74.393,66.728,62.981,"%89,70"
77,Yalova,yalova-merkez-891,891,Yalova Merkez,290,290,%100,104.681,90.693,88.523,"%86,64"
77,Yalova,yalova-termal-896,896,Yalova Termal,13,13,%100,4.532,4.042,3.933,"%89,19"
67,Zonguldak,zonguldak-devrek-836,836,Zonguldak Devrek,171,171,%100,46.102,39.396,37.185,"%85,45"
77,Yalova,yalova-altinova-892,892,Yalova Altınova,72,72,%100,22.515,20.267,19.736,"%90,02"
67,Zonguldak,zonguldak-alapli-834,834,Zonguldak Alaplı,120,120,%100,33.086,30.365,29.249,"%91,78"
77,Yalova,yalova-armutlu-893,893,Yalova Armutlu,27,27,%100,8.740,7.622,7.451,"%87,21"
77,Yalova,yalova-ciftlikkoy-895,895,Yalova Çiftlikköy,103,103,%100,36.279,31.960,31.253,"%88,10"
77,Yalova,yalova-cinarcik-894,894,Yalova Çınarcık,84,84,%100,28.110,23.926,23.405,"%85,12"
67,Zonguldak,zonguldak-gokcebey-838,838,Zonguldak Gökçebey,62,62,%100,17.193,15.069,13.961,"%87,65"
67,Zonguldak,zonguldak-eregli-837,837,Zonguldak Ereğli,432,432,%100,134.736,122.504,118.183,"%90,92"
67,Zonguldak,zonguldak-kilimli-1088,1088,Zonguldak Kilimli,86,86,%100,26.211,23.232,22.500,"%88,63"
67,Zonguldak,zonguldak-kozlu-1089,1089,Zonguldak Kozlu,117,117,%100,36.385,32.329,31.345,"%88,85"
67,Zonguldak,zonguldak-merkez-833,833,Zonguldak Merkez,286,286,%100,89.726,79.197,76.609,"%88,27"
