secim,tarih,kayitli_secmen,sandik,kullanilan_oy,gecerli_oy,katilim_orani,parti_aday,oy,oran
2023,14 Mayıs 2023,3416086,5114,1693815,1668965,49.58,AK Parti,741632,44.62
2023,14 Mayıs 2023,3416086,5114,1693815,1668965,49.58,CHP,387515,23.32
2023,14 Mayıs 2023,3416086,5114,1693815,1668965,49.58,MHP,183574,11.05
2023,14 Mayıs 2023,3416086,5114,1693815,1668965,49.58,YEŞİL SOL,172285,10.37
2023,14 Mayıs 2023,3416086,5114,1693815,1668965,49.58,İYİ Parti,56294,3.39
2023,14 Mayıs 2023,3416086,5114,1693815,1668965,49.58,TİP,48091,2.89
2023,14 Mayıs 2023,3416086,5114,1693815,1668965,49.58,YENİDEN REFAH,18880,1.14
2023,14 Mayıs 2023,3416086,5114,1693815,1668965,49.58,ZP,14820,0.89
2023,14 Mayıs 2023,3416086,5114,1693815,1668965,49.58,MEMLEKET,11842,0.71
2023,14 Mayıs 2023,3416086,5114,1693815,1668965,49.58,BBP,7480,0.45
2023,14 Mayıs 2023,3416086,5114,1693815,1668965,49.58,AP,3084,0.19
2023,14 Mayıs 2023,3416086,5114,1693815,1668965,49.58,SOL PARTİ,2574,0.15
2023,14 Mayıs 2023,3416086,5114,1693815,1668965,49.58,AB,2221,0.13
2023,14 Mayıs 2023,3416086,5114,1693815,1668965,49.58,GP,1680,0.1
2023,14 Mayıs 2023,3416086,5114,1693815,1668965,49.58,TKP,1538,0.09
2023,14 Mayıs 2023,3416086,5114,1693815,1668965,49.58,ANAP,1343,0.08
2023,14 Mayıs 2023,3416086,5114,1693815,1668965,49.58,GBP,1212,0.07
2023,14 Mayıs 2023,3416086,5114,1693815,1668965,49.58,HAK-PAR,1212,0.07
2023,14 Mayıs 2023,3416086,5114,1693815,1668965,49.58,VATAN,1098,0.07
2023,14 Mayıs 2023,3416086,5114,1693815,1668965,49.58,MP92,1041,0.06
2023,14 Mayıs 2023,3416086,5114,1693815,1668965,49.58,Bağımsız,908,0.05
2023,14 Mayıs 2023,3416086,5114,1693815,1668965,49.58,HKP,775,0.05
2023,14 Mayıs 2023,3416086,5114,1693815,1668965,49.58,TKH,486,0.03
2023,14 Mayıs 2023,3416086,5114,1693815,1668965,49.58,MİLLİYOL,243,0.01
2023,14 Mayıs 2023,3416086,5114,1693815,1668965,49.58,YP,154,0.01
2018,24 Haziran 2018,3044837,3386,1357204,1340685,44.57,AK Parti,705153,53.18
2018,24 Haziran 2018,3044837,3386,1357204,1340685,44.57,HDP,240510,18.14
2018,24 Haziran 2018,3044837,3386,1357204,1340685,44.57,CHP,223007,16.82
2018,24 Haziran 2018,3044837,3386,1357204,1340685,44.57,MHP,106842,8.06
2018,24 Haziran 2018,3044837,3386,1357204,1340685,44.57,İYİ Parti,50352,3.8
2015Kasim,1 Kasım 2015,2899069,3290,1159871,1147692,40.01,AK Parti,647028,56.38
2015Kasim,1 Kasım 2015,2899069,3290,1159871,1147692,40.01,CHP,177151,15.44
2015Kasim,1 Kasım 2015,2899069,3290,1159871,1147692,40.01,MHP,81076,7.06
2015Kasim,1 Kasım 2015,2899069,3290,1159871,1147692,40.01,HDP,220059,19.17
2015Haziran,7 Haziran 2015,2866979,3664,931646,918302,32.5,AK Parti,462506,50.37
2015Haziran,7 Haziran 2015,2866979,3664,931646,918302,32.5,CHP,146263,15.93
2015Haziran,7 Haziran 2015,2866979,3664,931646,918302,32.5,MHP,83457,9.09
2015Haziran,7 Haziran 2015,2866979,3664,931646,918302,32.5,HDP,196827,21.43
2017referandum,16 Nisan 2017,2972676,3210,1325682,1309821,44.6,Evet,778833,59.46
2017referandum,16 Nisan 2017,2972676,3210,1325682,1309821,44.6,Hayır,530988,40.54
2023cb2tur,14 Mayıs 2023 (2. Tur),3426183,3455,1782886,1774459,52.04,Recep Tayyip Erdoğan,1144172,59.57
2023cb2tur,14 Mayıs 2023 (2. Tur),3426183,3455,1782886,1774459,52.04,Kemal Kılıçdaroğlu,776707,40.43
2023cb1tur,14 Mayıs 2023 (1. Tur),3416086,5114,1691287,1676268,49.51,Recep Tayyip Erdoğan,1047740,57.47
2023cb1tur,14 Mayıs 2023 (1. Tur),3416086,5114,1691287,1676268,49.51,Kemal Kılıçdaroğlu,721427,39.57
2023cb1tur,14 Mayıs 2023 (1. Tur),3416086,5114,1691287,1676268,49.51,Sinan Oğan,34626,1.9
2023cb1tur,14 Mayıs 2023 (1. Tur),3416086,5114,1691287,1676268,49.51,Muharrem İnce,19313,1.06
2018cb,24 Haziran 2018,3044837,559,1358584,1341218,44.62,Recep Tayyip Erdoğan,894585,59.38
2018cb,24 Haziran 2018,3044837,559,1358584,1341218,44.62,Muharrem İnce,388533,25.79
2018cb,24 Haziran 2018,3044837,559,1358584,1341218,44.62,Selahattin Demirtaş,166404,11.05
2018cb,24 Haziran 2018,3044837,559,1358584,1341218,44.62,Meral Akşener,45172,3.0
2018cb,24 Haziran 2018,3044837,559,1358584,1341218,44.62,Temel Karamollaoğlu,8822,0.59
2018cb,24 Haziran 2018,3044837,559,1358584,1341218,44.62,Doğu Perinçek,3027,0.19
