secim,tur,oylama,duzey,plaka,il,ad,geomId,neden
2014cb,cumhurbaskanligi,-,ilce,8,Artvin,Kemalpaşa,TR-D-08-006,ilçe satırında sonuç yok
2014cb,cumhurbaskanligi,-,ilce,30,Hakkari,Derecik,TR-D-30-005,ilçe satırında sonuç yok
2014cb,cumhurbaskanligi,-,ilce,68,Aksaray,Sultanhanı,TR-D-68-008,ilçe satırında sonuç yok
2018cb,cumhurbaskanligi,-,ilce,30,Hakkari,Derecik,TR-D-30-005,ilçe satırında sonuç yok
1961,genel,-,ilce,6,Ankara,Merkez,,sonuç var ama çizilecek poligon yok
1965,genel,-,ilce,6,Ankara,Merkez,,sonuç var ama çizilecek poligon yok
1969,genel,-,ilce,6,Ankara,Merkez,,sonuç var ama çizilecek poligon yok
1973,genel,-,ilce,6,Ankara,Merkez,,sonuç var ama çizilecek poligon yok
1977,genel,-,ilce,6,Ankara,Merkez,,sonuç var ama çizilecek poligon yok
1983,genel,-,ilce,6,Ankara,Merkez,,sonuç var ama çizilecek poligon yok
1991,genel,-,ilce,44,Malatya,Battalgazi,TR-D-44-004,"sonuç var; alanı birleşim poligonunda, ayrı çizilmez"
1991,genel,-,ilce,44,Malatya,Yeşilyurt,TR-D-44-013,"sonuç var; alanı birleşim poligonunda, ayrı çizilmez"
1991,genel,-,ilce,55,Samsun,Tekkeköy,TR-D-55-014,"sonuç var; alanı birleşim poligonunda, ayrı çizilmez"
1995,genel,-,ilce,44,Malatya,Battalgazi,TR-D-44-004,"sonuç var; alanı birleşim poligonunda, ayrı çizilmez"
1995,genel,-,ilce,44,Malatya,Yeşilyurt,TR-D-44-013,"sonuç var; alanı birleşim poligonunda, ayrı çizilmez"
1995,genel,-,ilce,55,Samsun,Tekkeköy,TR-D-55-014,"sonuç var; alanı birleşim poligonunda, ayrı çizilmez"
1999,genel,-,ilce,44,Malatya,Battalgazi,TR-D-44-004,"sonuç var; alanı birleşim poligonunda, ayrı çizilmez"
1999,genel,-,ilce,44,Malatya,Yeşilyurt,TR-D-44-013,"sonuç var; alanı birleşim poligonunda, ayrı çizilmez"
1999,genel,-,ilce,55,Samsun,Tekkeköy,TR-D-55-014,"sonuç var; alanı birleşim poligonunda, ayrı çizilmez"
2002,genel,-,ilce,44,Malatya,Battalgazi,TR-D-44-004,"sonuç var; alanı birleşim poligonunda, ayrı çizilmez"
2002,genel,-,ilce,44,Malatya,Yeşilyurt,TR-D-44-013,"sonuç var; alanı birleşim poligonunda, ayrı çizilmez"
2002,genel,-,ilce,55,Samsun,Tekkeköy,TR-D-55-014,"sonuç var; alanı birleşim poligonunda, ayrı çizilmez"
2007,genel,-,ilce,44,Malatya,Battalgazi,TR-D-44-004,"sonuç var; alanı birleşim poligonunda, ayrı çizilmez"
2007,genel,-,ilce,44,Malatya,Yeşilyurt,TR-D-44-013,"sonuç var; alanı birleşim poligonunda, ayrı çizilmez"
2007,genel,-,ilce,55,Samsun,Tekkeköy,TR-D-55-014,"sonuç var; alanı birleşim poligonunda, ayrı çizilmez"
2011,genel,-,ilce,8,Artvin,Kemalpaşa,TR-D-08-006,ilçe satırında sonuç yok
2011,genel,-,ilce,10,Balıkesir,Altıeylül,TR-D-10-001,ilçe satırında sonuç yok
2011,genel,-,ilce,10,Balıkesir,Karesi,TR-D-10-014,ilçe satırında sonuç yok
2011,genel,-,ilce,20,Denizli,Merkezefendi,TR-D-20-015,ilçe satırında sonuç yok
2011,genel,-,ilce,20,Denizli,Pamukkale,TR-D-20-016,"sonuç var; alanı birleşim poligonunda, ayrı çizilmez"
2011,genel,-,ilce,30,Hakkari,Derecik,TR-D-30-005,ilçe satırında sonuç yok
2011,genel,-,ilce,31,Hatay,Antakya,TR-D-31-002,ilçe satırında sonuç yok
2011,genel,-,ilce,31,Hatay,Arsuz,TR-D-31-003,ilçe satırında sonuç yok
2011,genel,-,ilce,31,Hatay,Defne,TR-D-31-005,ilçe satırında sonuç yok
2011,genel,-,ilce,31,Hatay,Payaş,TR-D-31-012,ilçe satırında sonuç yok
2011,genel,-,ilce,44,Malatya,Battalgazi,TR-D-44-004,"sonuç var; alanı birleşim poligonunda, ayrı çizilmez"
2011,genel,-,ilce,44,Malatya,Yeşilyurt,TR-D-44-013,"sonuç var; alanı birleşim poligonunda, ayrı çizilmez"
2011,genel,-,ilce,45,Manisa,Yunusemre,TR-D-45-017,ilçe satırında sonuç yok
2011,genel,-,ilce,45,Manisa,Şehzadeler,TR-D-45-015,ilçe satırında sonuç yok
2011,genel,-,ilce,46,Kahramanmaraş,Dülkadiroğlu,TR-D-46-004,ilçe satırında sonuç yok
2011,genel,-,ilce,46,Kahramanmaraş,Onikişubat,TR-D-46-009,ilçe satırında sonuç yok
2011,genel,-,ilce,48,Muğla,Seydikemer,TR-D-48-011,ilçe satırında sonuç yok
2011,genel,-,ilce,59,Tekirdağ,Ergene,TR-D-59-003,ilçe satırında sonuç yok
2011,genel,-,ilce,59,Tekirdağ,Kapaklı,TR-D-59-005,ilçe satırında sonuç yok
2011,genel,-,ilce,63,Şanlıurfa,Eyyubiye,TR-D-63-005,ilçe satırında sonuç yok
2011,genel,-,ilce,63,Şanlıurfa,Haliliye,TR-D-63-007,ilçe satırında sonuç yok
2011,genel,-,ilce,63,Şanlıurfa,Karaköprü,TR-D-63-010,ilçe satırında sonuç yok
2011,genel,-,ilce,65,Van,Tuşba,TR-D-65-013,ilçe satırında sonuç yok
2011,genel,-,ilce,65,Van,İpekyolu,TR-D-65-009,ilçe satırında sonuç yok
2011,genel,-,ilce,67,Zonguldak,Kilimli,TR-D-67-006,ilçe satırında sonuç yok
2011,genel,-,ilce,67,Zonguldak,Kozlu,TR-D-67-007,ilçe satırında sonuç yok
2011,genel,-,ilce,68,Aksaray,Sultanhanı,TR-D-68-008,ilçe satırında sonuç yok
2015Haziran,genel,-,ilce,8,Artvin,Kemalpaşa,TR-D-08-006,ilçe satırında sonuç yok
2015Haziran,genel,-,ilce,30,Hakkari,Derecik,TR-D-30-005,ilçe satırında sonuç yok
2015Haziran,genel,-,ilce,68,Aksaray,Sultanhanı,TR-D-68-008,ilçe satırında sonuç yok
2015Kasim,genel,-,ilce,8,Artvin,Kemalpaşa,TR-D-08-006,ilçe satırında sonuç yok
2015Kasim,genel,-,ilce,30,Hakkari,Derecik,TR-D-30-005,ilçe satırında sonuç yok
2015Kasim,genel,-,ilce,68,Aksaray,Sultanhanı,TR-D-68-008,ilçe satırında sonuç yok
2018,genel,-,ilce,30,Hakkari,Derecik,TR-D-30-005,ilçe satırında sonuç yok
1961referandum,referandum,-,ilce,6,Ankara,Merkez,,sonuç var ama çizilecek poligon yok
1982referandum,referandum,-,ilce,6,Ankara,Merkez,,sonuç var ama çizilecek poligon yok
1988referandum,referandum,-,ilce,55,Samsun,Tekkeköy,TR-D-55-014,"sonuç var; alanı birleşim poligonunda, ayrı çizilmez"
2007referandum,referandum,-,ilce,44,Malatya,Yeşilyurt,TR-D-44-013,"sonuç var; alanı birleşim poligonunda, ayrı çizilmez"
2007referandum,referandum,-,ilce,44,Malatya,Battalgazi,TR-D-44-004,"sonuç var; alanı birleşim poligonunda, ayrı çizilmez"
2007referandum,referandum,-,ilce,55,Samsun,Tekkeköy,TR-D-55-014,"sonuç var; alanı birleşim poligonunda, ayrı çizilmez"
2010referandum,referandum,-,ilce,8,Artvin,Kemalpaşa,TR-D-08-006,ilçe satırında sonuç yok
2010referandum,referandum,-,ilce,10,Balıkesir,Altıeylül,TR-D-10-001,ilçe satırında sonuç yok
2010referandum,referandum,-,ilce,10,Balıkesir,Karesi,TR-D-10-014,ilçe satırında sonuç yok
2010referandum,referandum,-,ilce,20,Denizli,Merkezefendi,TR-D-20-015,ilçe satırında sonuç yok
2010referandum,referandum,-,ilce,20,Denizli,Pamukkale,TR-D-20-016,"sonuç var; alanı birleşim poligonunda, ayrı çizilmez"
2010referandum,referandum,-,ilce,30,Hakkari,Derecik,TR-D-30-005,ilçe satırında sonuç yok
2010referandum,referandum,-,ilce,31,Hatay,Antakya,TR-D-31-002,ilçe satırında sonuç yok
2010referandum,referandum,-,ilce,31,Hatay,Arsuz,TR-D-31-003,ilçe satırında sonuç yok
2010referandum,referandum,-,ilce,31,Hatay,Defne,TR-D-31-005,ilçe satırında sonuç yok
2010referandum,referandum,-,ilce,31,Hatay,Payaş,TR-D-31-012,ilçe satırında sonuç yok
2010referandum,referandum,-,ilce,44,Malatya,Battalgazi,TR-D-44-004,"sonuç var; alanı birleşim poligonunda, ayrı çizilmez"
2010referandum,referandum,-,ilce,44,Malatya,Yeşilyurt,TR-D-44-013,"sonuç var; alanı birleşim poligonunda, ayrı çizilmez"
2010referandum,referandum,-,ilce,45,Manisa,Yunusemre,TR-D-45-017,ilçe satırında sonuç yok
2010referandum,referandum,-,ilce,45,Manisa,Şehzadeler,TR-D-45-015,ilçe satırında sonuç yok
2010referandum,referandum,-,ilce,46,Kahramanmaraş,Dülkadiroğlu,TR-D-46-004,ilçe satırında sonuç yok
2010referandum,referandum,-,ilce,46,Kahramanmaraş,Onikişubat,TR-D-46-009,ilçe satırında sonuç yok
2010referandum,referandum,-,ilce,48,Muğla,Seydikemer,TR-D-48-011,ilçe satırında sonuç yok
2010referandum,referandum,-,ilce,59,Tekirdağ,Ergene,TR-D-59-003,ilçe satırında sonuç yok
2010referandum,referandum,-,ilce,59,Tekirdağ,Kapaklı,TR-D-59-005,ilçe satırında sonuç yok
2010referandum,referandum,-,ilce,63,Şanlıurfa,Eyyubiye,TR-D-63-005,ilçe satırında sonuç yok
2010referandum,referandum,-,ilce,63,Şanlıurfa,Haliliye,TR-D-63-007,ilçe satırında sonuç yok
2010referandum,referandum,-,ilce,63,Şanlıurfa,Karaköprü,TR-D-63-010,ilçe satırında sonuç yok
2010referandum,referandum,-,ilce,65,Van,Tuşba,TR-D-65-013,ilçe satırında sonuç yok
2010referandum,referandum,-,ilce,65,Van,İpekyolu,TR-D-65-009,ilçe satırında sonuç yok
2010referandum,referandum,-,ilce,67,Zonguldak,Kilimli,TR-D-67-006,ilçe satırında sonuç yok
2010referandum,referandum,-,ilce,67,Zonguldak,Kozlu,TR-D-67-007,ilçe satırında sonuç yok
2010referandum,referandum,-,ilce,68,Aksaray,Sultanhanı,TR-D-68-008,ilçe satırında sonuç yok
2017referandum,referandum,-,ilce,8,Artvin,Kemalpaşa,TR-D-08-006,ilçe satırında sonuç yok
2017referandum,referandum,-,ilce,30,Hakkari,Derecik,TR-D-30-005,ilçe satırında sonuç yok
2017referandum,referandum,-,ilce,68,Aksaray,Sultanhanı,TR-D-68-008,ilçe satırında sonuç yok
1950yerel,yerel,baskanlik,ilce,5,Amasya,Taşova,,sonuç var ama çizilecek poligon yok
1950yerel,yerel,baskanlik,ilce,6,Ankara,Merkez,,sonuç var ama çizilecek poligon yok
1950yerel,yerel,baskanlik,ilce,56,Siirt,Şırnak,TR-D-73-006,ilçe satırında sonuç yok
1950yerel,yerel,baskanlik,ilce,60,Tokat,Taşova,,sonuç var ama çizilecek poligon yok
1955yerel,yerel,baskanlik,il,2,Adıyaman,Adıyaman,,"İl merkezi belediyesinin sonucu kaynakta yok; ilçe sonuçları var. 1955'te belediye başkanı halk tarafından doğrudan seçilmiyordu; seçmen parti listeleriyle belediye meclisi üyelerini seçiyor, meclis de kendi içinden başkanı seçiyordu."
1955yerel,yerel,baskanlik,ilce,6,Ankara,Merkez,,sonuç var ama çizilecek poligon yok
1955yerel,yerel,baskanlik,ilce,12,Bingöl,Kiğı,TR-D-12-005,ilçe satırında sonuç yok
1955yerel,yerel,baskanlik,ilce,12,Bingöl,Solhan,TR-D-12-006,ilçe satırında sonuç yok
1955yerel,yerel,baskanlik,ilce,67,Zonguldak,Çatalağzı,,sonuç var ama çizilecek poligon yok
1955yerel,yerel,baskanlik,ilce,67,Zonguldak,Filyos (Hisarönü),,sonuç var ama çizilecek poligon yok
1994yerel,yerel,baskanlik,ilce,7,Antalya,Muratpaşa,TR-D-07-018,gösterilen sonuç ilçe belediyesinin değil: büyükşehir belediye başkanlığı oylarının ilçedeki dağılımı
1994yerel,yerel,baskanlik,ilce,26,Eskişehir,Odunpazarı,TR-D-26-010,gösterilen sonuç ilçe belediyesinin değil: büyükşehir belediye başkanlığı oylarının ilçedeki dağılımı
1994yerel,yerel,baskanlik,ilce,26,Eskişehir,Tepebaşı,TR-D-26-014,gösterilen sonuç ilçe belediyesinin değil: büyükşehir belediye başkanlığı oylarının ilçedeki dağılımı
1994yerel,yerel,baskanlik,ilce,38,Kayseri,Melikgazi,TR-D-38-008,gösterilen sonuç ilçe belediyesinin değil: büyükşehir belediye başkanlığı oylarının ilçedeki dağılımı
1994yerel,yerel,baskanlik,ilce,48,Muğla,Menteşe,TR-D-48-008,gösterilen sonuç ilçe belediyesinin değil: YSK ilçe toplamı (hangi belediyeleri kapsadığı kayıtlı değil)
1999yerel,yerel,baskanlik,ilce,3,Afyonkarahisar,İhsaniye,TR-D-03-012,gösterilen sonuç ilçe belediyesinin değil: ilçe merkezi ve bağlı beldelerin toplamı
1999yerel,yerel,baskanlik,ilce,5,Amasya,Suluova,TR-D-05-006,gösterilen sonuç ilçe belediyesinin değil: ilçe merkezi ve bağlı beldelerin toplamı
1999yerel,yerel,baskanlik,ilce,6,Ankara,Etimesgut,TR-D-06-010,gösterilen sonuç ilçe belediyesinin değil: büyükşehir belediye başkanlığı oylarının ilçedeki dağılımı
1999yerel,yerel,baskanlik,ilce,6,Ankara,Gölbaşı,TR-D-06-012,gösterilen sonuç ilçe belediyesinin değil: büyükşehir belediye başkanlığı oylarının ilçedeki dağılımı
1999yerel,yerel,baskanlik,ilce,7,Antalya,Konyaaltı,TR-D-07-014,gösterilen sonuç ilçe belediyesinin değil: büyükşehir belediye başkanlığı oylarının ilçedeki dağılımı
1999yerel,yerel,baskanlik,ilce,10,Balıkesir,Savaştepe,TR-D-10-018,gösterilen sonuç ilçe belediyesinin değil: ilçe merkezi ve bağlı beldelerin toplamı
1999yerel,yerel,baskanlik,ilce,10,Balıkesir,Susurluk,TR-D-10-020,gösterilen sonuç ilçe belediyesinin değil: ilçe merkezi ve bağlı beldelerin toplamı
1999yerel,yerel,baskanlik,ilce,10,Balıkesir,Sındırgı,TR-D-10-019,gösterilen sonuç ilçe belediyesinin değil: ilçe merkezi ve bağlı beldelerin toplamı
1999yerel,yerel,baskanlik,ilce,13,Bitlis,Hizan,TR-D-13-005,gösterilen sonuç ilçe belediyesinin değil: ilçe merkezi ve bağlı beldelerin toplamı
1999yerel,yerel,baskanlik,ilce,16,Bursa,Nilüfer,TR-D-16-012,gösterilen sonuç ilçe belediyesinin değil: büyükşehir belediye başkanlığı oylarının ilçedeki dağılımı
1999yerel,yerel,baskanlik,ilce,16,Bursa,Osmangazi,TR-D-16-015,gösterilen sonuç ilçe belediyesinin değil: büyükşehir belediye başkanlığı oylarının ilçedeki dağılımı
1999yerel,yerel,baskanlik,ilce,16,Bursa,Yıldırım,TR-D-16-017,gösterilen sonuç ilçe belediyesinin değil: büyükşehir belediye başkanlığı oylarının ilçedeki dağılımı
1999yerel,yerel,baskanlik,ilce,18,Çankırı,Şabanözü,TR-D-18-011,gösterilen sonuç ilçe belediyesinin değil: ilçe merkezi ve bağlı beldelerin toplamı
1999yerel,yerel,baskanlik,ilce,32,Isparta,Gelendost,TR-D-32-004,gösterilen sonuç ilçe belediyesinin değil: ilçe merkezi ve bağlı beldelerin toplamı
1999yerel,yerel,baskanlik,ilce,32,Isparta,Şarkikaraağaç,TR-D-32-010,gösterilen sonuç ilçe belediyesinin değil: ilçe merkezi ve bağlı beldelerin toplamı
1999yerel,yerel,baskanlik,ilce,34,İstanbul,Beyoğlu,TR-D-34-013,gösterilen sonuç ilçe belediyesinin değil: büyükşehir belediye başkanlığı oylarının ilçedeki dağılımı
1999yerel,yerel,baskanlik,ilce,34,İstanbul,Küçükçekmece,HIST-Istanbul-Kucukcekmece-9208,gösterilen sonuç ilçe belediyesinin değil: büyükşehir belediye başkanlığı oylarının ilçedeki dağılımı
1999yerel,yerel,baskanlik,ilce,34,İstanbul,Sarıyer,TR-D-34-030,gösterilen sonuç ilçe belediyesinin değil: büyükşehir belediye başkanlığı oylarının ilçedeki dağılımı
1999yerel,yerel,baskanlik,ilce,51,Niğde,Bor,TR-D-51-002,gösterilen sonuç ilçe belediyesinin değil: ilçe merkezi ve bağlı beldelerin toplamı
1999yerel,yerel,baskanlik,ilce,51,Niğde,Çiftlik,TR-D-51-004,gösterilen sonuç ilçe belediyesinin değil: ilçe merkezi ve bağlı beldelerin toplamı
1999yerel,yerel,baskanlik,ilce,52,Ordu,Akkuş,TR-D-52-001,gösterilen sonuç ilçe belediyesinin değil: ilçe merkezi ve bağlı beldelerin toplamı
1999yerel,yerel,baskanlik,ilce,53,Rize,Çayeli,TR-D-53-003,gösterilen sonuç ilçe belediyesinin değil: ilçe merkezi ve bağlı beldelerin toplamı
1999yerel,yerel,baskanlik,ilce,58,Sivas,Altınyayla,TR-D-58-002,gösterilen sonuç ilçe belediyesinin değil: ilçe merkezi ve bağlı beldelerin toplamı
1999yerel,yerel,baskanlik,ilce,58,Sivas,Gürün,TR-D-58-007,gösterilen sonuç ilçe belediyesinin değil: ilçe merkezi ve bağlı beldelerin toplamı
1999yerel,yerel,baskanlik,ilce,61,Trabzon,Araklı,TR-D-61-002,gösterilen sonuç ilçe belediyesinin değil: ilçe merkezi ve bağlı beldelerin toplamı
1999yerel,yerel,baskanlik,ilce,61,Trabzon,Sürmene,TR-D-61-014,gösterilen sonuç ilçe belediyesinin değil: ilçe merkezi ve bağlı beldelerin toplamı
1999yerel,yerel,baskanlik,ilce,63,Şanlıurfa,Birecik,TR-D-63-002,gösterilen sonuç ilçe belediyesinin değil: ilçe merkezi ve bağlı beldelerin toplamı
1999yerel,yerel,baskanlik,ilce,65,Van,Edremit,TR-D-65-005,gösterilen sonuç ilçe belediyesinin değil: ilçe merkezi ve bağlı beldelerin toplamı
1999yerel,yerel,baskanlik,ilce,65,Van,Erciş,TR-D-65-006,gösterilen sonuç ilçe belediyesinin değil: ilçe merkezi ve bağlı beldelerin toplamı
1999yerel,yerel,baskanlik,ilce,66,Yozgat,Akdağmadeni,TR-D-66-001,gösterilen sonuç ilçe belediyesinin değil: ilçe merkezi ve bağlı beldelerin toplamı
1999yerel,yerel,baskanlik,ilce,66,Yozgat,Aydıncık,TR-D-66-002,gösterilen sonuç ilçe belediyesinin değil: ilçe merkezi ve bağlı beldelerin toplamı
1999yerel,yerel,baskanlik,ilce,66,Yozgat,Kadışehri,TR-D-66-007,gösterilen sonuç ilçe belediyesinin değil: ilçe merkezi ve bağlı beldelerin toplamı
1999yerel,yerel,baskanlik,ilce,66,Yozgat,Saraykent,TR-D-66-008,gösterilen sonuç ilçe belediyesinin değil: ilçe merkezi ve bağlı beldelerin toplamı
1999yerel,yerel,baskanlik,ilce,66,Yozgat,Sarıkaya,TR-D-66-009,gösterilen sonuç ilçe belediyesinin değil: ilçe merkezi ve bağlı beldelerin toplamı
1999yerel,yerel,baskanlik,ilce,68,Aksaray,Ortaköy,TR-D-68-006,gösterilen sonuç ilçe belediyesinin değil: ilçe merkezi ve bağlı beldelerin toplamı
1999yerel,yerel,baskanlik,ilce,68,Aksaray,Sarıyahşi,TR-D-68-007,gösterilen sonuç ilçe belediyesinin değil: ilçe merkezi ve bağlı beldelerin toplamı
1999yerel,yerel,baskanlik,ilce,70,Karaman,Ermenek,TR-D-70-003,gösterilen sonuç ilçe belediyesinin değil: ilçe merkezi ve bağlı beldelerin toplamı
2004yerel,yerel,baskanlik,ilce,7,Antalya,Kepez,TR-D-07-013,gösterilen sonuç ilçe belediyesinin değil: YSK ilçe toplamı (hangi belediyeleri kapsadığı kayıtlı değil)
2004yerel,yerel,baskanlik,ilce,7,Antalya,Konyaaltı,TR-D-07-014,gösterilen sonuç ilçe belediyesinin değil: YSK ilçe toplamı (hangi belediyeleri kapsadığı kayıtlı değil)
2004yerel,yerel,baskanlik,ilce,7,Antalya,Muratpaşa,TR-D-07-018,gösterilen sonuç ilçe belediyesinin değil: YSK ilçe toplamı (hangi belediyeleri kapsadığı kayıtlı değil)
2004yerel,yerel,baskanlik,ilce,21,Diyarbakır,Bağlar,TR-D-21-001,gösterilen sonuç ilçe belediyesinin değil: YSK ilçe toplamı (hangi belediyeleri kapsadığı kayıtlı değil)
2004yerel,yerel,baskanlik,ilce,21,Diyarbakır,Sur,TR-D-21-016,gösterilen sonuç ilçe belediyesinin değil: YSK ilçe toplamı (hangi belediyeleri kapsadığı kayıtlı değil)
2004yerel,yerel,baskanlik,ilce,21,Diyarbakır,Yenişehir,TR-D-21-017,gösterilen sonuç ilçe belediyesinin değil: YSK ilçe toplamı (hangi belediyeleri kapsadığı kayıtlı değil)
2004yerel,yerel,baskanlik,ilce,25,Erzurum,Yakutiye,TR-D-25-020,gösterilen sonuç ilçe belediyesinin değil: YSK ilçe toplamı (hangi belediyeleri kapsadığı kayıtlı değil)
2004yerel,yerel,baskanlik,ilce,26,Eskişehir,Odunpazarı,TR-D-26-010,gösterilen sonuç ilçe belediyesinin değil: YSK ilçe toplamı (hangi belediyeleri kapsadığı kayıtlı değil)
2004yerel,yerel,baskanlik,ilce,26,Eskişehir,Tepebaşı,TR-D-26-014,gösterilen sonuç ilçe belediyesinin değil: YSK ilçe toplamı (hangi belediyeleri kapsadığı kayıtlı değil)
2004yerel,yerel,baskanlik,ilce,33,Mersin,Akdeniz,TR-D-33-001,gösterilen sonuç ilçe belediyesinin değil: YSK ilçe toplamı (hangi belediyeleri kapsadığı kayıtlı değil)
2004yerel,yerel,baskanlik,ilce,33,Mersin,Toroslar,TR-D-33-012,gösterilen sonuç ilçe belediyesinin değil: YSK ilçe toplamı (hangi belediyeleri kapsadığı kayıtlı değil)
2004yerel,yerel,baskanlik,ilce,33,Mersin,Yenişehir,TR-D-33-013,gösterilen sonuç ilçe belediyesinin değil: YSK ilçe toplamı (hangi belediyeleri kapsadığı kayıtlı değil)
2004yerel,yerel,baskanlik,ilce,48,Muğla,Menteşe,TR-D-48-008,gösterilen sonuç ilçe belediyesinin değil: YSK ilçe toplamı (hangi belediyeleri kapsadığı kayıtlı değil)
2004yerel,yerel,baskanlik,ilce,54,Sakarya,Arifiye,TR-D-54-003,gösterilen sonuç ilçe belediyesinin değil: YSK ilçe toplamı (hangi belediyeleri kapsadığı kayıtlı değil)
2004yerel,yerel,baskanlik,ilce,54,Sakarya,Erenler,TR-D-54-004,gösterilen sonuç ilçe belediyesinin değil: YSK ilçe toplamı (hangi belediyeleri kapsadığı kayıtlı değil)
2004yerel,yerel,baskanlik,ilce,54,Sakarya,Serdivan,TR-D-54-014,gösterilen sonuç ilçe belediyesinin değil: YSK ilçe toplamı (hangi belediyeleri kapsadığı kayıtlı değil)
2004yerel,yerel,baskanlik,ilce,55,Samsun,Atakum,TR-D-55-004,gösterilen sonuç ilçe belediyesinin değil: YSK ilçe toplamı (hangi belediyeleri kapsadığı kayıtlı değil)
2004yerel,yerel,baskanlik,ilce,55,Samsun,Canik,TR-D-55-007,gösterilen sonuç ilçe belediyesinin değil: YSK ilçe toplamı (hangi belediyeleri kapsadığı kayıtlı değil)
2004yerel,yerel,baskanlik,ilce,55,Samsun,İlkadım,TR-D-55-010,gösterilen sonuç ilçe belediyesinin değil: YSK ilçe toplamı (hangi belediyeleri kapsadığı kayıtlı değil)
2009yerel,yerel,baskanlik,ilce,8,Artvin,Kemalpaşa,TR-D-08-006,ilçe satırında sonuç yok
2009yerel,yerel,baskanlik,ilce,10,Balıkesir,Altıeylül,TR-D-10-001,ilçe satırında sonuç yok
2009yerel,yerel,baskanlik,ilce,10,Balıkesir,Karesi,TR-D-10-014,ilçe satırında sonuç yok
2009yerel,yerel,baskanlik,ilce,20,Denizli,Merkezefendi,TR-D-20-015,ilçe satırında sonuç yok
2009yerel,yerel,baskanlik,ilce,20,Denizli,Pamukkale,TR-D-20-016,"sonuç var; alanı birleşim poligonunda, ayrı çizilmez"
2009yerel,yerel,baskanlik,ilce,30,Hakkari,Derecik,TR-D-30-005,ilçe satırında sonuç yok
2009yerel,yerel,baskanlik,ilce,31,Hatay,Antakya,TR-D-31-002,ilçe satırında sonuç yok
2009yerel,yerel,baskanlik,ilce,31,Hatay,Arsuz,TR-D-31-003,ilçe satırında sonuç yok
2009yerel,yerel,baskanlik,ilce,31,Hatay,Defne,TR-D-31-005,ilçe satırında sonuç yok
2009yerel,yerel,baskanlik,ilce,31,Hatay,Payaş,TR-D-31-012,ilçe satırında sonuç yok
2009yerel,yerel,baskanlik,ilce,44,Malatya,Battalgazi,TR-D-44-004,"sonuç var; alanı birleşim poligonunda, ayrı çizilmez"
2009yerel,yerel,baskanlik,ilce,44,Malatya,Yeşilyurt,TR-D-44-013,"sonuç var; alanı birleşim poligonunda, ayrı çizilmez"
2009yerel,yerel,baskanlik,ilce,45,Manisa,Yunusemre,TR-D-45-017,ilçe satırında sonuç yok
2009yerel,yerel,baskanlik,ilce,45,Manisa,Şehzadeler,TR-D-45-015,ilçe satırında sonuç yok
2009yerel,yerel,baskanlik,ilce,46,Kahramanmaraş,Dülkadiroğlu,TR-D-46-004,ilçe satırında sonuç yok
2009yerel,yerel,baskanlik,ilce,46,Kahramanmaraş,Onikişubat,TR-D-46-009,ilçe satırında sonuç yok
2009yerel,yerel,baskanlik,ilce,48,Muğla,Seydikemer,TR-D-48-011,ilçe satırında sonuç yok
2009yerel,yerel,baskanlik,ilce,59,Tekirdağ,Ergene,TR-D-59-003,ilçe satırında sonuç yok
2009yerel,yerel,baskanlik,ilce,59,Tekirdağ,Kapaklı,TR-D-59-005,ilçe satırında sonuç yok
2009yerel,yerel,baskanlik,ilce,63,Şanlıurfa,Eyyubiye,TR-D-63-005,ilçe satırında sonuç yok
2009yerel,yerel,baskanlik,ilce,63,Şanlıurfa,Haliliye,TR-D-63-007,ilçe satırında sonuç yok
2009yerel,yerel,baskanlik,ilce,63,Şanlıurfa,Karaköprü,TR-D-63-010,ilçe satırında sonuç yok
2009yerel,yerel,baskanlik,ilce,65,Van,Tuşba,TR-D-65-013,ilçe satırında sonuç yok
2009yerel,yerel,baskanlik,ilce,65,Van,İpekyolu,TR-D-65-009,ilçe satırında sonuç yok
2009yerel,yerel,baskanlik,ilce,67,Zonguldak,Kilimli,TR-D-67-006,ilçe satırında sonuç yok
2009yerel,yerel,baskanlik,ilce,67,Zonguldak,Kozlu,TR-D-67-007,ilçe satırında sonuç yok
2009yerel,yerel,baskanlik,ilce,68,Aksaray,Sultanhanı,TR-D-68-008,ilçe satırında sonuç yok
2014yerel,yerel,baskanlik,ilce,8,Artvin,Kemalpaşa,TR-D-08-006,ilçe satırında sonuç yok
2014yerel,yerel,baskanlik,ilce,30,Hakkari,Derecik,TR-D-30-005,ilçe satırında sonuç yok
2014yerel,yerel,baskanlik,ilce,68,Aksaray,Sultanhanı,TR-D-68-008,ilçe satırında sonuç yok
1984yerel_bm,yerel,bm,il,9,Aydın,Aydın,,İl toplamı: DİE kitabındaki satır doğrulanamadı (tarama okuma hatası); gösterilmiyor.
1984yerel_bm,yerel,bm,il,24,Erzincan,Erzincan,,İl toplamı: DİE kitabındaki satır doğrulanamadı (tarama okuma hatası); gösterilmiyor.
1984yerel_bm,yerel,bm,il,26,Eskişehir,Eskişehir,,İl toplamı: DİE kitabındaki satır doğrulanamadı (tarama okuma hatası); gösterilmiyor.
1984yerel_bm,yerel,bm,il,29,Gümüşhane,Gümüşhane,,İl toplamı: DİE kitabındaki satır doğrulanamadı (tarama okuma hatası); gösterilmiyor.
1984yerel_bm,yerel,bm,il,35,İzmir,İzmir,,İl toplamı: DİE kitabındaki satır doğrulanamadı (tarama okuma hatası); gösterilmiyor.
1984yerel_bm,yerel,bm,il,40,Kırşehir,Kırşehir,,İl toplamı: DİE kitabındaki satır doğrulanamadı (tarama okuma hatası); gösterilmiyor.
1984yerel_bm,yerel,bm,il,39,Kırklareli,Kırklareli,,İl toplamı: DİE kitabındaki satır doğrulanamadı (tarama okuma hatası); gösterilmiyor.
1984yerel_bm,yerel,bm,il,43,Kütahya,Kütahya,,İl toplamı: DİE kitabındaki satır doğrulanamadı (tarama okuma hatası); gösterilmiyor.
1984yerel_bm,yerel,bm,il,49,Muş,Muş,,İl toplamı: DİE kitabındaki satır doğrulanamadı (tarama okuma hatası); gösterilmiyor.
1984yerel_bm,yerel,bm,il,51,Niğde,Niğde,,İl toplamı: DİE kitabındaki satır doğrulanamadı (tarama okuma hatası); gösterilmiyor.
1984yerel_bm,yerel,bm,il,53,Rize,Rize,,İl toplamı: DİE kitabındaki satır doğrulanamadı (tarama okuma hatası); gösterilmiyor.
1984yerel_bm,yerel,bm,il,60,Tokat,Tokat,,İl toplamı: DİE kitabındaki satır doğrulanamadı (tarama okuma hatası); gösterilmiyor.
1984yerel_bm,yerel,bm,il,61,Trabzon,Trabzon,,İl toplamı: DİE kitabındaki satır doğrulanamadı (tarama okuma hatası); gösterilmiyor.
1984yerel_bm,yerel,bm,il,38,Kayseri,Kayseri,,İl toplamı: DİE kitabındaki satır doğrulanamadı (tarama okuma hatası); gösterilmiyor.
1984yerel_bm,yerel,bm,il,48,Muğla,Muğla,,İl toplamı: DİE kitabındaki satır doğrulanamadı (tarama okuma hatası); gösterilmiyor.
1984yerel_bm,yerel,bm,il,50,Nevşehir,Nevşehir,,İl toplamı: DİE kitabındaki satır doğrulanamadı (tarama okuma hatası); gösterilmiyor.
1984yerel_bm,yerel,bm,il,63,Şanlıurfa,Şanlıurfa,,İl toplamı: DİE kitabındaki satır doğrulanamadı (tarama okuma hatası); gösterilmiyor.
1984yerel_bm,yerel,bm,il,31,Hatay,Hatay,,İl toplamı: DİE kitabındaki satır doğrulanamadı (tarama okuma hatası); gösterilmiyor.
1984yerel_bm,yerel,bm,il,33,Mersin,Mersin,,İl toplamı: DİE kitabındaki satır doğrulanamadı (tarama okuma hatası); gösterilmiyor.
1984yerel_bm,yerel,bm,ilce,1,Adana,Düziçi,TR-D-80-002,Kaynakta bu birimle eşleşen satır bulunamadı.
1984yerel_bm,yerel,bm,ilce,1,Adana,Tufanbeyli,TR-D-01-013,DİE kitabındaki satır doğrulanamadı (tarama okuma hatası); gösterilmiyor.
1984yerel_bm,yerel,bm,ilce,1,Adana,Yumurtalık,TR-D-01-014,DİE kitabındaki satır doğrulanamadı (tarama okuma hatası); gösterilmiyor.
1984yerel_bm,yerel,bm,ilce,3,Afyonkarahisar,Çay,TR-D-03-005,Kaynakta bu birimle eşleşen satır bulunamadı.
1984yerel_bm,yerel,bm,ilce,3,Afyonkarahisar,Sultandağı,TR-D-03-017,DİE kitabındaki satır doğrulanamadı (tarama okuma hatası); gösterilmiyor.
1984yerel_bm,yerel,bm,ilce,3,Afyonkarahisar,Şuhut,TR-D-03-018,DİE kitabındaki satır doğrulanamadı (tarama okuma hatası); gösterilmiyor.
1984yerel_bm,yerel,bm,ilce,4,Ağrı,Doğubayazıt,TR-D-04-003,Kaynakta bu birimle eşleşen satır bulunamadı.
1984yerel_bm,yerel,bm,ilce,4,Ağrı,Hamur,TR-D-04-005,Kaynakta bu birimle eşleşen satır bulunamadı.
1984yerel_bm,yerel,bm,ilce,5,Amasya,Göynücek,TR-D-05-002,DİE kitabındaki satır doğrulanamadı (tarama okuma hatası); gösterilmiyor.
1984yerel_bm,yerel,bm,ilce,5,Amasya,Gümüşhacıköy,HISTK-05-003-6d270a,DİE kitabındaki satır doğrulanamadı (tarama okuma hatası); gösterilmiyor.
1984yerel_bm,yerel,bm,ilce,5,Amasya,Merzifon,TR-D-05-005,DİE kitabındaki satır doğrulanamadı (tarama okuma hatası); gösterilmiyor.
1984yerel_bm,yerel,bm,ilce,6,Ankara,Mamak,TR-D-06-019,DİE kitabındaki satır doğrulanamadı (tarama okuma hatası); gösterilmiyor.
1984yerel_bm,yerel,bm,ilce,6,Ankara,Ayaş,TR-D-06-003,Kaynakta bu birimle eşleşen satır bulunamadı.
1984yerel_bm,yerel,bm,ilce,6,Ankara,Çubuk,HIST1984yerel-06-Cubuk,Kaynakta bu birimle eşleşen satır bulunamadı.
1984yerel_bm,yerel,bm,ilce,6,Ankara,Elmadağ,TR-D-06-009,DİE kitabındaki satır doğrulanamadı (tarama okuma hatası); gösterilmiyor.
1984yerel_bm,yerel,bm,ilce,6,Ankara,Kırıkkale,HISTK-71-007-a85650,DİE kitabındaki satır doğrulanamadı (tarama okuma hatası); gösterilmiyor.
1984yerel_bm,yerel,bm,ilce,6,Ankara,Sulakyurt,TR-D-71-008,DİE kitabındaki satır doğrulanamadı (tarama okuma hatası); gösterilmiyor.
1984yerel_bm,yerel,bm,ilce,7,Antalya,Gündoğmuş,TR-D-07-009,DİE kitabındaki satır doğrulanamadı (tarama okuma hatası); gösterilmiyor.
1984yerel_bm,yerel,bm,ilce,7,Antalya,Kaş,HISTK-07-011-3c9fb5,DİE kitabındaki satır doğrulanamadı (tarama okuma hatası); gösterilmiyor.
1984yerel_bm,yerel,bm,ilce,8,Artvin,Arhavi,TR-D-08-002,DİE kitabındaki satır doğrulanamadı (tarama okuma hatası); gösterilmiyor.
1984yerel_bm,yerel,bm,ilce,8,Artvin,Hopa,HIST-Artvin-Hopa,DİE kitabındaki satır doğrulanamadı (tarama okuma hatası); gösterilmiyor.
1984yerel_bm,yerel,bm,ilce,8,Artvin,Yusufeli,TR-D-08-009,DİE kitabındaki satır doğrulanamadı (tarama okuma hatası); gösterilmiyor.
1984yerel_bm,yerel,bm,ilce,9,Aydın,Söke,HIST1984yerel-09-Soke,DİE kitabındaki satır doğrulanamadı (tarama okuma hatası); gösterilmiyor.
1984yerel_bm,yerel,bm,ilce,11,Bilecik,Söğüt,HISTK-11-007-f82bc9,Kaynakta bu birimle eşleşen satır bulunamadı.
1984yerel_bm,yerel,bm,ilce,12,Bingöl,Merkez,TR-D-12-002,DİE kitabındaki satır doğrulanamadı (tarama okuma hatası); gösterilmiyor.
1984yerel_bm,yerel,bm,ilce,13,Bitlis,Adilcevaz,TR-D-13-001,DİE kitabındaki satır doğrulanamadı (tarama okuma hatası); gösterilmiyor.
1984yerel_bm,yerel,bm,ilce,15,Burdur,Tefenni,HIST1984yerel-15-Tefenni,DİE kitabındaki satır doğrulanamadı (tarama okuma hatası); gösterilmiyor.
1984yerel_bm,yerel,bm,ilce,15,Burdur,Yeşilova,TR-D-15-011,DİE kitabındaki satır doğrulanamadı (tarama okuma hatası); gösterilmiyor.
1984yerel_bm,yerel,bm,ilce,16,Bursa,Gemlik,HISTK-16-002-af7b19,DİE kitabındaki satır doğrulanamadı (tarama okuma hatası); gösterilmiyor.
1984yerel_bm,yerel,bm,ilce,16,Bursa,İnegöl,TR-D-16-005,DİE kitabındaki satır doğrulanamadı (tarama okuma hatası); gösterilmiyor.
1984yerel_bm,yerel,bm,ilce,16,Bursa,İznik,TR-D-16-006,DİE kitabındaki satır doğrulanamadı (tarama okuma hatası); gösterilmiyor.
1984yerel_bm,yerel,bm,ilce,16,Bursa,Karacabey,TR-D-16-007,DİE kitabındaki satır doğrulanamadı (tarama okuma hatası); gösterilmiyor.
1984yerel_bm,yerel,bm,ilce,16,Bursa,Merkez,HISTK-HIST-Bursa-Merkez-d263d1,DİE kitabındaki satır doğrulanamadı (tarama okuma hatası); gösterilmiyor.
1984yerel_bm,yerel,bm,ilce,17,Çanakkale,Bozcaada,TR-D-17-004,Kaynakta bu birimle eşleşen satır bulunamadı.
1984yerel_bm,yerel,bm,ilce,17,Çanakkale,Ezine,TR-D-17-008,DİE kitabındaki satır doğrulanamadı (tarama okuma hatası); gösterilmiyor.
1984yerel_bm,yerel,bm,ilce,17,Çanakkale,Gökçeada,TR-D-17-010,Kaynakta bu birimle eşleşen satır bulunamadı.
1984yerel_bm,yerel,bm,ilce,18,Çankırı,Eldivan,TR-D-18-005,DİE kitabındaki satır doğrulanamadı (tarama okuma hatası); gösterilmiyor.
1984yerel_bm,yerel,bm,ilce,18,Çankırı,Orta,TR-D-18-010,DİE kitabındaki satır doğrulanamadı (tarama okuma hatası); gösterilmiyor.
1984yerel_bm,yerel,bm,ilce,18,Çankırı,Ovacık,TR-D-78-004,DİE kitabındaki satır doğrulanamadı (tarama okuma hatası); gösterilmiyor.
1984yerel_bm,yerel,bm,ilce,20,Denizli,Acıpayam,HISTK-20-001-15e202,DİE kitabındaki satır doğrulanamadı (tarama okuma hatası); gösterilmiyor.
1984yerel_bm,yerel,bm,ilce,20,Denizli,Buldan,TR-D-20-007,DİE kitabındaki satır doğrulanamadı (tarama okuma hatası); gösterilmiyor.
1984yerel_bm,yerel,bm,ilce,20,Denizli,Çal,HISTK-20-008-c6068a,DİE kitabındaki satır doğrulanamadı (tarama okuma hatası); gösterilmiyor.
1984yerel_bm,yerel,bm,ilce,20,Denizli,Çameli,TR-D-20-009,DİE kitabındaki satır doğrulanamadı (tarama okuma hatası); gösterilmiyor.
1984yerel_bm,yerel,bm,ilce,20,Denizli,Çardak,HISTK-20-010-20b6ed,DİE kitabındaki satır doğrulanamadı (tarama okuma hatası); gösterilmiyor.
1984yerel_bm,yerel,bm,ilce,20,Denizli,Çivril,TR-D-20-011,Kaynakta bu birimle eşleşen satır bulunamadı.
1984yerel_bm,yerel,bm,ilce,20,Denizli,Güney,TR-D-20-012,DİE kitabındaki satır doğrulanamadı (tarama okuma hatası); gösterilmiyor.
1984yerel_bm,yerel,bm,ilce,20,Denizli,Sarayköy,HISTK-20-017-07d37f,DİE kitabındaki satır doğrulanamadı (tarama okuma hatası); gösterilmiyor.
1984yerel_bm,yerel,bm,ilce,20,Denizli,Tavas,TR-D-20-019,DİE kitabındaki satır doğrulanamadı (tarama okuma hatası); gösterilmiyor.
1984yerel_bm,yerel,bm,ilce,21,Diyarbakır,Bismil,TR-D-21-002,Kaynakta bu birimle eşleşen satır bulunamadı.
1984yerel_bm,yerel,bm,ilce,21,Diyarbakır,Çüngüş,TR-D-21-005,Kaynakta bu birimle eşleşen satır bulunamadı.
1984yerel_bm,yerel,bm,ilce,21,Diyarbakır,Merkez,HISTK-HIST-Diyarbakır-Merkez-b389dc,DİE kitabındaki satır doğrulanamadı (tarama okuma hatası); gösterilmiyor.
1984yerel_bm,yerel,bm,ilce,23,Elazığ,Maden,HIST1984yerel-23-Maden,DİE kitabındaki satır doğrulanamadı (tarama okuma hatası); gösterilmiyor.
1984yerel_bm,yerel,bm,ilce,24,Erzincan,Çayırlı,HISTK-24-001-af1fff,DİE kitabındaki satır doğrulanamadı (tarama okuma hatası); gösterilmiyor.
1984yerel_bm,yerel,bm,ilce,24,Erzincan,İliç,TR-D-24-003,Kaynakta bu birimle eşleşen satır bulunamadı.
1984yerel_bm,yerel,bm,ilce,25,Erzurum,Horasan,TR-D-25-005,DİE kitabındaki satır doğrulanamadı (tarama okuma hatası); gösterilmiyor.
1984yerel_bm,yerel,bm,ilce,25,Erzurum,İspir,HISTK-25-006-ca03d6,DİE kitabındaki satır doğrulanamadı (tarama okuma hatası); gösterilmiyor.
1984yerel_bm,yerel,bm,ilce,25,Erzurum,Narman,TR-D-25-010,DİE kitabındaki satır doğrulanamadı (tarama okuma hatası); gösterilmiyor.
1984yerel_bm,yerel,bm,ilce,25,Erzurum,Şenkaya,TR-D-25-016,DİE kitabındaki satır doğrulanamadı (tarama okuma hatası); gösterilmiyor.
1984yerel_bm,yerel,bm,ilce,25,Erzurum,Tekman,TR-D-25-017,DİE kitabındaki satır doğrulanamadı (tarama okuma hatası); gösterilmiyor.
1984yerel_bm,yerel,bm,ilce,25,Erzurum,Merkez,HISTK-HIST-Erzurum-Merkez-16199f,DİE kitabındaki satır doğrulanamadı (tarama okuma hatası); gösterilmiyor.
1984yerel_bm,yerel,bm,ilce,26,Eskişehir,Mihalıççık,HISTK-26-009-346803,DİE kitabındaki satır doğrulanamadı (tarama okuma hatası); gösterilmiyor.
1984yerel_bm,yerel,bm,ilce,26,Eskişehir,Seyitgazi,TR-D-26-012,DİE kitabındaki satır doğrulanamadı (tarama okuma hatası); gösterilmiyor.
1984yerel_bm,yerel,bm,ilce,27,Gaziantep,Kilis,HISTK-79-002-05ffa1,DİE kitabındaki satır doğrulanamadı (tarama okuma hatası); gösterilmiyor.
1984yerel_bm,yerel,bm,ilce,28,Giresun,Tirebolu,HISTK-28-015-f42b10,DİE kitabındaki satır doğrulanamadı (tarama okuma hatası); gösterilmiyor.
1984yerel_bm,yerel,bm,ilce,31,Hatay,İskenderun,HISTK-31-009-e9eb45,DİE kitabındaki satır doğrulanamadı (tarama okuma hatası); gösterilmiyor.
1984yerel_bm,yerel,bm,ilce,32,Isparta,Merkez,HISTK-32-006-930331,DİE kitabındaki satır doğrulanamadı (tarama okuma hatası); gösterilmiyor.
1984yerel_bm,yerel,bm,ilce,33,Mersin,Mut,TR-D-33-009,Kaynakta bu birimle eşleşen satır bulunamadı.
1984yerel_bm,yerel,bm,ilce,33,Mersin,Merkez,HIST-Mersin-Merkez,DİE kitabındaki satır doğrulanamadı (tarama okuma hatası); gösterilmiyor.
1984yerel_bm,yerel,bm,ilce,35,İzmir,Bayındır,TR-D-35-003,DİE kitabındaki satır doğrulanamadı (tarama okuma hatası); gösterilmiyor.
1984yerel_bm,yerel,bm,ilce,35,İzmir,Kınık,TR-D-35-019,DİE kitabındaki satır doğrulanamadı (tarama okuma hatası); gösterilmiyor.
1984yerel_bm,yerel,bm,ilce,36,Kars,Iğdır,HISTK-76-002-eb5742,Kaynakta bu birimle eşleşen satır bulunamadı.
1984yerel_bm,yerel,bm,ilce,36,Kars,Posof,TR-D-75-006,DİE kitabındaki satır doğrulanamadı (tarama okuma hatası); gösterilmiyor.
1984yerel_bm,yerel,bm,ilce,36,Kars,Sarıkamış,TR-D-36-006,DİE kitabındaki satır doğrulanamadı (tarama okuma hatası); gösterilmiyor.
1984yerel_bm,yerel,bm,ilce,37,Kastamonu,Daday,TR-D-37-008,DİE kitabındaki satır doğrulanamadı (tarama okuma hatası); gösterilmiyor.
1984yerel_bm,yerel,bm,ilce,37,Kastamonu,Taşköprü,HISTK-37-019-2b6858,DİE kitabındaki satır doğrulanamadı (tarama okuma hatası); gösterilmiyor.
1984yerel_bm,yerel,bm,ilce,38,Kayseri,Sarız,TR-D-38-012,DİE kitabındaki satır doğrulanamadı (tarama okuma hatası); gösterilmiyor.
1984yerel_bm,yerel,bm,ilce,38,Kayseri,Yeşilhisar,TR-D-38-016,DİE kitabındaki satır doğrulanamadı (tarama okuma hatası); gösterilmiyor.
1984yerel_bm,yerel,bm,ilce,39,Kırklareli,Demirköy,TR-D-39-002,DİE kitabındaki satır doğrulanamadı (tarama okuma hatası); gösterilmiyor.
1984yerel_bm,yerel,bm,ilce,39,Kırklareli,Lüleburgaz,TR-D-39-005,DİE kitabındaki satır doğrulanamadı (tarama okuma hatası); gösterilmiyor.
1984yerel_bm,yerel,bm,ilce,40,Kırşehir,Çiçekdağı,HIST1984yerel-40-Cicekdagi,DİE kitabındaki satır doğrulanamadı (tarama okuma hatası); gösterilmiyor.
1984yerel_bm,yerel,bm,ilce,42,Konya,Çumra,HISTK-42-009-b73bb1,DİE kitabındaki satır doğrulanamadı (tarama okuma hatası); gösterilmiyor.
1984yerel_bm,yerel,bm,ilce,42,Konya,Hadim,HISTK-42-016-a1bdf1,Kaynakta bu birimle eşleşen satır bulunamadı.
1984yerel_bm,yerel,bm,ilce,42,Konya,Kadınhanı,TR-D-42-020,DİE kitabındaki satır doğrulanamadı (tarama okuma hatası); gösterilmiyor.
1984yerel_bm,yerel,bm,ilce,42,Konya,Sarayönü,TR-D-42-025,DİE kitabındaki satır doğrulanamadı (tarama okuma hatası); gösterilmiyor.
1984yerel_bm,yerel,bm,ilce,42,Konya,Seydişehir,TR-D-42-027,DİE kitabındaki satır doğrulanamadı (tarama okuma hatası); gösterilmiyor.
1984yerel_bm,yerel,bm,ilce,42,Konya,Merkez,HIST1984yerel-42-Merkez,Kaynakta bu birimle eşleşen satır bulunamadı.
1984yerel_bm,yerel,bm,ilce,45,Manisa,Gördes,HIST1984yerel-45-Gordes,DİE kitabındaki satır doğrulanamadı (tarama okuma hatası); gösterilmiyor.
1984yerel_bm,yerel,bm,ilce,45,Manisa,Salihli,TR-D-45-010,DİE kitabındaki satır doğrulanamadı (tarama okuma hatası); gösterilmiyor.
1984yerel_bm,yerel,bm,ilce,45,Manisa,Saruhanlı,TR-D-45-012,DİE kitabındaki satır doğrulanamadı (tarama okuma hatası); gösterilmiyor.
1984yerel_bm,yerel,bm,ilce,46,Kahramanmaraş,Afşin,TR-D-46-001,DİE kitabındaki satır doğrulanamadı (tarama okuma hatası); gösterilmiyor.
1984yerel_bm,yerel,bm,ilce,46,Kahramanmaraş,Andırın,TR-D-46-002,DİE kitabındaki satır doğrulanamadı (tarama okuma hatası); gösterilmiyor.
1984yerel_bm,yerel,bm,ilce,46,Kahramanmaraş,Türkoğlu,TR-D-46-011,DİE kitabındaki satır doğrulanamadı (tarama okuma hatası); gösterilmiyor.
1984yerel_bm,yerel,bm,ilce,46,Kahramanmaraş,Merkez,HISTK-HIST-Kahramanmaraş-Merkez-22da16,DİE kitabındaki satır doğrulanamadı (tarama okuma hatası); gösterilmiyor.
1984yerel_bm,yerel,bm,ilce,47,Mardin,Kızıltepe,TR-D-47-004,DİE kitabındaki satır doğrulanamadı (tarama okuma hatası); gösterilmiyor.
1984yerel_bm,yerel,bm,ilce,47,Mardin,Merkez,HISTK-47-001-6825ee,DİE kitabındaki satır doğrulanamadı (tarama okuma hatası); gösterilmiyor.
1984yerel_bm,yerel,bm,ilce,48,Muğla,Fethiye,HISTK-48-004-bc6e5e,DİE kitabındaki satır doğrulanamadı (tarama okuma hatası); gösterilmiyor.
1984yerel_bm,yerel,bm,ilce,49,Muş,Bulanık,TR-D-49-001,DİE kitabındaki satır doğrulanamadı (tarama okuma hatası); gösterilmiyor.
1984yerel_bm,yerel,bm,ilce,49,Muş,Malazgirt,TR-D-49-004,DİE kitabındaki satır doğrulanamadı (tarama okuma hatası); gösterilmiyor.
1984yerel_bm,yerel,bm,ilce,49,Muş,Varto,TR-D-49-006,DİE kitabındaki satır doğrulanamadı (tarama okuma hatası); gösterilmiyor.
1984yerel_bm,yerel,bm,ilce,49,Muş,Merkez,HISTK-49-005-3b5a18,DİE kitabındaki satır doğrulanamadı (tarama okuma hatası); gösterilmiyor.
1984yerel_bm,yerel,bm,ilce,50,Nevşehir,Avanos,TR-D-50-002,DİE kitabındaki satır doğrulanamadı (tarama okuma hatası); gösterilmiyor.
1984yerel_bm,yerel,bm,ilce,50,Nevşehir,Ürgüp,TR-D-50-008,DİE kitabındaki satır doğrulanamadı (tarama okuma hatası); gösterilmiyor.
1984yerel_bm,yerel,bm,ilce,51,Niğde,Çamardı,TR-D-51-003,Kaynakta bu birimle eşleşen satır bulunamadı.
1984yerel_bm,yerel,bm,ilce,51,Niğde,Ortaköy,TR-D-68-006,Kaynakta bu birimle eşleşen satır bulunamadı.
1984yerel_bm,yerel,bm,ilce,51,Niğde,Ulukışla,TR-D-51-006,Kaynakta bu birimle eşleşen satır bulunamadı.
1984yerel_bm,yerel,bm,ilce,51,Niğde,Merkez,HISTK-51-005-12a451,DİE kitabındaki satır doğrulanamadı (tarama okuma hatası); gösterilmiyor.
1984yerel_bm,yerel,bm,ilce,53,Rize,Fındıklı,TR-D-53-005,DİE kitabındaki satır doğrulanamadı (tarama okuma hatası); gösterilmiyor.
1984yerel_bm,yerel,bm,ilce,53,Rize,Kalkandere,TR-D-53-010,DİE kitabındaki satır doğrulanamadı (tarama okuma hatası); gösterilmiyor.
1984yerel_bm,yerel,bm,ilce,54,Sakarya,Kaynarca,TR-D-54-010,DİE kitabındaki satır doğrulanamadı (tarama okuma hatası); gösterilmiyor.
1984yerel_bm,yerel,bm,ilce,54,Sakarya,Merkez,HISTK-54-001-cf63c3,DİE kitabındaki satır doğrulanamadı (tarama okuma hatası); gösterilmiyor.
1984yerel_bm,yerel,bm,ilce,55,Samsun,Bafra,HIST1984yerel-55-Bafra,DİE kitabındaki satır doğrulanamadı (tarama okuma hatası); gösterilmiyor.
1984yerel_bm,yerel,bm,ilce,55,Samsun,Vezirköprü,TR-D-55-016,DİE kitabındaki satır doğrulanamadı (tarama okuma hatası); gösterilmiyor.
1984yerel_bm,yerel,bm,ilce,58,Sivas,Divriği,TR-D-58-003,Kaynakta bu birimle eşleşen satır bulunamadı.
1984yerel_bm,yerel,bm,ilce,58,Sivas,Gürün,TR-D-58-007,Kaynakta bu birimle eşleşen satır bulunamadı.
1984yerel_bm,yerel,bm,ilce,58,Sivas,Hafik,HISTK-58-008-a07efc,DİE kitabındaki satır doğrulanamadı (tarama okuma hatası); gösterilmiyor.
1984yerel_bm,yerel,bm,ilce,59,Tekirdağ,Çorlu,HIST1984yerel-59-Corlu,DİE kitabındaki satır doğrulanamadı (tarama okuma hatası); gösterilmiyor.
1984yerel_bm,yerel,bm,ilce,59,Tekirdağ,Saray,TR-D-59-009,DİE kitabındaki satır doğrulanamadı (tarama okuma hatası); gösterilmiyor.
1984yerel_bm,yerel,bm,ilce,59,Tekirdağ,Şarköy,TR-D-59-011,DİE kitabındaki satır doğrulanamadı (tarama okuma hatası); gösterilmiyor.
1984yerel_bm,yerel,bm,ilce,60,Tokat,Erbaa,TR-D-60-004,DİE kitabındaki satır doğrulanamadı (tarama okuma hatası); gösterilmiyor.
1984yerel_bm,yerel,bm,ilce,60,Tokat,Niksar,HISTK-60-005-637227,DİE kitabındaki satır doğrulanamadı (tarama okuma hatası); gösterilmiyor.
1984yerel_bm,yerel,bm,ilce,60,Tokat,Reşadiye,TR-D-60-007,DİE kitabındaki satır doğrulanamadı (tarama okuma hatası); gösterilmiyor.
1984yerel_bm,yerel,bm,ilce,60,Tokat,Turhal,HISTK-60-010-0a0775,DİE kitabındaki satır doğrulanamadı (tarama okuma hatası); gösterilmiyor.
1984yerel_bm,yerel,bm,ilce,60,Tokat,Zile,TR-D-60-012,DİE kitabındaki satır doğrulanamadı (tarama okuma hatası); gösterilmiyor.
1984yerel_bm,yerel,bm,ilce,62,Tunceli,Çemişgezek,TR-D-62-001,DİE kitabındaki satır doğrulanamadı (tarama okuma hatası); gösterilmiyor.
1984yerel_bm,yerel,bm,ilce,62,Tunceli,Hozat,TR-D-62-002,DİE kitabındaki satır doğrulanamadı (tarama okuma hatası); gösterilmiyor.
1984yerel_bm,yerel,bm,ilce,62,Tunceli,Mazgirt,TR-D-62-003,DİE kitabındaki satır doğrulanamadı (tarama okuma hatası); gösterilmiyor.
1984yerel_bm,yerel,bm,ilce,62,Tunceli,Pertek,TR-D-62-006,DİE kitabındaki satır doğrulanamadı (tarama okuma hatası); gösterilmiyor.
1984yerel_bm,yerel,bm,ilce,62,Tunceli,Pülümür,TR-D-62-007,DİE kitabındaki satır doğrulanamadı (tarama okuma hatası); gösterilmiyor.
1984yerel_bm,yerel,bm,ilce,63,Şanlıurfa,Suruç,TR-D-63-012,Kaynakta bu birimle eşleşen satır bulunamadı.
1984yerel_bm,yerel,bm,ilce,64,Uşak,Karahallı,TR-D-64-003,DİE kitabındaki satır doğrulanamadı (tarama okuma hatası); gösterilmiyor.
1984yerel_bm,yerel,bm,ilce,64,Uşak,Merkez,TR-D-64-006,DİE kitabındaki satır doğrulanamadı (tarama okuma hatası); gösterilmiyor.
1984yerel_bm,yerel,bm,ilce,66,Yozgat,Akdağmadeni,HISTK-66-001-da2964,Kaynakta bu birimle eşleşen satır bulunamadı.
1984yerel_bm,yerel,bm,ilce,66,Yozgat,Şefaatli,TR-D-66-011,Kaynakta bu birimle eşleşen satır bulunamadı.
1984yerel_igm,yerel,igm,il,7,Antalya,Antalya,,İl toplamı: DİE kitabındaki satır doğrulanamadı (tarama okuma hatası); gösterilmiyor.
1984yerel_igm,yerel,igm,il,19,Çorum,Çorum,,İl toplamı: DİE kitabındaki satır doğrulanamadı (tarama okuma hatası); gösterilmiyor.
1984yerel_igm,yerel,igm,il,22,Edirne,Edirne,,İl toplamı: DİE kitabındaki satır doğrulanamadı (tarama okuma hatası); gösterilmiyor.
1984yerel_igm,yerel,igm,il,29,Gümüşhane,Gümüşhane,,İl toplamı: DİE kitabındaki satır doğrulanamadı (tarama okuma hatası); gösterilmiyor.
1984yerel_igm,yerel,igm,il,42,Konya,Konya,,İl toplamı: DİE kitabındaki satır doğrulanamadı (tarama okuma hatası); gösterilmiyor.
1984yerel_igm,yerel,igm,il,52,Ordu,Ordu,,İl toplamı: DİE kitabındaki satır doğrulanamadı (tarama okuma hatası); gösterilmiyor.
1984yerel_igm,yerel,igm,ilce,2,Adıyaman,Çelikhan,TR-D-02-003,DİE kitabındaki satır doğrulanamadı (tarama okuma hatası); gösterilmiyor.
1984yerel_igm,yerel,igm,ilce,3,Afyonkarahisar,Çay,TR-D-03-005,Kaynakta bu birimle eşleşen satır bulunamadı.
1984yerel_igm,yerel,igm,ilce,3,Afyonkarahisar,Emirdağ,HISTK-03-009-e1634b,Kaynakta bu birimle eşleşen satır bulunamadı.
1984yerel_igm,yerel,igm,ilce,4,Ağrı,Diyadin,TR-D-04-002,Kaynakta bu birimle eşleşen satır bulunamadı.
1984yerel_igm,yerel,igm,ilce,6,Ankara,Altındağ,HIST1984yerel-06-Altindag,DİE kitabındaki satır doğrulanamadı (tarama okuma hatası); gösterilmiyor.
1984yerel_igm,yerel,igm,ilce,6,Ankara,Çankaya,TR-D-06-007,DİE kitabındaki satır doğrulanamadı (tarama okuma hatası); gösterilmiyor.
1984yerel_igm,yerel,igm,ilce,6,Ankara,Mamak,TR-D-06-019,Kaynakta bu birimle eşleşen satır bulunamadı.
1984yerel_igm,yerel,igm,ilce,6,Ankara,Yenimahalle,HISTK-06-025-c687e0,Kaynakta bu birimle eşleşen satır bulunamadı.
1984yerel_igm,yerel,igm,ilce,6,Ankara,Ayaş,TR-D-06-003,DİE kitabındaki satır doğrulanamadı (tarama okuma hatası); gösterilmiyor.
1984yerel_igm,yerel,igm,ilce,6,Ankara,Çamlıdere,TR-D-06-006,Kaynakta bu birimle eşleşen satır bulunamadı.
1984yerel_igm,yerel,igm,ilce,6,Ankara,Elmadağ,TR-D-06-009,Kaynakta bu birimle eşleşen satır bulunamadı.
1984yerel_igm,yerel,igm,ilce,6,Ankara,Keskin,HISTK-71-006-d3a891,DİE kitabındaki satır doğrulanamadı (tarama okuma hatası); gösterilmiyor.
1984yerel_igm,yerel,igm,ilce,6,Ankara,Polatlı,TR-D-06-021,DİE kitabındaki satır doğrulanamadı (tarama okuma hatası); gösterilmiyor.
1984yerel_igm,yerel,igm,ilce,6,Ankara,Sincan,TR-D-06-023,DİE kitabındaki satır doğrulanamadı (tarama okuma hatası); gösterilmiyor.
1984yerel_igm,yerel,igm,ilce,6,Ankara,Sulakyurt,TR-D-71-008,DİE kitabındaki satır doğrulanamadı (tarama okuma hatası); gösterilmiyor.
1984yerel_igm,yerel,igm,ilce,6,Ankara,Şereflikoçhisar,HISTK-06-024-63752e,Kaynakta bu birimle eşleşen satır bulunamadı.
1984yerel_igm,yerel,igm,ilce,7,Antalya,Serik,TR-D-07-019,DİE kitabındaki satır doğrulanamadı (tarama okuma hatası); gösterilmiyor.
1984yerel_igm,yerel,igm,ilce,12,Bingöl,Kiğı,HIST1984yerel-12-Kigi,Kaynakta bu birimle eşleşen satır bulunamadı.
1984yerel_igm,yerel,igm,ilce,14,Bolu,Akçakoca,TR-D-81-001,Kaynakta bu birimle eşleşen satır bulunamadı.
1984yerel_igm,yerel,igm,ilce,16,Bursa,Mustafakemalpaşa,TR-D-16-011,Kaynakta bu birimle eşleşen satır bulunamadı.
1984yerel_igm,yerel,igm,ilce,17,Çanakkale,Bozcaada,TR-D-17-004,Kaynakta bu birimle eşleşen satır bulunamadı.
1984yerel_igm,yerel,igm,ilce,17,Çanakkale,Gökçeada,TR-D-17-010,Kaynakta bu birimle eşleşen satır bulunamadı.
1984yerel_igm,yerel,igm,ilce,17,Çanakkale,Lapseki,TR-D-17-011,DİE kitabındaki satır doğrulanamadı (tarama okuma hatası); gösterilmiyor.
1984yerel_igm,yerel,igm,ilce,18,Çankırı,Çerkeş,TR-D-18-004,Kaynakta bu birimle eşleşen satır bulunamadı.
1984yerel_igm,yerel,igm,ilce,21,Diyarbakır,Çermik,TR-D-21-003,DİE kitabındaki satır doğrulanamadı (tarama okuma hatası); gösterilmiyor.
1984yerel_igm,yerel,igm,ilce,21,Diyarbakır,Çüngüş,TR-D-21-005,Kaynakta bu birimle eşleşen satır bulunamadı.
1984yerel_igm,yerel,igm,ilce,21,Diyarbakır,Kulp,TR-D-21-013,DİE kitabındaki satır doğrulanamadı (tarama okuma hatası); gösterilmiyor.
1984yerel_igm,yerel,igm,ilce,24,Erzincan,İliç,TR-D-24-003,Kaynakta bu birimle eşleşen satır bulunamadı.
1984yerel_igm,yerel,igm,ilce,27,Gaziantep,Araban,TR-D-27-001,DİE kitabındaki satır doğrulanamadı (tarama okuma hatası); gösterilmiyor.
1984yerel_igm,yerel,igm,ilce,28,Giresun,Espiye,HISTK-28-007-c2cb5f,DİE kitabındaki satır doğrulanamadı (tarama okuma hatası); gösterilmiyor.
1984yerel_igm,yerel,igm,ilce,28,Giresun,Şebinkarahisar,TR-D-28-014,Kaynakta bu birimle eşleşen satır bulunamadı.
1984yerel_igm,yerel,igm,ilce,29,Gümüşhane,Kelkit,HISTK-29-002-df20b5,DİE kitabındaki satır doğrulanamadı (tarama okuma hatası); gösterilmiyor.
1984yerel_igm,yerel,igm,ilce,32,Isparta,Eğirdir,HISTK-32-003-fe31ed,Kaynakta bu birimle eşleşen satır bulunamadı.
1984yerel_igm,yerel,igm,ilce,33,Mersin,Gülnar,HISTK-33-007-4d9fb2,Kaynakta bu birimle eşleşen satır bulunamadı.
1984yerel_igm,yerel,igm,ilce,33,Mersin,Mut,TR-D-33-009,Kaynakta bu birimle eşleşen satır bulunamadı.
1984yerel_igm,yerel,igm,ilce,33,Mersin,Merkez,HIST-Mersin-Merkez,Kaynakta bu birimle eşleşen satır bulunamadı.
1984yerel_igm,yerel,igm,ilce,34,İstanbul,Eyüp,HIST-Istanbul-Eyup-e72651,DİE kitabındaki satır doğrulanamadı (tarama okuma hatası); gösterilmiyor.
1984yerel_igm,yerel,igm,ilce,34,İstanbul,Şişli,HIST-Istanbul-Sisli-d44c9c,Kaynakta bu birimle eşleşen satır bulunamadı.
1984yerel_igm,yerel,igm,ilce,34,İstanbul,Zeytinburnu,TR-D-34-039,Kaynakta bu birimle eşleşen satır bulunamadı.
1984yerel_igm,yerel,igm,ilce,34,İstanbul,Silivri,TR-D-34-031,Kaynakta bu birimle eşleşen satır bulunamadı.
1984yerel_igm,yerel,igm,ilce,35,İzmir,Bornova,TR-D-35-007,DİE kitabındaki satır doğrulanamadı (tarama okuma hatası); gösterilmiyor.
1984yerel_igm,yerel,igm,ilce,35,İzmir,Karşıyaka,HIST-Izmir-Karsiyaka1991,Kaynakta bu birimle eşleşen satır bulunamadı.
1984yerel_igm,yerel,igm,ilce,35,İzmir,Çeşme,TR-D-35-009,Kaynakta bu birimle eşleşen satır bulunamadı.
1984yerel_igm,yerel,igm,ilce,35,İzmir,Dikili,TR-D-35-011,Kaynakta bu birimle eşleşen satır bulunamadı.
1984yerel_igm,yerel,igm,ilce,35,İzmir,Foça,TR-D-35-012,Kaynakta bu birimle eşleşen satır bulunamadı.
1984yerel_igm,yerel,igm,ilce,36,Kars,Ardahan,TR-D-75-001,DİE kitabındaki satır doğrulanamadı (tarama okuma hatası); gösterilmiyor.
1984yerel_igm,yerel,igm,ilce,36,Kars,Iğdır,HISTK-76-002-eb5742,Kaynakta bu birimle eşleşen satır bulunamadı.
1984yerel_igm,yerel,igm,ilce,40,Kırşehir,Çiçekdağı,HIST1984yerel-40-Cicekdagi,Kaynakta bu birimle eşleşen satır bulunamadı.
1984yerel_igm,yerel,igm,ilce,42,Konya,Çumra,HISTK-42-009-b73bb1,Kaynakta bu birimle eşleşen satır bulunamadı.
1984yerel_igm,yerel,igm,ilce,42,Konya,Yunak,HISTK-42-031-fe3e3d,DİE kitabındaki satır doğrulanamadı (tarama okuma hatası); gösterilmiyor.
1984yerel_igm,yerel,igm,ilce,43,Kütahya,Domaniç,TR-D-43-004,Kaynakta bu birimle eşleşen satır bulunamadı.
1984yerel_igm,yerel,igm,ilce,44,Malatya,Akçadağ,TR-D-44-001,Kaynakta bu birimle eşleşen satır bulunamadı.
1984yerel_igm,yerel,igm,ilce,44,Malatya,Doğanşehir,TR-D-44-006,Kaynakta bu birimle eşleşen satır bulunamadı.
1984yerel_igm,yerel,igm,ilce,44,Malatya,Yeşilyurt,TR-D-44-013,Kaynakta bu birimle eşleşen satır bulunamadı.
1984yerel_igm,yerel,igm,ilce,47,Mardin,Kızıltepe,TR-D-47-004,DİE kitabındaki satır doğrulanamadı (tarama okuma hatası); gösterilmiyor.
1984yerel_igm,yerel,igm,ilce,47,Mardin,Ömerli,TR-D-47-008,Kaynakta bu birimle eşleşen satır bulunamadı.
1984yerel_igm,yerel,igm,ilce,48,Muğla,Dalaman,TR-D-48-002,DİE kitabındaki satır doğrulanamadı (tarama okuma hatası); gösterilmiyor.
1984yerel_igm,yerel,igm,ilce,48,Muğla,Datça,TR-D-48-003,DİE kitabındaki satır doğrulanamadı (tarama okuma hatası); gösterilmiyor.
1984yerel_igm,yerel,igm,ilce,48,Muğla,Marmaris,TR-D-48-007,Kaynakta bu birimle eşleşen satır bulunamadı.
1984yerel_igm,yerel,igm,ilce,48,Muğla,Ula,TR-D-48-012,DİE kitabındaki satır doğrulanamadı (tarama okuma hatası); gösterilmiyor.
1984yerel_igm,yerel,igm,ilce,48,Muğla,Yatağan,HISTK-48-013-a6d3d1,Kaynakta bu birimle eşleşen satır bulunamadı.
1984yerel_igm,yerel,igm,ilce,49,Muş,Varto,TR-D-49-006,DİE kitabındaki satır doğrulanamadı (tarama okuma hatası); gösterilmiyor.
1984yerel_igm,yerel,igm,ilce,51,Niğde,Çamardı,TR-D-51-003,Kaynakta bu birimle eşleşen satır bulunamadı.
1984yerel_igm,yerel,igm,ilce,52,Ordu,Aybastı,HISTK-52-003-9e1e13,DİE kitabındaki satır doğrulanamadı (tarama okuma hatası); gösterilmiyor.
1984yerel_igm,yerel,igm,ilce,55,Samsun,Çarşamba,HISTK-55-008-98dfcf,Kaynakta bu birimle eşleşen satır bulunamadı.
1984yerel_igm,yerel,igm,ilce,56,Siirt,Beşiri,TR-D-72-002,Kaynakta bu birimle eşleşen satır bulunamadı.
1984yerel_igm,yerel,igm,ilce,56,Siirt,Kozluk,TR-D-72-005,DİE kitabındaki satır doğrulanamadı (tarama okuma hatası); gösterilmiyor.
1984yerel_igm,yerel,igm,ilce,62,Tunceli,Hozat,TR-D-62-002,DİE kitabındaki satır doğrulanamadı (tarama okuma hatası); gösterilmiyor.
1984yerel_igm,yerel,igm,ilce,63,Şanlıurfa,Suruç,TR-D-63-012,Kaynakta bu birimle eşleşen satır bulunamadı.
1984yerel_igm,yerel,igm,ilce,64,Uşak,Sivaslı,TR-D-64-004,DİE kitabındaki satır doğrulanamadı (tarama okuma hatası); gösterilmiyor.
1984yerel_igm,yerel,igm,ilce,66,Yozgat,Boğazlıyan,HISTK-66-003-e32b89,DİE kitabındaki satır doğrulanamadı (tarama okuma hatası); gösterilmiyor.
1984yerel_igm,yerel,igm,ilce,67,Zonguldak,Eflani,TR-D-78-001,DİE kitabındaki satır doğrulanamadı (tarama okuma hatası); gösterilmiyor.
1989yerel_bm,yerel,bm,il,6,Ankara,Ankara,,İl toplamı: DİE kitabındaki satır doğrulanamadı (tarama okuma hatası); gösterilmiyor.
1989yerel_bm,yerel,bm,ilce,2,Adıyaman,Samsat,TR-D-02-007,Kaynakta bu birimle eşleşen satır bulunamadı.
1989yerel_bm,yerel,bm,ilce,4,Ağrı,Eleşkirt,TR-D-04-004,DİE kitabındaki satır doğrulanamadı (tarama okuma hatası); gösterilmiyor.
1989yerel_bm,yerel,bm,ilce,12,Bingöl,Genç,TR-D-12-003,DİE kitabındaki satır doğrulanamadı (tarama okuma hatası); gösterilmiyor.
1989yerel_bm,yerel,bm,ilce,16,Bursa,Mudanya,TR-D-16-010,DİE kitabındaki satır doğrulanamadı (tarama okuma hatası); gösterilmiyor.
1989yerel_bm,yerel,bm,ilce,20,Denizli,Acıpayam,TR-D-20-001,DİE kitabındaki satır doğrulanamadı (tarama okuma hatası); gösterilmiyor.
1989yerel_bm,yerel,bm,ilce,23,Elazığ,Karakoçan,TR-D-23-006,Kaynakta bu birimle eşleşen satır bulunamadı.
1989yerel_bm,yerel,bm,ilce,43,Kütahya,Dumlupınar,TR-D-43-005,Kaynakta bu birimle eşleşen satır bulunamadı.
1989yerel_bm,yerel,bm,ilce,48,Muğla,Fethiye,HISTK-48-004-bc6e5e,DİE kitabındaki satır doğrulanamadı (tarama okuma hatası); gösterilmiyor.
1989yerel_bm,yerel,bm,ilce,51,Niğde,Ulukışla,TR-D-51-006,Kaynakta bu birimle eşleşen satır bulunamadı.
1989yerel_bm,yerel,bm,ilce,56,Siirt,Beşiri,TR-D-72-002,DİE kitabındaki satır doğrulanamadı (tarama okuma hatası); gösterilmiyor.
1989yerel_igm,yerel,igm,il,26,Eskişehir,Eskişehir,,İl toplamı: DİE kitabındaki satır doğrulanamadı (tarama okuma hatası); gösterilmiyor.
1989yerel_igm,yerel,igm,ilce,1,Adana,Ceyhan,TR-D-01-002,Kaynakta bu birimle eşleşen satır bulunamadı.
1989yerel_igm,yerel,igm,ilce,17,Çanakkale,Bozcaada,TR-D-17-004,Kaynakta bu birimle eşleşen satır bulunamadı.
1989yerel_igm,yerel,igm,ilce,17,Çanakkale,Gökçeada,TR-D-17-010,DİE kitabındaki satır doğrulanamadı (tarama okuma hatası); gösterilmiyor.
1989yerel_igm,yerel,igm,ilce,31,Hatay,Merkez,HISTK-31-002-655ba7,DİE kitabındaki satır doğrulanamadı (tarama okuma hatası); gösterilmiyor.
1994yerel_bm,yerel,bm,ilce,1,Adana,İmamoğlu,TR-D-01-005,Kaynakta bu birimle eşleşen satır bulunamadı.
1994yerel_bm,yerel,bm,ilce,9,Aydın,Efeler,TR-D-09-005,Kaynakta bu birimle eşleşen satır bulunamadı.
1994yerel_bm,yerel,bm,ilce,21,Diyarbakır,Merkez,HISTY-21-1994yerel-merkez,Kaynakta bu birimle eşleşen satır bulunamadı.
1994yerel_bm,yerel,bm,ilce,25,Erzurum,Merkez,HISTY-25-1994yerel-merkez,Kaynakta bu birimle eşleşen satır bulunamadı.
1994yerel_bm,yerel,bm,ilce,31,Hatay,Antakya,HISTK-31-002-655ba7,Kaynakta bu birimle eşleşen satır bulunamadı.
1994yerel_bm,yerel,bm,ilce,33,Mersin,Merkez,HISTY-33-1994yerel-merkez,Kaynakta bu birimle eşleşen satır bulunamadı.
1994yerel_bm,yerel,bm,ilce,41,Kocaeli,Merkez,HISTK-41-008-f386a9,Kaynakta bu birimle eşleşen satır bulunamadı.
1994yerel_bm,yerel,bm,ilce,42,Konya,Hadim,TR-D-42-016,Kaynakta bu birimle eşleşen satır bulunamadı.
1994yerel_bm,yerel,bm,ilce,48,Muğla,Menteşe,TR-D-48-008,Kaynakta bu birimle eşleşen satır bulunamadı.
1994yerel_bm,yerel,bm,ilce,52,Ordu,Altınordu,TR-D-52-002,Kaynakta bu birimle eşleşen satır bulunamadı.
1994yerel_bm,yerel,bm,ilce,55,Samsun,Ondokuzmayıs,TR-D-55-001,Kaynakta bu birimle eşleşen satır bulunamadı.
1994yerel_bm,yerel,bm,ilce,59,Tekirdağ,Süleymanpaşa,TR-D-59-010,Kaynakta bu birimle eşleşen satır bulunamadı.
1994yerel_bm,yerel,bm,ilce,61,Trabzon,Ortahisar,TR-D-61-013,Kaynakta bu birimle eşleşen satır bulunamadı.
1994yerel_igm,yerel,igm,il,38,Kayseri,Kayseri,,Kaynakta bu ilin satırı yok.
1994yerel_igm,yerel,igm,ilce,6,Ankara,Pursaklar,TR-D-06-022,Kaynakta bu birimle eşleşen satır bulunamadı.
1994yerel_igm,yerel,igm,ilce,7,Antalya,Kepez,TR-D-07-013,Kaynakta bu birimle eşleşen satır bulunamadı.
1994yerel_igm,yerel,igm,ilce,7,Antalya,Konyaaltı,TR-D-07-014,Kaynakta bu birimle eşleşen satır bulunamadı.
1994yerel_igm,yerel,igm,ilce,7,Antalya,Muratpaşa,TR-D-07-018,Kaynakta bu birimle eşleşen satır bulunamadı.
1994yerel_igm,yerel,igm,ilce,8,Artvin,Kemalpaşa,TR-D-08-006,Kaynakta bu birimle eşleşen satır bulunamadı.
1994yerel_igm,yerel,igm,ilce,9,Aydın,Efeler,TR-D-09-005,Kaynakta bu birimle eşleşen satır bulunamadı.
1994yerel_igm,yerel,igm,ilce,14,Bolu,Kaynaşlı,TR-D-81-007,Kaynakta bu birimle eşleşen satır bulunamadı.
1994yerel_igm,yerel,igm,ilce,17,Çanakkale,Bozcaada,TR-D-17-004,Kaynakta bu birimle eşleşen satır bulunamadı.
1994yerel_igm,yerel,igm,ilce,17,Çanakkale,Gökçeada,TR-D-17-010,Kaynakta bu birimle eşleşen satır bulunamadı.
1994yerel_igm,yerel,igm,ilce,20,Denizli,Pamukkale,TR-D-20-016,Kaynakta bu birimle eşleşen satır bulunamadı.
1994yerel_igm,yerel,igm,ilce,21,Diyarbakır,Bağlar,TR-D-21-001,Kaynakta bu birimle eşleşen satır bulunamadı.
1994yerel_igm,yerel,igm,ilce,21,Diyarbakır,Sur,TR-D-21-016,Kaynakta bu birimle eşleşen satır bulunamadı.
1994yerel_igm,yerel,igm,ilce,21,Diyarbakır,Yenişehir,TR-D-21-017,Kaynakta bu birimle eşleşen satır bulunamadı.
1994yerel_igm,yerel,igm,ilce,25,Erzurum,Yakutiye,TR-D-25-020,Kaynakta bu birimle eşleşen satır bulunamadı.
1994yerel_igm,yerel,igm,ilce,26,Eskişehir,Odunpazarı,TR-D-26-010,Kaynakta bu birimle eşleşen satır bulunamadı.
1994yerel_igm,yerel,igm,ilce,26,Eskişehir,Tepebaşı,TR-D-26-014,Kaynakta bu birimle eşleşen satır bulunamadı.
1994yerel_igm,yerel,igm,ilce,31,Hatay,Antakya,HISTK-31-002-655ba7,Kaynakta bu birimle eşleşen satır bulunamadı.
1994yerel_igm,yerel,igm,ilce,33,Mersin,Akdeniz,TR-D-33-001,Kaynakta bu birimle eşleşen satır bulunamadı.
1994yerel_igm,yerel,igm,ilce,33,Mersin,Toroslar,TR-D-33-012,Kaynakta bu birimle eşleşen satır bulunamadı.
1994yerel_igm,yerel,igm,ilce,33,Mersin,Yenişehir,TR-D-33-013,Kaynakta bu birimle eşleşen satır bulunamadı.
1994yerel_igm,yerel,igm,ilce,38,Kayseri,Felahiye,TR-D-38-004,Kaynakta bu birimle eşleşen satır bulunamadı.
1994yerel_igm,yerel,igm,ilce,42,Konya,Hadim,TR-D-42-016,Kaynakta bu birimle eşleşen satır bulunamadı.
1994yerel_igm,yerel,igm,ilce,48,Muğla,Menteşe,TR-D-48-008,Kaynakta bu birimle eşleşen satır bulunamadı.
1994yerel_igm,yerel,igm,ilce,52,Ordu,Altınordu,TR-D-52-002,Kaynakta bu birimle eşleşen satır bulunamadı.
1994yerel_igm,yerel,igm,ilce,54,Sakarya,Arifiye,TR-D-54-003,Kaynakta bu birimle eşleşen satır bulunamadı.
1994yerel_igm,yerel,igm,ilce,54,Sakarya,Erenler,TR-D-54-004,Kaynakta bu birimle eşleşen satır bulunamadı.
1994yerel_igm,yerel,igm,ilce,54,Sakarya,Serdivan,TR-D-54-014,Kaynakta bu birimle eşleşen satır bulunamadı.
1994yerel_igm,yerel,igm,ilce,55,Samsun,Atakum,TR-D-55-004,Kaynakta bu birimle eşleşen satır bulunamadı.
1994yerel_igm,yerel,igm,ilce,55,Samsun,Canik,TR-D-55-007,Kaynakta bu birimle eşleşen satır bulunamadı.
1994yerel_igm,yerel,igm,ilce,55,Samsun,Ondokuzmayıs,TR-D-55-001,Kaynakta bu birimle eşleşen satır bulunamadı.
1994yerel_igm,yerel,igm,ilce,55,Samsun,İlkadım,TR-D-55-010,Kaynakta bu birimle eşleşen satır bulunamadı.
1994yerel_igm,yerel,igm,ilce,59,Tekirdağ,Kapaklı,TR-D-59-005,Kaynakta bu birimle eşleşen satır bulunamadı.
1994yerel_igm,yerel,igm,ilce,59,Tekirdağ,Süleymanpaşa,TR-D-59-010,Kaynakta bu birimle eşleşen satır bulunamadı.
1994yerel_igm,yerel,igm,ilce,61,Trabzon,Ortahisar,TR-D-61-013,Kaynakta bu birimle eşleşen satır bulunamadı.
1994yerel_igm,yerel,igm,ilce,63,Şanlıurfa,Karaköprü,TR-D-63-010,Kaynakta bu birimle eşleşen satır bulunamadı.
1994yerel_igm,yerel,igm,ilce,67,Zonguldak,Kilimli,TR-D-67-006,Kaynakta bu birimle eşleşen satır bulunamadı.
1994yerel_igm,yerel,igm,ilce,67,Zonguldak,Kozlu,TR-D-67-007,Kaynakta bu birimle eşleşen satır bulunamadı.
1994yerel_igm,yerel,igm,ilce,68,Aksaray,Sultanhanı,TR-D-68-008,Kaynakta bu birimle eşleşen satır bulunamadı.
1999yerel_bm,yerel,bm,il,25,Erzurum,Erzurum,,Kaynakta bu ilin satırı yok.
1999yerel_bm,yerel,bm,il,48,Muğla,Muğla,,İl toplamı: DİE kitabındaki satır doğrulanamadı (tarama okuma hatası); gösterilmiyor.
1999yerel_bm,yerel,bm,il,66,Yozgat,Yozgat,,İl toplamı: DİE kitabındaki satır doğrulanamadı (tarama okuma hatası); gösterilmiyor.
1999yerel_bm,yerel,bm,ilce,9,Aydın,Efeler,TR-D-09-005,Kaynakta bu birimle eşleşen satır bulunamadı.
1999yerel_bm,yerel,bm,ilce,21,Diyarbakır,Merkez,HISTY-21-1999yerel-merkez,Kaynakta bu birimle eşleşen satır bulunamadı.
1999yerel_bm,yerel,bm,ilce,25,Erzurum,Aziziye (Ilıca),TR-D-25-002,Kaynakta bu birimle eşleşen satır bulunamadı.
1999yerel_bm,yerel,bm,ilce,25,Erzurum,Merkez,HISTY-25-1999yerel-merkez,Kaynakta bu birimle eşleşen satır bulunamadı.
1999yerel_bm,yerel,bm,ilce,31,Hatay,Antakya,HISTK-31-002-655ba7,Kaynakta bu birimle eşleşen satır bulunamadı.
1999yerel_bm,yerel,bm,ilce,33,Mersin,Merkez,HISTY-33-1999yerel-merkez,Kaynakta bu birimle eşleşen satır bulunamadı.
1999yerel_bm,yerel,bm,ilce,41,Kocaeli,Merkez,HISTK-41-008-f386a9,Kaynakta bu birimle eşleşen satır bulunamadı.
1999yerel_bm,yerel,bm,ilce,46,Kahramanmaraş,Andırın,TR-D-46-002,DİE kitabındaki satır doğrulanamadı (tarama okuma hatası); gösterilmiyor.
1999yerel_bm,yerel,bm,ilce,46,Kahramanmaraş,Elbistan,TR-D-46-006,DİE kitabındaki satır doğrulanamadı (tarama okuma hatası); gösterilmiyor.
1999yerel_bm,yerel,bm,ilce,48,Muğla,Menteşe,TR-D-48-008,Kaynakta bu birimle eşleşen satır bulunamadı.
1999yerel_bm,yerel,bm,ilce,52,Ordu,Altınordu,TR-D-52-002,Kaynakta bu birimle eşleşen satır bulunamadı.
1999yerel_bm,yerel,bm,ilce,54,Sakarya,Adapazarı,TR-D-54-001,Kaynakta bu birimle eşleşen satır bulunamadı.
1999yerel_bm,yerel,bm,ilce,59,Tekirdağ,Süleymanpaşa,TR-D-59-010,Kaynakta bu birimle eşleşen satır bulunamadı.
1999yerel_bm,yerel,bm,ilce,61,Trabzon,Ortahisar,TR-D-61-013,Kaynakta bu birimle eşleşen satır bulunamadı.
1999yerel_bm,yerel,bm,ilce,74,Bartın,Kurucaşile,TR-D-74-003,DİE kitabındaki satır doğrulanamadı (tarama okuma hatası); gösterilmiyor.
1999yerel_igm,yerel,igm,il,25,Erzurum,Erzurum,,İl toplamı: DİE kitabındaki satır doğrulanamadı (tarama okuma hatası); gösterilmiyor.
1999yerel_igm,yerel,igm,ilce,7,Antalya,Kepez,TR-D-07-013,Kaynakta bu birimle eşleşen satır bulunamadı.
1999yerel_igm,yerel,igm,ilce,7,Antalya,Konyaaltı,TR-D-07-014,Kaynakta bu birimle eşleşen satır bulunamadı.
1999yerel_igm,yerel,igm,ilce,7,Antalya,Muratpaşa,TR-D-07-018,Kaynakta bu birimle eşleşen satır bulunamadı.
1999yerel_igm,yerel,igm,ilce,8,Artvin,Kemalpaşa,TR-D-08-006,Kaynakta bu birimle eşleşen satır bulunamadı.
1999yerel_igm,yerel,igm,ilce,9,Aydın,Efeler,TR-D-09-005,Kaynakta bu birimle eşleşen satır bulunamadı.
1999yerel_igm,yerel,igm,ilce,14,Bolu,Kaynaşlı,TR-D-81-007,Kaynakta bu birimle eşleşen satır bulunamadı.
1999yerel_igm,yerel,igm,ilce,17,Çanakkale,Bozcaada,TR-D-17-004,Kaynakta bu birimle eşleşen satır bulunamadı.
1999yerel_igm,yerel,igm,ilce,17,Çanakkale,Gökçeada,TR-D-17-010,Kaynakta bu birimle eşleşen satır bulunamadı.
1999yerel_igm,yerel,igm,ilce,20,Denizli,Pamukkale,TR-D-20-016,Kaynakta bu birimle eşleşen satır bulunamadı.
1999yerel_igm,yerel,igm,ilce,21,Diyarbakır,Bağlar,TR-D-21-001,Kaynakta bu birimle eşleşen satır bulunamadı.
1999yerel_igm,yerel,igm,ilce,21,Diyarbakır,Sur,TR-D-21-016,Kaynakta bu birimle eşleşen satır bulunamadı.
1999yerel_igm,yerel,igm,ilce,21,Diyarbakır,Yenişehir,TR-D-21-017,Kaynakta bu birimle eşleşen satır bulunamadı.
1999yerel_igm,yerel,igm,ilce,25,Erzurum,Aziziye (Ilıca),TR-D-25-002,Kaynakta bu birimle eşleşen satır bulunamadı.
1999yerel_igm,yerel,igm,ilce,25,Erzurum,Pazaryolu,TR-D-25-015,DİE kitabındaki satır doğrulanamadı (tarama okuma hatası); gösterilmiyor.
1999yerel_igm,yerel,igm,ilce,25,Erzurum,Yakutiye,TR-D-25-020,Kaynakta bu birimle eşleşen satır bulunamadı.
1999yerel_igm,yerel,igm,ilce,26,Eskişehir,Odunpazarı,TR-D-26-010,Kaynakta bu birimle eşleşen satır bulunamadı.
1999yerel_igm,yerel,igm,ilce,26,Eskişehir,Tepebaşı,TR-D-26-014,Kaynakta bu birimle eşleşen satır bulunamadı.
1999yerel_igm,yerel,igm,ilce,30,Hakkari,Derecik,TR-D-30-005,Kaynakta bu birimle eşleşen satır bulunamadı.
1999yerel_igm,yerel,igm,ilce,31,Hatay,Antakya,HISTK-31-002-655ba7,Kaynakta bu birimle eşleşen satır bulunamadı.
1999yerel_igm,yerel,igm,ilce,31,Hatay,Arsuz,TR-D-31-003,Kaynakta bu birimle eşleşen satır bulunamadı.
1999yerel_igm,yerel,igm,ilce,33,Mersin,Akdeniz,TR-D-33-001,Kaynakta bu birimle eşleşen satır bulunamadı.
1999yerel_igm,yerel,igm,ilce,33,Mersin,Toroslar,TR-D-33-012,Kaynakta bu birimle eşleşen satır bulunamadı.
1999yerel_igm,yerel,igm,ilce,33,Mersin,Yenişehir,TR-D-33-013,Kaynakta bu birimle eşleşen satır bulunamadı.
1999yerel_igm,yerel,igm,ilce,48,Muğla,Menteşe,TR-D-48-008,Kaynakta bu birimle eşleşen satır bulunamadı.
1999yerel_igm,yerel,igm,ilce,52,Ordu,Altınordu,TR-D-52-002,Kaynakta bu birimle eşleşen satır bulunamadı.
1999yerel_igm,yerel,igm,ilce,54,Sakarya,Adapazarı,TR-D-54-001,Kaynakta bu birimle eşleşen satır bulunamadı.
1999yerel_igm,yerel,igm,ilce,54,Sakarya,Arifiye,TR-D-54-003,Kaynakta bu birimle eşleşen satır bulunamadı.
1999yerel_igm,yerel,igm,ilce,54,Sakarya,Erenler,TR-D-54-004,Kaynakta bu birimle eşleşen satır bulunamadı.
1999yerel_igm,yerel,igm,ilce,54,Sakarya,Serdivan,TR-D-54-014,Kaynakta bu birimle eşleşen satır bulunamadı.
1999yerel_igm,yerel,igm,ilce,55,Samsun,Atakum,TR-D-55-004,Kaynakta bu birimle eşleşen satır bulunamadı.
1999yerel_igm,yerel,igm,ilce,55,Samsun,Canik,TR-D-55-007,Kaynakta bu birimle eşleşen satır bulunamadı.
1999yerel_igm,yerel,igm,ilce,55,Samsun,İlkadım,TR-D-55-010,Kaynakta bu birimle eşleşen satır bulunamadı.
1999yerel_igm,yerel,igm,ilce,59,Tekirdağ,Kapaklı,TR-D-59-005,Kaynakta bu birimle eşleşen satır bulunamadı.
1999yerel_igm,yerel,igm,ilce,59,Tekirdağ,Süleymanpaşa,TR-D-59-010,Kaynakta bu birimle eşleşen satır bulunamadı.
1999yerel_igm,yerel,igm,ilce,61,Trabzon,Ortahisar,TR-D-61-013,Kaynakta bu birimle eşleşen satır bulunamadı.
1999yerel_igm,yerel,igm,ilce,63,Şanlıurfa,Karaköprü,TR-D-63-010,Kaynakta bu birimle eşleşen satır bulunamadı.
1999yerel_igm,yerel,igm,ilce,67,Zonguldak,Kilimli,TR-D-67-006,Kaynakta bu birimle eşleşen satır bulunamadı.
1999yerel_igm,yerel,igm,ilce,67,Zonguldak,Kozlu,TR-D-67-007,Kaynakta bu birimle eşleşen satır bulunamadı.
1999yerel_igm,yerel,igm,ilce,68,Aksaray,Sultanhanı,TR-D-68-008,Kaynakta bu birimle eşleşen satır bulunamadı.
2004yerel_bm,yerel,bm,ilce,9,Aydın,Efeler,TR-D-09-005,Kaynakta bu birimle eşleşen satır bulunamadı.
2004yerel_bm,yerel,bm,ilce,21,Diyarbakır,Merkez,HISTY-21-2004yerel-merkez,Kaynakta bu birimle eşleşen satır bulunamadı.
2004yerel_bm,yerel,bm,ilce,25,Erzurum,Merkez,HISTY-25-2004yerel-merkez,Kaynakta bu birimle eşleşen satır bulunamadı.
2004yerel_bm,yerel,bm,ilce,33,Mersin,Merkez,HISTY-33-2004yerel-merkez,Kaynakta bu birimle eşleşen satır bulunamadı.
2004yerel_bm,yerel,bm,ilce,41,Kocaeli,Merkez,HISTK-41-008-9ff8a8,Kaynakta bu birimle eşleşen satır bulunamadı.
2004yerel_bm,yerel,bm,ilce,48,Muğla,Menteşe,TR-D-48-008,Kaynakta bu birimle eşleşen satır bulunamadı.
2004yerel_bm,yerel,bm,ilce,52,Ordu,Altınordu,TR-D-52-002,Kaynakta bu birimle eşleşen satır bulunamadı.
2004yerel_bm,yerel,bm,ilce,54,Sakarya,Merkez,TR-D-54-001,Kaynakta bu birimle eşleşen satır bulunamadı.
2004yerel_bm,yerel,bm,ilce,59,Tekirdağ,Süleymanpaşa,TR-D-59-010,Kaynakta bu birimle eşleşen satır bulunamadı.
2004yerel_bm,yerel,bm,ilce,61,Trabzon,Ortahisar,TR-D-61-013,Kaynakta bu birimle eşleşen satır bulunamadı.
2004yerel_igm,yerel,igm,ilce,7,Antalya,Kepez,TR-D-07-013,Kaynakta bu birimle eşleşen satır bulunamadı.
2004yerel_igm,yerel,igm,ilce,7,Antalya,Konyaaltı,TR-D-07-014,Kaynakta bu birimle eşleşen satır bulunamadı.
2004yerel_igm,yerel,igm,ilce,7,Antalya,Muratpaşa,TR-D-07-018,Kaynakta bu birimle eşleşen satır bulunamadı.
2004yerel_igm,yerel,igm,ilce,8,Artvin,Kemalpaşa,TR-D-08-006,Kaynakta bu birimle eşleşen satır bulunamadı.
2004yerel_igm,yerel,igm,ilce,9,Aydın,Efeler,TR-D-09-005,Kaynakta bu birimle eşleşen satır bulunamadı.
2004yerel_igm,yerel,igm,ilce,17,Çanakkale,Bozcaada,TR-D-17-004,Kaynakta bu birimle eşleşen satır bulunamadı.
2004yerel_igm,yerel,igm,ilce,17,Çanakkale,Gökçeada,TR-D-17-010,Kaynakta bu birimle eşleşen satır bulunamadı.
2004yerel_igm,yerel,igm,ilce,20,Denizli,Pamukkale,TR-D-20-016,Kaynakta bu birimle eşleşen satır bulunamadı.
2004yerel_igm,yerel,igm,ilce,21,Diyarbakır,Bağlar,TR-D-21-001,Kaynakta bu birimle eşleşen satır bulunamadı.
2004yerel_igm,yerel,igm,ilce,21,Diyarbakır,Sur,TR-D-21-016,Kaynakta bu birimle eşleşen satır bulunamadı.
2004yerel_igm,yerel,igm,ilce,21,Diyarbakır,Yenişehir,TR-D-21-017,Kaynakta bu birimle eşleşen satır bulunamadı.
2004yerel_igm,yerel,igm,ilce,25,Erzurum,Yakutiye,TR-D-25-020,Kaynakta bu birimle eşleşen satır bulunamadı.
2004yerel_igm,yerel,igm,ilce,26,Eskişehir,Odunpazarı,TR-D-26-010,Kaynakta bu birimle eşleşen satır bulunamadı.
2004yerel_igm,yerel,igm,ilce,26,Eskişehir,Tepebaşı,TR-D-26-014,Kaynakta bu birimle eşleşen satır bulunamadı.
2004yerel_igm,yerel,igm,ilce,30,Hakkari,Derecik,TR-D-30-005,Kaynakta bu birimle eşleşen satır bulunamadı.
2004yerel_igm,yerel,igm,ilce,31,Hatay,Antakya,HISTK-31-002-655ba7,Kaynakta bu birimle eşleşen satır bulunamadı.
2004yerel_igm,yerel,igm,ilce,31,Hatay,Arsuz,TR-D-31-003,Kaynakta bu birimle eşleşen satır bulunamadı.
2004yerel_igm,yerel,igm,ilce,31,Hatay,Payaş,TR-D-31-012,Kaynakta bu birimle eşleşen satır bulunamadı.
2004yerel_igm,yerel,igm,ilce,33,Mersin,Akdeniz,TR-D-33-001,Kaynakta bu birimle eşleşen satır bulunamadı.
2004yerel_igm,yerel,igm,ilce,33,Mersin,Toroslar,TR-D-33-012,Kaynakta bu birimle eşleşen satır bulunamadı.
2004yerel_igm,yerel,igm,ilce,33,Mersin,Yenişehir,TR-D-33-013,Kaynakta bu birimle eşleşen satır bulunamadı.
2004yerel_igm,yerel,igm,ilce,48,Muğla,Menteşe,TR-D-48-008,Kaynakta bu birimle eşleşen satır bulunamadı.
2004yerel_igm,yerel,igm,ilce,52,Ordu,Altınordu,TR-D-52-002,Kaynakta bu birimle eşleşen satır bulunamadı.
2004yerel_igm,yerel,igm,ilce,54,Sakarya,Arifiye,TR-D-54-003,Kaynakta bu birimle eşleşen satır bulunamadı.
2004yerel_igm,yerel,igm,ilce,54,Sakarya,Erenler,TR-D-54-004,Kaynakta bu birimle eşleşen satır bulunamadı.
2004yerel_igm,yerel,igm,ilce,54,Sakarya,Serdivan,TR-D-54-014,Kaynakta bu birimle eşleşen satır bulunamadı.
2004yerel_igm,yerel,igm,ilce,55,Samsun,Atakum,TR-D-55-004,Kaynakta bu birimle eşleşen satır bulunamadı.
2004yerel_igm,yerel,igm,ilce,55,Samsun,Canik,TR-D-55-007,Kaynakta bu birimle eşleşen satır bulunamadı.
2004yerel_igm,yerel,igm,ilce,55,Samsun,İlkadım,TR-D-55-010,Kaynakta bu birimle eşleşen satır bulunamadı.
2004yerel_igm,yerel,igm,ilce,59,Tekirdağ,Kapaklı,TR-D-59-005,Kaynakta bu birimle eşleşen satır bulunamadı.
2004yerel_igm,yerel,igm,ilce,59,Tekirdağ,Süleymanpaşa,TR-D-59-010,Kaynakta bu birimle eşleşen satır bulunamadı.
2004yerel_igm,yerel,igm,ilce,61,Trabzon,Ortahisar,TR-D-61-013,Kaynakta bu birimle eşleşen satır bulunamadı.
2004yerel_igm,yerel,igm,ilce,63,Şanlıurfa,Karaköprü,TR-D-63-010,Kaynakta bu birimle eşleşen satır bulunamadı.
2004yerel_igm,yerel,igm,ilce,67,Zonguldak,Kilimli,TR-D-67-006,Kaynakta bu birimle eşleşen satır bulunamadı.
2004yerel_igm,yerel,igm,ilce,67,Zonguldak,Kozlu,TR-D-67-007,Kaynakta bu birimle eşleşen satır bulunamadı.
2004yerel_igm,yerel,igm,ilce,68,Aksaray,Sultanhanı,TR-D-68-008,Kaynakta bu birimle eşleşen satır bulunamadı.
2009yerel_bm,yerel,bm,ilce,8,Artvin,Kemalpaşa,TR-D-08-006,ilçe satırında sonuç yok
2009yerel_bm,yerel,bm,ilce,10,Balıkesir,Altıeylül,TR-D-10-001,ilçe satırında sonuç yok
2009yerel_bm,yerel,bm,ilce,10,Balıkesir,Karesi,TR-D-10-014,ilçe satırında sonuç yok
2009yerel_bm,yerel,bm,ilce,20,Denizli,Merkezefendi,TR-D-20-015,ilçe satırında sonuç yok
2009yerel_bm,yerel,bm,ilce,20,Denizli,Pamukkale,TR-D-20-016,"sonuç var; alanı birleşim poligonunda, ayrı çizilmez"
2009yerel_bm,yerel,bm,ilce,30,Hakkari,Derecik,TR-D-30-005,ilçe satırında sonuç yok
2009yerel_bm,yerel,bm,ilce,31,Hatay,Antakya,TR-D-31-002,ilçe satırında sonuç yok
2009yerel_bm,yerel,bm,ilce,31,Hatay,Arsuz,TR-D-31-003,ilçe satırında sonuç yok
2009yerel_bm,yerel,bm,ilce,31,Hatay,Defne,TR-D-31-005,ilçe satırında sonuç yok
2009yerel_bm,yerel,bm,ilce,31,Hatay,Payaş,TR-D-31-012,ilçe satırında sonuç yok
2009yerel_bm,yerel,bm,ilce,44,Malatya,Battalgazi,TR-D-44-004,"sonuç var; alanı birleşim poligonunda, ayrı çizilmez"
2009yerel_bm,yerel,bm,ilce,44,Malatya,Yeşilyurt,TR-D-44-013,"sonuç var; alanı birleşim poligonunda, ayrı çizilmez"
2009yerel_bm,yerel,bm,ilce,45,Manisa,Yunusemre,TR-D-45-017,ilçe satırında sonuç yok
2009yerel_bm,yerel,bm,ilce,45,Manisa,Şehzadeler,TR-D-45-015,ilçe satırında sonuç yok
2009yerel_bm,yerel,bm,ilce,46,Kahramanmaraş,Dülkadiroğlu,TR-D-46-004,ilçe satırında sonuç yok
2009yerel_bm,yerel,bm,ilce,46,Kahramanmaraş,Onikişubat,TR-D-46-009,ilçe satırında sonuç yok
2009yerel_bm,yerel,bm,ilce,48,Muğla,Seydikemer,TR-D-48-011,ilçe satırında sonuç yok
2009yerel_bm,yerel,bm,ilce,59,Tekirdağ,Ergene,TR-D-59-003,ilçe satırında sonuç yok
2009yerel_bm,yerel,bm,ilce,59,Tekirdağ,Kapaklı,TR-D-59-005,ilçe satırında sonuç yok
2009yerel_bm,yerel,bm,ilce,63,Şanlıurfa,Eyyubiye,TR-D-63-005,ilçe satırında sonuç yok
2009yerel_bm,yerel,bm,ilce,63,Şanlıurfa,Haliliye,TR-D-63-007,ilçe satırında sonuç yok
2009yerel_bm,yerel,bm,ilce,63,Şanlıurfa,Karaköprü,TR-D-63-010,ilçe satırında sonuç yok
2009yerel_bm,yerel,bm,ilce,65,Van,Tuşba,TR-D-65-013,ilçe satırında sonuç yok
2009yerel_bm,yerel,bm,ilce,65,Van,İpekyolu,TR-D-65-009,ilçe satırında sonuç yok
2009yerel_bm,yerel,bm,ilce,66,Yozgat,Kadışehri,TR-D-66-007,İlçede 29 Mart 2009 seçimi iptal edilip 7 Haziran'da yenilendi; YSK açık verisinde ilçe merkezi belediye meclisi sonucu yok (yalnız Halıköy beldesi).
2009yerel_bm,yerel,bm,ilce,67,Zonguldak,Kilimli,TR-D-67-006,ilçe satırında sonuç yok
2009yerel_bm,yerel,bm,ilce,67,Zonguldak,Kozlu,TR-D-67-007,ilçe satırında sonuç yok
2009yerel_bm,yerel,bm,ilce,68,Aksaray,Sultanhanı,TR-D-68-008,ilçe satırında sonuç yok
2009yerel_igm,yerel,igm,ilce,8,Artvin,Kemalpaşa,TR-D-08-006,ilçe satırında sonuç yok
2009yerel_igm,yerel,igm,ilce,10,Balıkesir,Altıeylül,TR-D-10-001,ilçe satırında sonuç yok
2009yerel_igm,yerel,igm,ilce,10,Balıkesir,Karesi,TR-D-10-014,ilçe satırında sonuç yok
2009yerel_igm,yerel,igm,ilce,17,Çanakkale,Bozcaada,TR-D-17-004,YSK açık verisinde bu ilçede il genel meclisi sandığı yok (seçim yapılmadı).
2009yerel_igm,yerel,igm,ilce,17,Çanakkale,Gökçeada,TR-D-17-010,YSK açık verisinde bu ilçede il genel meclisi sandığı yok (seçim yapılmadı).
2009yerel_igm,yerel,igm,ilce,20,Denizli,Merkezefendi,TR-D-20-015,ilçe satırında sonuç yok
2009yerel_igm,yerel,igm,ilce,20,Denizli,Pamukkale,TR-D-20-016,"sonuç var; alanı birleşim poligonunda, ayrı çizilmez"
2009yerel_igm,yerel,igm,ilce,30,Hakkari,Derecik,TR-D-30-005,ilçe satırında sonuç yok
2009yerel_igm,yerel,igm,ilce,31,Hatay,Antakya,TR-D-31-002,ilçe satırında sonuç yok
2009yerel_igm,yerel,igm,ilce,31,Hatay,Arsuz,TR-D-31-003,ilçe satırında sonuç yok
2009yerel_igm,yerel,igm,ilce,31,Hatay,Defne,TR-D-31-005,ilçe satırında sonuç yok
2009yerel_igm,yerel,igm,ilce,31,Hatay,Payaş,TR-D-31-012,ilçe satırında sonuç yok
2009yerel_igm,yerel,igm,ilce,44,Malatya,Battalgazi,TR-D-44-004,"sonuç var; alanı birleşim poligonunda, ayrı çizilmez"
2009yerel_igm,yerel,igm,ilce,44,Malatya,Yeşilyurt,TR-D-44-013,"sonuç var; alanı birleşim poligonunda, ayrı çizilmez"
2009yerel_igm,yerel,igm,ilce,45,Manisa,Yunusemre,TR-D-45-017,ilçe satırında sonuç yok
2009yerel_igm,yerel,igm,ilce,45,Manisa,Şehzadeler,TR-D-45-015,ilçe satırında sonuç yok
2009yerel_igm,yerel,igm,ilce,46,Kahramanmaraş,Dülkadiroğlu,TR-D-46-004,ilçe satırında sonuç yok
2009yerel_igm,yerel,igm,ilce,46,Kahramanmaraş,Onikişubat,TR-D-46-009,ilçe satırında sonuç yok
2009yerel_igm,yerel,igm,ilce,48,Muğla,Seydikemer,TR-D-48-011,ilçe satırında sonuç yok
2009yerel_igm,yerel,igm,ilce,59,Tekirdağ,Ergene,TR-D-59-003,ilçe satırında sonuç yok
2009yerel_igm,yerel,igm,ilce,59,Tekirdağ,Kapaklı,TR-D-59-005,ilçe satırında sonuç yok
2009yerel_igm,yerel,igm,ilce,63,Şanlıurfa,Eyyubiye,TR-D-63-005,ilçe satırında sonuç yok
2009yerel_igm,yerel,igm,ilce,63,Şanlıurfa,Haliliye,TR-D-63-007,ilçe satırında sonuç yok
2009yerel_igm,yerel,igm,ilce,63,Şanlıurfa,Karaköprü,TR-D-63-010,ilçe satırında sonuç yok
2009yerel_igm,yerel,igm,ilce,65,Van,Tuşba,TR-D-65-013,ilçe satırında sonuç yok
2009yerel_igm,yerel,igm,ilce,65,Van,İpekyolu,TR-D-65-009,ilçe satırında sonuç yok
2009yerel_igm,yerel,igm,ilce,67,Zonguldak,Kilimli,TR-D-67-006,ilçe satırında sonuç yok
2009yerel_igm,yerel,igm,ilce,67,Zonguldak,Kozlu,TR-D-67-007,ilçe satırında sonuç yok
2009yerel_igm,yerel,igm,ilce,68,Aksaray,Sultanhanı,TR-D-68-008,ilçe satırında sonuç yok
2014yerel_bm,yerel,bm,ilce,8,Artvin,Kemalpaşa,TR-D-08-006,ilçe satırında sonuç yok
2014yerel_bm,yerel,bm,ilce,30,Hakkari,Derecik,TR-D-30-005,ilçe satırında sonuç yok
2014yerel_bm,yerel,bm,ilce,68,Aksaray,Sultanhanı,TR-D-68-008,ilçe satırında sonuç yok
2014yerel_igm,yerel,igm,il,1,Adana,Adana,,"Bu ilde il genel meclisi seçimi yapılmadı (büyükşehir, 6360 sayılı Kanun)."
2014yerel_igm,yerel,igm,il,6,Ankara,Ankara,,"Bu ilde il genel meclisi seçimi yapılmadı (büyükşehir, 6360 sayılı Kanun)."
2014yerel_igm,yerel,igm,il,7,Antalya,Antalya,,"Bu ilde il genel meclisi seçimi yapılmadı (büyükşehir, 6360 sayılı Kanun)."
2014yerel_igm,yerel,igm,il,9,Aydın,Aydın,,"Bu ilde il genel meclisi seçimi yapılmadı (büyükşehir, 6360 sayılı Kanun)."
2014yerel_igm,yerel,igm,il,10,Balıkesir,Balıkesir,,"Bu ilde il genel meclisi seçimi yapılmadı (büyükşehir, 6360 sayılı Kanun)."
2014yerel_igm,yerel,igm,il,16,Bursa,Bursa,,"Bu ilde il genel meclisi seçimi yapılmadı (büyükşehir, 6360 sayılı Kanun)."
2014yerel_igm,yerel,igm,il,20,Denizli,Denizli,,"Bu ilde il genel meclisi seçimi yapılmadı (büyükşehir, 6360 sayılı Kanun)."
2014yerel_igm,yerel,igm,il,21,Diyarbakır,Diyarbakır,,"Bu ilde il genel meclisi seçimi yapılmadı (büyükşehir, 6360 sayılı Kanun)."
2014yerel_igm,yerel,igm,il,25,Erzurum,Erzurum,,"Bu ilde il genel meclisi seçimi yapılmadı (büyükşehir, 6360 sayılı Kanun)."
2014yerel_igm,yerel,igm,il,26,Eskişehir,Eskişehir,,"Bu ilde il genel meclisi seçimi yapılmadı (büyükşehir, 6360 sayılı Kanun)."
2014yerel_igm,yerel,igm,il,27,Gaziantep,Gaziantep,,"Bu ilde il genel meclisi seçimi yapılmadı (büyükşehir, 6360 sayılı Kanun)."
2014yerel_igm,yerel,igm,il,31,Hatay,Hatay,,"Bu ilde il genel meclisi seçimi yapılmadı (büyükşehir, 6360 sayılı Kanun)."
2014yerel_igm,yerel,igm,il,33,Mersin,Mersin,,"Bu ilde il genel meclisi seçimi yapılmadı (büyükşehir, 6360 sayılı Kanun)."
2014yerel_igm,yerel,igm,il,34,İstanbul,İstanbul,,"Bu ilde il genel meclisi seçimi yapılmadı (büyükşehir, 6360 sayılı Kanun)."
2014yerel_igm,yerel,igm,il,35,İzmir,İzmir,,"Bu ilde il genel meclisi seçimi yapılmadı (büyükşehir, 6360 sayılı Kanun)."
2014yerel_igm,yerel,igm,il,38,Kayseri,Kayseri,,"Bu ilde il genel meclisi seçimi yapılmadı (büyükşehir, 6360 sayılı Kanun)."
2014yerel_igm,yerel,igm,il,41,Kocaeli,Kocaeli,,"Bu ilde il genel meclisi seçimi yapılmadı (büyükşehir, 6360 sayılı Kanun)."
2014yerel_igm,yerel,igm,il,42,Konya,Konya,,"Bu ilde il genel meclisi seçimi yapılmadı (büyükşehir, 6360 sayılı Kanun)."
2014yerel_igm,yerel,igm,il,44,Malatya,Malatya,,"Bu ilde il genel meclisi seçimi yapılmadı (büyükşehir, 6360 sayılı Kanun)."
2014yerel_igm,yerel,igm,il,45,Manisa,Manisa,,"Bu ilde il genel meclisi seçimi yapılmadı (büyükşehir, 6360 sayılı Kanun)."
2014yerel_igm,yerel,igm,il,46,Kahramanmaraş,Kahramanmaraş,,"Bu ilde il genel meclisi seçimi yapılmadı (büyükşehir, 6360 sayılı Kanun)."
2014yerel_igm,yerel,igm,il,47,Mardin,Mardin,,"Bu ilde il genel meclisi seçimi yapılmadı (büyükşehir, 6360 sayılı Kanun)."
2014yerel_igm,yerel,igm,il,48,Muğla,Muğla,,"Bu ilde il genel meclisi seçimi yapılmadı (büyükşehir, 6360 sayılı Kanun)."
2014yerel_igm,yerel,igm,il,52,Ordu,Ordu,,"Bu ilde il genel meclisi seçimi yapılmadı (büyükşehir, 6360 sayılı Kanun)."
2014yerel_igm,yerel,igm,il,54,Sakarya,Sakarya,,"Bu ilde il genel meclisi seçimi yapılmadı (büyükşehir, 6360 sayılı Kanun)."
2014yerel_igm,yerel,igm,il,55,Samsun,Samsun,,"Bu ilde il genel meclisi seçimi yapılmadı (büyükşehir, 6360 sayılı Kanun)."
2014yerel_igm,yerel,igm,il,59,Tekirdağ,Tekirdağ,,"Bu ilde il genel meclisi seçimi yapılmadı (büyükşehir, 6360 sayılı Kanun)."
2014yerel_igm,yerel,igm,il,61,Trabzon,Trabzon,,"Bu ilde il genel meclisi seçimi yapılmadı (büyükşehir, 6360 sayılı Kanun)."
2014yerel_igm,yerel,igm,il,63,Şanlıurfa,Şanlıurfa,,"Bu ilde il genel meclisi seçimi yapılmadı (büyükşehir, 6360 sayılı Kanun)."
2014yerel_igm,yerel,igm,il,65,Van,Van,,"Bu ilde il genel meclisi seçimi yapılmadı (büyükşehir, 6360 sayılı Kanun)."
2014yerel_igm,yerel,igm,ilce,8,Artvin,Kemalpaşa,TR-D-08-006,ilçe satırında sonuç yok
2014yerel_igm,yerel,igm,ilce,17,Çanakkale,Bozcaada,TR-D-17-004,YSK açık verisinde bu ilçede il genel meclisi sandığı yok (seçim yapılmadı).
2014yerel_igm,yerel,igm,ilce,17,Çanakkale,Gökçeada,TR-D-17-010,YSK açık verisinde bu ilçede il genel meclisi sandığı yok (seçim yapılmadı).
2014yerel_igm,yerel,igm,ilce,30,Hakkari,Derecik,TR-D-30-005,ilçe satırında sonuç yok
2014yerel_igm,yerel,igm,ilce,68,Aksaray,Sultanhanı,TR-D-68-008,ilçe satırında sonuç yok
2019yerel_igm,yerel,igm,il,1,Adana,Adana,,"Bu ilde il genel meclisi seçimi yapılmadı (büyükşehir, 6360 sayılı Kanun)."
2019yerel_igm,yerel,igm,il,6,Ankara,Ankara,,"Bu ilde il genel meclisi seçimi yapılmadı (büyükşehir, 6360 sayılı Kanun)."
2019yerel_igm,yerel,igm,il,7,Antalya,Antalya,,"Bu ilde il genel meclisi seçimi yapılmadı (büyükşehir, 6360 sayılı Kanun)."
2019yerel_igm,yerel,igm,il,9,Aydın,Aydın,,"Bu ilde il genel meclisi seçimi yapılmadı (büyükşehir, 6360 sayılı Kanun)."
2019yerel_igm,yerel,igm,il,10,Balıkesir,Balıkesir,,"Bu ilde il genel meclisi seçimi yapılmadı (büyükşehir, 6360 sayılı Kanun)."
2019yerel_igm,yerel,igm,il,16,Bursa,Bursa,,"Bu ilde il genel meclisi seçimi yapılmadı (büyükşehir, 6360 sayılı Kanun)."
2019yerel_igm,yerel,igm,il,20,Denizli,Denizli,,"Bu ilde il genel meclisi seçimi yapılmadı (büyükşehir, 6360 sayılı Kanun)."
2019yerel_igm,yerel,igm,il,21,Diyarbakır,Diyarbakır,,"Bu ilde il genel meclisi seçimi yapılmadı (büyükşehir, 6360 sayılı Kanun)."
2019yerel_igm,yerel,igm,il,25,Erzurum,Erzurum,,"Bu ilde il genel meclisi seçimi yapılmadı (büyükşehir, 6360 sayılı Kanun)."
2019yerel_igm,yerel,igm,il,26,Eskişehir,Eskişehir,,"Bu ilde il genel meclisi seçimi yapılmadı (büyükşehir, 6360 sayılı Kanun)."
2019yerel_igm,yerel,igm,il,27,Gaziantep,Gaziantep,,"Bu ilde il genel meclisi seçimi yapılmadı (büyükşehir, 6360 sayılı Kanun)."
2019yerel_igm,yerel,igm,il,31,Hatay,Hatay,,"Bu ilde il genel meclisi seçimi yapılmadı (büyükşehir, 6360 sayılı Kanun)."
2019yerel_igm,yerel,igm,il,33,Mersin,Mersin,,"Bu ilde il genel meclisi seçimi yapılmadı (büyükşehir, 6360 sayılı Kanun)."
2019yerel_igm,yerel,igm,il,34,İstanbul,İstanbul,,"Bu ilde il genel meclisi seçimi yapılmadı (büyükşehir, 6360 sayılı Kanun)."
2019yerel_igm,yerel,igm,il,35,İzmir,İzmir,,"Bu ilde il genel meclisi seçimi yapılmadı (büyükşehir, 6360 sayılı Kanun)."
2019yerel_igm,yerel,igm,il,38,Kayseri,Kayseri,,"Bu ilde il genel meclisi seçimi yapılmadı (büyükşehir, 6360 sayılı Kanun)."
2019yerel_igm,yerel,igm,il,41,Kocaeli,Kocaeli,,"Bu ilde il genel meclisi seçimi yapılmadı (büyükşehir, 6360 sayılı Kanun)."
2019yerel_igm,yerel,igm,il,42,Konya,Konya,,"Bu ilde il genel meclisi seçimi yapılmadı (büyükşehir, 6360 sayılı Kanun)."
2019yerel_igm,yerel,igm,il,44,Malatya,Malatya,,"Bu ilde il genel meclisi seçimi yapılmadı (büyükşehir, 6360 sayılı Kanun)."
2019yerel_igm,yerel,igm,il,45,Manisa,Manisa,,"Bu ilde il genel meclisi seçimi yapılmadı (büyükşehir, 6360 sayılı Kanun)."
2019yerel_igm,yerel,igm,il,46,Kahramanmaraş,Kahramanmaraş,,"Bu ilde il genel meclisi seçimi yapılmadı (büyükşehir, 6360 sayılı Kanun)."
2019yerel_igm,yerel,igm,il,47,Mardin,Mardin,,"Bu ilde il genel meclisi seçimi yapılmadı (büyükşehir, 6360 sayılı Kanun)."
2019yerel_igm,yerel,igm,il,48,Muğla,Muğla,,"Bu ilde il genel meclisi seçimi yapılmadı (büyükşehir, 6360 sayılı Kanun)."
2019yerel_igm,yerel,igm,il,52,Ordu,Ordu,,"Bu ilde il genel meclisi seçimi yapılmadı (büyükşehir, 6360 sayılı Kanun)."
2019yerel_igm,yerel,igm,il,54,Sakarya,Sakarya,,"Bu ilde il genel meclisi seçimi yapılmadı (büyükşehir, 6360 sayılı Kanun)."
2019yerel_igm,yerel,igm,il,55,Samsun,Samsun,,"Bu ilde il genel meclisi seçimi yapılmadı (büyükşehir, 6360 sayılı Kanun)."
2019yerel_igm,yerel,igm,il,59,Tekirdağ,Tekirdağ,,"Bu ilde il genel meclisi seçimi yapılmadı (büyükşehir, 6360 sayılı Kanun)."
2019yerel_igm,yerel,igm,il,61,Trabzon,Trabzon,,"Bu ilde il genel meclisi seçimi yapılmadı (büyükşehir, 6360 sayılı Kanun)."
2019yerel_igm,yerel,igm,il,63,Şanlıurfa,Şanlıurfa,,"Bu ilde il genel meclisi seçimi yapılmadı (büyükşehir, 6360 sayılı Kanun)."
2019yerel_igm,yerel,igm,il,65,Van,Van,,"Bu ilde il genel meclisi seçimi yapılmadı (büyükşehir, 6360 sayılı Kanun)."
2019yerel_igm,yerel,igm,ilce,17,Çanakkale,Bozcaada,TR-D-17-004,YSK açık verisinde bu ilçede il genel meclisi sandığı yok (seçim yapılmadı).
2019yerel_igm,yerel,igm,ilce,17,Çanakkale,Gökçeada,TR-D-17-010,YSK açık verisinde bu ilçede il genel meclisi sandığı yok (seçim yapılmadı).
2024yerel_igm,yerel,igm,il,1,Adana,Adana,,"Bu ilde il genel meclisi seçimi yapılmadı (büyükşehir, 6360 sayılı Kanun)."
2024yerel_igm,yerel,igm,il,6,Ankara,Ankara,,"Bu ilde il genel meclisi seçimi yapılmadı (büyükşehir, 6360 sayılı Kanun)."
2024yerel_igm,yerel,igm,il,7,Antalya,Antalya,,"Bu ilde il genel meclisi seçimi yapılmadı (büyükşehir, 6360 sayılı Kanun)."
2024yerel_igm,yerel,igm,il,9,Aydın,Aydın,,"Bu ilde il genel meclisi seçimi yapılmadı (büyükşehir, 6360 sayılı Kanun)."
2024yerel_igm,yerel,igm,il,10,Balıkesir,Balıkesir,,"Bu ilde il genel meclisi seçimi yapılmadı (büyükşehir, 6360 sayılı Kanun)."
2024yerel_igm,yerel,igm,il,16,Bursa,Bursa,,"Bu ilde il genel meclisi seçimi yapılmadı (büyükşehir, 6360 sayılı Kanun)."
2024yerel_igm,yerel,igm,il,20,Denizli,Denizli,,"Bu ilde il genel meclisi seçimi yapılmadı (büyükşehir, 6360 sayılı Kanun)."
2024yerel_igm,yerel,igm,il,21,Diyarbakır,Diyarbakır,,"Bu ilde il genel meclisi seçimi yapılmadı (büyükşehir, 6360 sayılı Kanun)."
2024yerel_igm,yerel,igm,il,25,Erzurum,Erzurum,,"Bu ilde il genel meclisi seçimi yapılmadı (büyükşehir, 6360 sayılı Kanun)."
2024yerel_igm,yerel,igm,il,26,Eskişehir,Eskişehir,,"Bu ilde il genel meclisi seçimi yapılmadı (büyükşehir, 6360 sayılı Kanun)."
2024yerel_igm,yerel,igm,il,27,Gaziantep,Gaziantep,,"Bu ilde il genel meclisi seçimi yapılmadı (büyükşehir, 6360 sayılı Kanun)."
2024yerel_igm,yerel,igm,il,31,Hatay,Hatay,,"Bu ilde il genel meclisi seçimi yapılmadı (büyükşehir, 6360 sayılı Kanun)."
2024yerel_igm,yerel,igm,il,33,Mersin,Mersin,,"Bu ilde il genel meclisi seçimi yapılmadı (büyükşehir, 6360 sayılı Kanun)."
2024yerel_igm,yerel,igm,il,34,İstanbul,İstanbul,,"Bu ilde il genel meclisi seçimi yapılmadı (büyükşehir, 6360 sayılı Kanun)."
2024yerel_igm,yerel,igm,il,35,İzmir,İzmir,,"Bu ilde il genel meclisi seçimi yapılmadı (büyükşehir, 6360 sayılı Kanun)."
2024yerel_igm,yerel,igm,il,38,Kayseri,Kayseri,,"Bu ilde il genel meclisi seçimi yapılmadı (büyükşehir, 6360 sayılı Kanun)."
2024yerel_igm,yerel,igm,il,41,Kocaeli,Kocaeli,,"Bu ilde il genel meclisi seçimi yapılmadı (büyükşehir, 6360 sayılı Kanun)."
2024yerel_igm,yerel,igm,il,42,Konya,Konya,,"Bu ilde il genel meclisi seçimi yapılmadı (büyükşehir, 6360 sayılı Kanun)."
2024yerel_igm,yerel,igm,il,44,Malatya,Malatya,,"Bu ilde il genel meclisi seçimi yapılmadı (büyükşehir, 6360 sayılı Kanun)."
2024yerel_igm,yerel,igm,il,45,Manisa,Manisa,,"Bu ilde il genel meclisi seçimi yapılmadı (büyükşehir, 6360 sayılı Kanun)."
2024yerel_igm,yerel,igm,il,46,Kahramanmaraş,Kahramanmaraş,,"Bu ilde il genel meclisi seçimi yapılmadı (büyükşehir, 6360 sayılı Kanun)."
2024yerel_igm,yerel,igm,il,47,Mardin,Mardin,,"Bu ilde il genel meclisi seçimi yapılmadı (büyükşehir, 6360 sayılı Kanun)."
2024yerel_igm,yerel,igm,il,48,Muğla,Muğla,,"Bu ilde il genel meclisi seçimi yapılmadı (büyükşehir, 6360 sayılı Kanun)."
2024yerel_igm,yerel,igm,il,52,Ordu,Ordu,,"Bu ilde il genel meclisi seçimi yapılmadı (büyükşehir, 6360 sayılı Kanun)."
2024yerel_igm,yerel,igm,il,54,Sakarya,Sakarya,,"Bu ilde il genel meclisi seçimi yapılmadı (büyükşehir, 6360 sayılı Kanun)."
2024yerel_igm,yerel,igm,il,55,Samsun,Samsun,,"Bu ilde il genel meclisi seçimi yapılmadı (büyükşehir, 6360 sayılı Kanun)."
2024yerel_igm,yerel,igm,il,59,Tekirdağ,Tekirdağ,,"Bu ilde il genel meclisi seçimi yapılmadı (büyükşehir, 6360 sayılı Kanun)."
2024yerel_igm,yerel,igm,il,61,Trabzon,Trabzon,,"Bu ilde il genel meclisi seçimi yapılmadı (büyükşehir, 6360 sayılı Kanun)."
2024yerel_igm,yerel,igm,il,63,Şanlıurfa,Şanlıurfa,,"Bu ilde il genel meclisi seçimi yapılmadı (büyükşehir, 6360 sayılı Kanun)."
2024yerel_igm,yerel,igm,il,65,Van,Van,,"Bu ilde il genel meclisi seçimi yapılmadı (büyükşehir, 6360 sayılı Kanun)."
2024yerel_igm,yerel,igm,ilce,17,Çanakkale,Bozcaada,TR-D-17-004,YSK açık verisinde bu ilçede il genel meclisi sandığı yok (seçim yapılmadı).
2024yerel_igm,yerel,igm,ilce,17,Çanakkale,Gökçeada,TR-D-17-010,YSK açık verisinde bu ilçede il genel meclisi sandığı yok (seçim yapılmadı).
