secim,oylama,plaka,il,birim,sonuclu,eksik,durum
1950yerel,Belediye başkanlığı,1,Adana,8,0,8,hiç yok
1950yerel,Belediye başkanlığı,3,Afyonkarahisar,7,0,7,hiç yok
1950yerel,Belediye başkanlığı,4,Ağrı,5,5,0,tam
1950yerel,Belediye başkanlığı,5,Amasya,3,0,3,hiç yok
1950yerel,Belediye başkanlığı,6,Ankara,14,0,14,hiç yok
1950yerel,Belediye başkanlığı,7,Antalya,11,0,11,hiç yok
1950yerel,Belediye başkanlığı,8,Artvin,7,0,7,hiç yok
1950yerel,Belediye başkanlığı,9,Aydın,8,0,8,hiç yok
1950yerel,Belediye başkanlığı,10,Balıkesir,14,0,14,hiç yok
1950yerel,Belediye başkanlığı,11,Bilecik,5,0,5,hiç yok
1950yerel,Belediye başkanlığı,12,Bingöl,5,0,5,hiç yok
1950yerel,Belediye başkanlığı,13,Bitlis,5,0,5,hiç yok
1950yerel,Belediye başkanlığı,14,Bolu,8,0,8,hiç yok
1950yerel,Belediye başkanlığı,15,Burdur,4,0,4,hiç yok
1950yerel,Belediye başkanlığı,16,Bursa,10,0,10,hiç yok
1950yerel,Belediye başkanlığı,17,Çanakkale,12,0,12,hiç yok
1950yerel,Belediye başkanlığı,18,Çankırı,6,0,6,hiç yok
1950yerel,Belediye başkanlığı,19,Çorum,6,0,6,hiç yok
1950yerel,Belediye başkanlığı,20,Denizli,8,0,8,hiç yok
1950yerel,Belediye başkanlığı,21,Diyarbakır,9,0,9,hiç yok
1950yerel,Belediye başkanlığı,22,Edirne,6,0,6,hiç yok
1950yerel,Belediye başkanlığı,23,Elazığ,7,0,7,hiç yok
1950yerel,Belediye başkanlığı,24,Erzincan,6,0,6,hiç yok
1950yerel,Belediye başkanlığı,25,Erzurum,10,0,10,hiç yok
1950yerel,Belediye başkanlığı,26,Eskişehir,4,0,4,hiç yok
1950yerel,Belediye başkanlığı,27,Gaziantep,5,0,5,hiç yok
1950yerel,Belediye başkanlığı,28,Giresun,7,0,7,hiç yok
1950yerel,Belediye başkanlığı,29,Gümüşhane,5,0,5,hiç yok
1950yerel,Belediye başkanlığı,30,Hakkari,4,0,4,hiç yok
1950yerel,Belediye başkanlığı,31,Hatay,9,0,9,hiç yok
1950yerel,Belediye başkanlığı,32,Isparta,7,0,7,hiç yok
1950yerel,Belediye başkanlığı,33,Mersin,6,0,6,hiç yok
1950yerel,Belediye başkanlığı,34,İstanbul,16,0,16,hiç yok
1950yerel,Belediye başkanlığı,35,İzmir,17,0,17,hiç yok
1950yerel,Belediye başkanlığı,36,Kars,10,0,10,hiç yok
1950yerel,Belediye başkanlığı,37,Kastamonu,12,0,12,hiç yok
1950yerel,Belediye başkanlığı,38,Kayseri,8,0,8,hiç yok
1950yerel,Belediye başkanlığı,39,Kırklareli,5,0,5,hiç yok
1950yerel,Belediye başkanlığı,40,Kırşehir,6,0,6,hiç yok
1950yerel,Belediye başkanlığı,41,Kocaeli,10,0,10,hiç yok
1950yerel,Belediye başkanlığı,42,Konya,14,0,14,hiç yok
1950yerel,Belediye başkanlığı,43,Kütahya,7,0,7,hiç yok
1950yerel,Belediye başkanlığı,44,Malatya,10,0,10,hiç yok
1950yerel,Belediye başkanlığı,45,Manisa,11,0,11,hiç yok
1950yerel,Belediye başkanlığı,46,Kahramanmaraş,6,0,6,hiç yok
1950yerel,Belediye başkanlığı,47,Mardin,10,0,10,hiç yok
1950yerel,Belediye başkanlığı,48,Muğla,8,0,8,hiç yok
1950yerel,Belediye başkanlığı,49,Muş,4,0,4,hiç yok
1950yerel,Belediye başkanlığı,51,Niğde,7,0,7,hiç yok
1950yerel,Belediye başkanlığı,52,Ordu,6,0,6,hiç yok
1950yerel,Belediye başkanlığı,53,Rize,4,0,4,hiç yok
1950yerel,Belediye başkanlığı,55,Samsun,9,0,9,hiç yok
1950yerel,Belediye başkanlığı,56,Siirt,9,0,9,hiç yok
1950yerel,Belediye başkanlığı,57,Sinop,4,0,4,hiç yok
1950yerel,Belediye başkanlığı,58,Sivas,11,0,11,hiç yok
1950yerel,Belediye başkanlığı,59,Tekirdağ,6,0,6,hiç yok
1950yerel,Belediye başkanlığı,60,Tokat,8,0,8,hiç yok
1950yerel,Belediye başkanlığı,61,Trabzon,7,0,7,hiç yok
1950yerel,Belediye başkanlığı,62,Tunceli,8,0,8,hiç yok
1950yerel,Belediye başkanlığı,63,Şanlıurfa,8,0,8,hiç yok
1950yerel,Belediye başkanlığı,65,Van,8,0,8,hiç yok
1950yerel,Belediye başkanlığı,66,Yozgat,7,0,7,hiç yok
1950yerel,Belediye başkanlığı,67,Zonguldak,9,0,9,hiç yok
1955yerel,Belediye başkanlığı,1,Adana,9,0,9,hiç yok
1955yerel,Belediye başkanlığı,3,Afyonkarahisar,8,0,8,hiç yok
1955yerel,Belediye başkanlığı,4,Ağrı,6,0,6,hiç yok
1955yerel,Belediye başkanlığı,5,Amasya,5,0,5,hiç yok
1955yerel,Belediye başkanlığı,6,Ankara,17,0,17,hiç yok
1955yerel,Belediye başkanlığı,7,Antalya,11,0,11,hiç yok
1955yerel,Belediye başkanlığı,8,Artvin,7,0,7,hiç yok
1955yerel,Belediye başkanlığı,9,Aydın,9,0,9,hiç yok
1955yerel,Belediye başkanlığı,10,Balıkesir,16,0,16,hiç yok
1955yerel,Belediye başkanlığı,11,Bilecik,6,0,6,hiç yok
1955yerel,Belediye başkanlığı,12,Bingöl,4,0,4,hiç yok
1955yerel,Belediye başkanlığı,13,Bitlis,6,0,6,hiç yok
1955yerel,Belediye başkanlığı,14,Bolu,9,0,9,hiç yok
1955yerel,Belediye başkanlığı,15,Burdur,4,0,4,hiç yok
1955yerel,Belediye başkanlığı,16,Bursa,11,0,11,hiç yok
1955yerel,Belediye başkanlığı,17,Çanakkale,11,0,11,hiç yok
1955yerel,Belediye başkanlığı,18,Çankırı,6,0,6,hiç yok
1955yerel,Belediye başkanlığı,19,Çorum,7,0,7,hiç yok
1955yerel,Belediye başkanlığı,20,Denizli,9,0,9,hiç yok
1955yerel,Belediye başkanlığı,21,Diyarbakır,10,0,10,hiç yok
1955yerel,Belediye başkanlığı,22,Edirne,8,0,8,hiç yok
1955yerel,Belediye başkanlığı,23,Elazığ,8,0,8,hiç yok
1955yerel,Belediye başkanlığı,24,Erzincan,7,0,7,hiç yok
1955yerel,Belediye başkanlığı,25,Erzurum,12,0,12,hiç yok
1955yerel,Belediye başkanlığı,26,Eskişehir,6,0,6,hiç yok
1955yerel,Belediye başkanlığı,27,Gaziantep,5,0,5,hiç yok
1955yerel,Belediye başkanlığı,28,Giresun,6,0,6,hiç yok
1955yerel,Belediye başkanlığı,29,Gümüşhane,5,0,5,hiç yok
1955yerel,Belediye başkanlığı,30,Hakkari,5,0,5,hiç yok
1955yerel,Belediye başkanlığı,31,Hatay,9,0,9,hiç yok
1955yerel,Belediye başkanlığı,32,Isparta,9,0,9,hiç yok
1955yerel,Belediye başkanlığı,33,Mersin,7,0,7,hiç yok
1955yerel,Belediye başkanlığı,34,İstanbul,17,0,17,hiç yok
1955yerel,Belediye başkanlığı,35,İzmir,17,0,17,hiç yok
1955yerel,Belediye başkanlığı,36,Kars,11,0,11,hiç yok
1955yerel,Belediye başkanlığı,37,Kastamonu,12,0,12,hiç yok
1955yerel,Belediye başkanlığı,38,Kayseri,9,0,9,hiç yok
1955yerel,Belediye başkanlığı,39,Kırklareli,6,0,6,hiç yok
1955yerel,Belediye başkanlığı,41,Kocaeli,5,0,5,hiç yok
1955yerel,Belediye başkanlığı,42,Konya,15,0,15,hiç yok
1955yerel,Belediye başkanlığı,43,Kütahya,6,0,6,hiç yok
1955yerel,Belediye başkanlığı,44,Malatya,8,0,8,hiç yok
1955yerel,Belediye başkanlığı,45,Manisa,11,0,11,hiç yok
1955yerel,Belediye başkanlığı,46,Kahramanmaraş,5,0,5,hiç yok
1955yerel,Belediye başkanlığı,47,Mardin,11,0,11,hiç yok
1955yerel,Belediye başkanlığı,48,Muğla,9,0,9,hiç yok
1955yerel,Belediye başkanlığı,49,Muş,4,0,4,hiç yok
1955yerel,Belediye başkanlığı,51,Niğde,5,0,5,hiç yok
1955yerel,Belediye başkanlığı,52,Ordu,6,0,6,hiç yok
1955yerel,Belediye başkanlığı,53,Rize,6,0,6,hiç yok
1955yerel,Belediye başkanlığı,55,Samsun,8,0,8,hiç yok
1955yerel,Belediye başkanlığı,56,Siirt,11,0,11,hiç yok
1955yerel,Belediye başkanlığı,57,Sinop,5,0,5,hiç yok
1955yerel,Belediye başkanlığı,58,Sivas,11,0,11,hiç yok
1955yerel,Belediye başkanlığı,59,Tekirdağ,5,0,5,hiç yok
1955yerel,Belediye başkanlığı,60,Tokat,8,0,8,hiç yok
1955yerel,Belediye başkanlığı,61,Trabzon,9,0,9,hiç yok
1955yerel,Belediye başkanlığı,62,Tunceli,8,0,8,hiç yok
1955yerel,Belediye başkanlığı,63,Şanlıurfa,8,0,8,hiç yok
1955yerel,Belediye başkanlığı,64,Uşak,6,0,6,hiç yok
1955yerel,Belediye başkanlığı,65,Van,8,0,8,hiç yok
1955yerel,Belediye başkanlığı,66,Yozgat,8,0,8,hiç yok
1955yerel,Belediye başkanlığı,67,Zonguldak,14,0,14,hiç yok
1984yerel_bm,Belediye meclisi,1,Adana,14,9,5,kısmi
1984yerel_bm,Belediye meclisi,2,Adıyaman,7,6,1,kısmi
1984yerel_bm,Belediye meclisi,3,Afyonkarahisar,11,6,5,kısmi
1984yerel_bm,Belediye meclisi,4,Ağrı,8,5,3,kısmi
1984yerel_bm,Belediye meclisi,5,Amasya,6,1,5,kısmi
1984yerel_bm,Belediye meclisi,6,Ankara,24,13,11,kısmi
1984yerel_bm,Belediye meclisi,7,Antalya,12,6,6,kısmi
1984yerel_bm,Belediye meclisi,8,Artvin,7,2,5,kısmi
1984yerel_bm,Belediye meclisi,9,Aydın,12,9,3,kısmi
1984yerel_bm,Belediye meclisi,10,Balıkesir,17,14,3,kısmi
1984yerel_bm,Belediye meclisi,11,Bilecik,6,3,3,kısmi
1984yerel_bm,Belediye meclisi,12,Bingöl,5,3,2,kısmi
1984yerel_bm,Belediye meclisi,13,Bitlis,6,3,3,kısmi
1984yerel_bm,Belediye meclisi,14,Bolu,10,7,3,kısmi
1984yerel_bm,Belediye meclisi,15,Burdur,6,4,2,kısmi
1984yerel_bm,Belediye meclisi,16,Bursa,11,6,5,kısmi
1984yerel_bm,Belediye meclisi,17,Çanakkale,12,5,7,kısmi
1984yerel_bm,Belediye meclisi,18,Çankırı,10,6,4,kısmi
1984yerel_bm,Belediye meclisi,19,Çorum,9,7,2,kısmi
1984yerel_bm,Belediye meclisi,20,Denizli,11,1,10,kısmi
1984yerel_bm,Belediye meclisi,21,Diyarbakır,12,6,6,kısmi
1984yerel_bm,Belediye meclisi,22,Edirne,8,5,3,kısmi
1984yerel_bm,Belediye meclisi,23,Elazığ,8,3,5,kısmi
1984yerel_bm,Belediye meclisi,24,Erzincan,7,3,4,kısmi
1984yerel_bm,Belediye meclisi,25,Erzurum,14,4,10,kısmi
1984yerel_bm,Belediye meclisi,26,Eskişehir,7,4,3,kısmi
1984yerel_bm,Belediye meclisi,27,Gaziantep,7,4,3,kısmi
1984yerel_bm,Belediye meclisi,28,Giresun,10,4,6,kısmi
1984yerel_bm,Belediye meclisi,29,Gümüşhane,5,2,3,kısmi
1984yerel_bm,Belediye meclisi,30,Hakkari,6,5,1,kısmi
1984yerel_bm,Belediye meclisi,31,Hatay,9,4,5,kısmi
1984yerel_bm,Belediye meclisi,32,Isparta,10,6,4,kısmi
1984yerel_bm,Belediye meclisi,33,Mersin,7,1,6,kısmi
1984yerel_bm,Belediye meclisi,34,İstanbul,18,15,3,kısmi
1984yerel_bm,Belediye meclisi,35,İzmir,20,4,16,kısmi
1984yerel_bm,Belediye meclisi,36,Kars,15,7,8,kısmi
1984yerel_bm,Belediye meclisi,37,Kastamonu,13,6,7,kısmi
1984yerel_bm,Belediye meclisi,38,Kayseri,11,9,2,kısmi
1984yerel_bm,Belediye meclisi,39,Kırklareli,8,5,3,kısmi
1984yerel_bm,Belediye meclisi,40,Kırşehir,4,3,1,kısmi
1984yerel_bm,Belediye meclisi,41,Kocaeli,5,3,2,kısmi
1984yerel_bm,Belediye meclisi,42,Konya,18,7,11,kısmi
1984yerel_bm,Belediye meclisi,43,Kütahya,7,4,3,kısmi
1984yerel_bm,Belediye meclisi,44,Malatya,9,6,3,kısmi
1984yerel_bm,Belediye meclisi,45,Manisa,13,10,3,kısmi
1984yerel_bm,Belediye meclisi,46,Kahramanmaraş,7,0,7,hiç yok
1984yerel_bm,Belediye meclisi,47,Mardin,12,2,10,kısmi
1984yerel_bm,Belediye meclisi,48,Muğla,10,3,7,kısmi
1984yerel_bm,Belediye meclisi,49,Muş,4,0,4,hiç yok
1984yerel_bm,Belediye meclisi,50,Nevşehir,7,3,4,kısmi
1984yerel_bm,Belediye meclisi,51,Niğde,6,2,4,kısmi
1984yerel_bm,Belediye meclisi,52,Ordu,11,8,3,kısmi
1984yerel_bm,Belediye meclisi,53,Rize,8,5,3,kısmi
1984yerel_bm,Belediye meclisi,54,Sakarya,7,3,4,kısmi
1984yerel_bm,Belediye meclisi,55,Samsun,9,5,4,kısmi
1984yerel_bm,Belediye meclisi,56,Siirt,11,9,2,kısmi
1984yerel_bm,Belediye meclisi,57,Sinop,7,2,5,kısmi
1984yerel_bm,Belediye meclisi,58,Sivas,12,7,5,kısmi
1984yerel_bm,Belediye meclisi,59,Tekirdağ,8,5,3,kısmi
1984yerel_bm,Belediye meclisi,60,Tokat,8,3,5,kısmi
1984yerel_bm,Belediye meclisi,61,Trabzon,11,4,7,kısmi
1984yerel_bm,Belediye meclisi,62,Tunceli,8,4,4,kısmi
1984yerel_bm,Belediye meclisi,63,Şanlıurfa,10,6,4,kısmi
1984yerel_bm,Belediye meclisi,64,Uşak,6,4,2,kısmi
1984yerel_bm,Belediye meclisi,65,Van,8,5,3,kısmi
1984yerel_bm,Belediye meclisi,66,Yozgat,9,5,4,kısmi
1984yerel_bm,Belediye meclisi,67,Zonguldak,10,4,6,kısmi
1984yerel_igm,İl genel meclisi,1,Adana,14,11,3,kısmi
1984yerel_igm,İl genel meclisi,2,Adıyaman,7,5,2,kısmi
1984yerel_igm,İl genel meclisi,3,Afyonkarahisar,11,7,4,kısmi
1984yerel_igm,İl genel meclisi,4,Ağrı,8,5,3,kısmi
1984yerel_igm,İl genel meclisi,5,Amasya,6,5,1,kısmi
1984yerel_igm,İl genel meclisi,6,Ankara,24,6,18,kısmi
1984yerel_igm,İl genel meclisi,7,Antalya,12,6,6,kısmi
1984yerel_igm,İl genel meclisi,8,Artvin,7,1,6,kısmi
1984yerel_igm,İl genel meclisi,9,Aydın,12,6,6,kısmi
1984yerel_igm,İl genel meclisi,10,Balıkesir,17,13,4,kısmi
1984yerel_igm,İl genel meclisi,11,Bilecik,6,4,2,kısmi
1984yerel_igm,İl genel meclisi,12,Bingöl,5,3,2,kısmi
1984yerel_igm,İl genel meclisi,13,Bitlis,6,2,4,kısmi
1984yerel_igm,İl genel meclisi,14,Bolu,10,4,6,kısmi
1984yerel_igm,İl genel meclisi,15,Burdur,6,3,3,kısmi
1984yerel_igm,İl genel meclisi,16,Bursa,11,6,5,kısmi
1984yerel_igm,İl genel meclisi,17,Çanakkale,12,8,4,kısmi
1984yerel_igm,İl genel meclisi,18,Çankırı,10,1,9,kısmi
1984yerel_igm,İl genel meclisi,19,Çorum,9,5,4,kısmi
1984yerel_igm,İl genel meclisi,20,Denizli,11,7,4,kısmi
1984yerel_igm,İl genel meclisi,21,Diyarbakır,12,6,6,kısmi
1984yerel_igm,İl genel meclisi,22,Edirne,8,5,3,kısmi
1984yerel_igm,İl genel meclisi,23,Elazığ,8,4,4,kısmi
1984yerel_igm,İl genel meclisi,24,Erzincan,7,4,3,kısmi
1984yerel_igm,İl genel meclisi,25,Erzurum,14,10,4,kısmi
1984yerel_igm,İl genel meclisi,26,Eskişehir,7,3,4,kısmi
1984yerel_igm,İl genel meclisi,27,Gaziantep,7,4,3,kısmi
1984yerel_igm,İl genel meclisi,28,Giresun,10,5,5,kısmi
1984yerel_igm,İl genel meclisi,29,Gümüşhane,5,3,2,kısmi
1984yerel_igm,İl genel meclisi,30,Hakkari,6,4,2,kısmi
1984yerel_igm,İl genel meclisi,31,Hatay,9,8,1,kısmi
1984yerel_igm,İl genel meclisi,32,Isparta,10,6,4,kısmi
1984yerel_igm,İl genel meclisi,33,Mersin,7,4,3,kısmi
1984yerel_igm,İl genel meclisi,34,İstanbul,18,8,10,kısmi
1984yerel_igm,İl genel meclisi,35,İzmir,20,9,11,kısmi
1984yerel_igm,İl genel meclisi,36,Kars,15,9,6,kısmi
1984yerel_igm,İl genel meclisi,37,Kastamonu,13,8,5,kısmi
1984yerel_igm,İl genel meclisi,38,Kayseri,11,6,5,kısmi
1984yerel_igm,İl genel meclisi,39,Kırklareli,8,5,3,kısmi
1984yerel_igm,İl genel meclisi,40,Kırşehir,4,1,3,kısmi
1984yerel_igm,İl genel meclisi,41,Kocaeli,5,4,1,kısmi
1984yerel_igm,İl genel meclisi,42,Konya,18,9,9,kısmi
1984yerel_igm,İl genel meclisi,43,Kütahya,7,4,3,kısmi
1984yerel_igm,İl genel meclisi,44,Malatya,9,1,8,kısmi
1984yerel_igm,İl genel meclisi,45,Manisa,13,8,5,kısmi
1984yerel_igm,İl genel meclisi,46,Kahramanmaraş,7,3,4,kısmi
1984yerel_igm,İl genel meclisi,47,Mardin,12,4,8,kısmi
1984yerel_igm,İl genel meclisi,48,Muğla,10,5,5,kısmi
1984yerel_igm,İl genel meclisi,49,Muş,4,3,1,kısmi
1984yerel_igm,İl genel meclisi,50,Nevşehir,7,2,5,kısmi
1984yerel_igm,İl genel meclisi,51,Niğde,6,4,2,kısmi
1984yerel_igm,İl genel meclisi,52,Ordu,11,6,5,kısmi
1984yerel_igm,İl genel meclisi,53,Rize,8,2,6,kısmi
1984yerel_igm,İl genel meclisi,54,Sakarya,7,7,0,tam
1984yerel_igm,İl genel meclisi,55,Samsun,9,6,3,kısmi
1984yerel_igm,İl genel meclisi,56,Siirt,11,8,3,kısmi
1984yerel_igm,İl genel meclisi,57,Sinop,7,5,2,kısmi
1984yerel_igm,İl genel meclisi,58,Sivas,12,9,3,kısmi
1984yerel_igm,İl genel meclisi,59,Tekirdağ,8,7,1,kısmi
1984yerel_igm,İl genel meclisi,60,Tokat,8,6,2,kısmi
1984yerel_igm,İl genel meclisi,61,Trabzon,11,9,2,kısmi
1984yerel_igm,İl genel meclisi,62,Tunceli,8,3,5,kısmi
1984yerel_igm,İl genel meclisi,63,Şanlıurfa,10,6,4,kısmi
1984yerel_igm,İl genel meclisi,64,Uşak,6,3,3,kısmi
1984yerel_igm,İl genel meclisi,65,Van,8,7,1,kısmi
1984yerel_igm,İl genel meclisi,66,Yozgat,9,2,7,kısmi
1984yerel_igm,İl genel meclisi,67,Zonguldak,10,6,4,kısmi
1989yerel_bm,Belediye meclisi,1,Adana,17,17,0,tam
1989yerel_bm,Belediye meclisi,2,Adıyaman,7,6,1,kısmi
1989yerel_bm,Belediye meclisi,3,Afyonkarahisar,14,14,0,tam
1989yerel_bm,Belediye meclisi,4,Ağrı,8,7,1,kısmi
1989yerel_bm,Belediye meclisi,5,Amasya,6,6,0,tam
1989yerel_bm,Belediye meclisi,6,Ankara,25,25,0,tam
1989yerel_bm,Belediye meclisi,7,Antalya,13,13,0,tam
1989yerel_bm,Belediye meclisi,8,Artvin,8,8,0,tam
1989yerel_bm,Belediye meclisi,9,Aydın,14,14,0,tam
1989yerel_bm,Belediye meclisi,10,Balıkesir,18,18,0,tam
1989yerel_bm,Belediye meclisi,11,Bilecik,7,7,0,tam
1989yerel_bm,Belediye meclisi,12,Bingöl,7,6,1,kısmi
1989yerel_bm,Belediye meclisi,13,Bitlis,7,7,0,tam
1989yerel_bm,Belediye meclisi,14,Bolu,12,12,0,tam
1989yerel_bm,Belediye meclisi,15,Burdur,8,8,0,tam
1989yerel_bm,Belediye meclisi,16,Bursa,15,14,1,kısmi
1989yerel_bm,Belediye meclisi,17,Çanakkale,12,12,0,tam
1989yerel_bm,Belediye meclisi,18,Çankırı,12,12,0,tam
1989yerel_bm,Belediye meclisi,19,Çorum,11,11,0,tam
1989yerel_bm,Belediye meclisi,20,Denizli,15,14,1,kısmi
1989yerel_bm,Belediye meclisi,21,Diyarbakır,13,13,0,tam
1989yerel_bm,Belediye meclisi,22,Edirne,8,8,0,tam
1989yerel_bm,Belediye meclisi,23,Elazığ,10,9,1,kısmi
1989yerel_bm,Belediye meclisi,24,Erzincan,8,8,0,tam
1989yerel_bm,Belediye meclisi,25,Erzurum,16,16,0,tam
1989yerel_bm,Belediye meclisi,26,Eskişehir,10,10,0,tam
1989yerel_bm,Belediye meclisi,27,Gaziantep,8,8,0,tam
1989yerel_bm,Belediye meclisi,28,Giresun,12,12,0,tam
1989yerel_bm,Belediye meclisi,29,Gümüşhane,8,8,0,tam
1989yerel_bm,Belediye meclisi,30,Hakkari,6,6,0,tam
1989yerel_bm,Belediye meclisi,31,Hatay,10,10,0,tam
1989yerel_bm,Belediye meclisi,32,Isparta,11,11,0,tam
1989yerel_bm,Belediye meclisi,33,Mersin,9,9,0,tam
1989yerel_bm,Belediye meclisi,34,İstanbul,23,23,0,tam
1989yerel_bm,Belediye meclisi,35,İzmir,23,23,0,tam
1989yerel_bm,Belediye meclisi,36,Kars,16,16,0,tam
1989yerel_bm,Belediye meclisi,37,Kastamonu,16,16,0,tam
1989yerel_bm,Belediye meclisi,38,Kayseri,14,14,0,tam
1989yerel_bm,Belediye meclisi,39,Kırklareli,8,8,0,tam
1989yerel_bm,Belediye meclisi,40,Kırşehir,5,5,0,tam
1989yerel_bm,Belediye meclisi,41,Kocaeli,6,6,0,tam
1989yerel_bm,Belediye meclisi,42,Konya,26,26,0,tam
1989yerel_bm,Belediye meclisi,43,Kütahya,11,10,1,kısmi
1989yerel_bm,Belediye meclisi,44,Malatya,9,9,0,tam
1989yerel_bm,Belediye meclisi,45,Manisa,15,15,0,tam
1989yerel_bm,Belediye meclisi,46,Kahramanmaraş,8,8,0,tam
1989yerel_bm,Belediye meclisi,47,Mardin,13,13,0,tam
1989yerel_bm,Belediye meclisi,48,Muğla,11,10,1,kısmi
1989yerel_bm,Belediye meclisi,49,Muş,5,5,0,tam
1989yerel_bm,Belediye meclisi,50,Nevşehir,8,8,0,tam
1989yerel_bm,Belediye meclisi,51,Niğde,6,5,1,kısmi
1989yerel_bm,Belediye meclisi,52,Ordu,13,13,0,tam
1989yerel_bm,Belediye meclisi,53,Rize,9,9,0,tam
1989yerel_bm,Belediye meclisi,54,Sakarya,10,10,0,tam
1989yerel_bm,Belediye meclisi,55,Samsun,13,13,0,tam
1989yerel_bm,Belediye meclisi,56,Siirt,11,10,1,kısmi
1989yerel_bm,Belediye meclisi,57,Sinop,7,7,0,tam
1989yerel_bm,Belediye meclisi,58,Sivas,12,12,0,tam
1989yerel_bm,Belediye meclisi,59,Tekirdağ,9,9,0,tam
1989yerel_bm,Belediye meclisi,60,Tokat,10,10,0,tam
1989yerel_bm,Belediye meclisi,61,Trabzon,13,13,0,tam
1989yerel_bm,Belediye meclisi,62,Tunceli,8,8,0,tam
1989yerel_bm,Belediye meclisi,63,Şanlıurfa,11,11,0,tam
1989yerel_bm,Belediye meclisi,64,Uşak,6,6,0,tam
1989yerel_bm,Belediye meclisi,65,Van,10,10,0,tam
1989yerel_bm,Belediye meclisi,66,Yozgat,9,9,0,tam
1989yerel_bm,Belediye meclisi,67,Zonguldak,13,13,0,tam
1994yerel_bm,Belediye meclisi,1,Adana,17,10,7,kısmi
1994yerel_bm,Belediye meclisi,2,Adıyaman,9,9,0,tam
1994yerel_bm,Belediye meclisi,3,Afyonkarahisar,18,18,0,tam
1994yerel_bm,Belediye meclisi,4,Ağrı,8,8,0,tam
1994yerel_bm,Belediye meclisi,5,Amasya,7,7,0,tam
1994yerel_bm,Belediye meclisi,6,Ankara,25,12,13,kısmi
1994yerel_bm,Belediye meclisi,7,Antalya,17,6,11,kısmi
1994yerel_bm,Belediye meclisi,8,Artvin,9,0,9,hiç yok
1994yerel_bm,Belediye meclisi,9,Aydın,17,9,8,kısmi
1994yerel_bm,Belediye meclisi,10,Balıkesir,19,17,2,kısmi
1994yerel_bm,Belediye meclisi,11,Bilecik,8,7,1,kısmi
1994yerel_bm,Belediye meclisi,12,Bingöl,8,5,3,kısmi
1994yerel_bm,Belediye meclisi,13,Bitlis,7,5,2,kısmi
1994yerel_bm,Belediye meclisi,14,Bolu,17,16,1,kısmi
1994yerel_bm,Belediye meclisi,15,Burdur,11,10,1,kısmi
1994yerel_bm,Belediye meclisi,16,Bursa,17,9,8,kısmi
1994yerel_bm,Belediye meclisi,17,Çanakkale,12,12,0,tam
1994yerel_bm,Belediye meclisi,18,Çankırı,14,11,3,kısmi
1994yerel_bm,Belediye meclisi,19,Çorum,14,14,0,tam
1994yerel_bm,Belediye meclisi,20,Denizli,19,17,2,kısmi
1994yerel_bm,Belediye meclisi,21,Diyarbakır,17,5,12,kısmi
1994yerel_bm,Belediye meclisi,22,Edirne,9,9,0,tam
1994yerel_bm,Belediye meclisi,23,Elazığ,11,8,3,kısmi
1994yerel_bm,Belediye meclisi,24,Erzincan,9,8,1,kısmi
1994yerel_bm,Belediye meclisi,25,Erzurum,20,5,15,kısmi
1994yerel_bm,Belediye meclisi,26,Eskişehir,14,6,8,kısmi
1994yerel_bm,Belediye meclisi,27,Gaziantep,10,9,1,kısmi
1994yerel_bm,Belediye meclisi,28,Giresun,16,8,8,kısmi
1994yerel_bm,Belediye meclisi,29,Gümüşhane,6,2,4,kısmi
1994yerel_bm,Belediye meclisi,30,Hakkari,4,0,4,hiç yok
1994yerel_bm,Belediye meclisi,31,Hatay,12,10,2,kısmi
1994yerel_bm,Belediye meclisi,32,Isparta,13,12,1,kısmi
1994yerel_bm,Belediye meclisi,33,Mersin,13,7,6,kısmi
1994yerel_bm,Belediye meclisi,34,İstanbul,32,28,4,kısmi
1994yerel_bm,Belediye meclisi,35,İzmir,28,12,16,kısmi
1994yerel_bm,Belediye meclisi,36,Kars,8,5,3,kısmi
1994yerel_bm,Belediye meclisi,37,Kastamonu,20,20,0,tam
1994yerel_bm,Belediye meclisi,38,Kayseri,16,2,14,kısmi
1994yerel_bm,Belediye meclisi,39,Kırklareli,8,7,1,kısmi
1994yerel_bm,Belediye meclisi,40,Kırşehir,7,7,0,tam
1994yerel_bm,Belediye meclisi,41,Kocaeli,6,3,3,kısmi
1994yerel_bm,Belediye meclisi,42,Konya,31,14,17,kısmi
1994yerel_bm,Belediye meclisi,43,Kütahya,13,10,3,kısmi
1994yerel_bm,Belediye meclisi,44,Malatya,13,11,2,kısmi
1994yerel_bm,Belediye meclisi,45,Manisa,16,9,7,kısmi
1994yerel_bm,Belediye meclisi,46,Kahramanmaraş,10,9,1,kısmi
1994yerel_bm,Belediye meclisi,47,Mardin,10,6,4,kısmi
1994yerel_bm,Belediye meclisi,48,Muğla,12,11,1,kısmi
1994yerel_bm,Belediye meclisi,49,Muş,6,6,0,tam
1994yerel_bm,Belediye meclisi,50,Nevşehir,8,7,1,kısmi
1994yerel_bm,Belediye meclisi,51,Niğde,6,5,1,kısmi
1994yerel_bm,Belediye meclisi,52,Ordu,19,16,3,kısmi
1994yerel_bm,Belediye meclisi,53,Rize,12,12,0,tam
1994yerel_bm,Belediye meclisi,54,Sakarya,16,13,3,kısmi
1994yerel_bm,Belediye meclisi,55,Samsun,17,6,11,kısmi
1994yerel_bm,Belediye meclisi,56,Siirt,7,6,1,kısmi
1994yerel_bm,Belediye meclisi,57,Sinop,9,8,1,kısmi
1994yerel_bm,Belediye meclisi,58,Sivas,17,14,3,kısmi
1994yerel_bm,Belediye meclisi,59,Tekirdağ,10,8,2,kısmi
1994yerel_bm,Belediye meclisi,60,Tokat,12,12,0,tam
1994yerel_bm,Belediye meclisi,61,Trabzon,18,17,1,kısmi
1994yerel_bm,Belediye meclisi,62,Tunceli,8,7,1,kısmi
1994yerel_bm,Belediye meclisi,63,Şanlıurfa,12,4,8,kısmi
1994yerel_bm,Belediye meclisi,64,Uşak,6,6,0,tam
1994yerel_bm,Belediye meclisi,65,Van,12,12,0,tam
1994yerel_bm,Belediye meclisi,66,Yozgat,14,8,6,kısmi
1994yerel_bm,Belediye meclisi,67,Zonguldak,12,9,3,kısmi
1994yerel_bm,Belediye meclisi,68,Aksaray,8,5,3,kısmi
1994yerel_bm,Belediye meclisi,69,Bayburt,3,2,1,kısmi
1994yerel_bm,Belediye meclisi,70,Karaman,6,4,2,kısmi
1994yerel_bm,Belediye meclisi,71,Kırıkkale,9,8,1,kısmi
1994yerel_bm,Belediye meclisi,72,Batman,6,0,6,hiç yok
1994yerel_bm,Belediye meclisi,73,Şırnak,7,0,7,hiç yok
1994yerel_bm,Belediye meclisi,74,Bartın,4,4,0,tam
1994yerel_bm,Belediye meclisi,75,Ardahan,6,6,0,tam
1994yerel_bm,Belediye meclisi,76,Iğdır,4,3,1,kısmi
1994yerel_igm,İl genel meclisi,1,Adana,17,3,14,kısmi
1994yerel_igm,İl genel meclisi,2,Adıyaman,9,9,0,tam
1994yerel_igm,İl genel meclisi,3,Afyonkarahisar,18,18,0,tam
1994yerel_igm,İl genel meclisi,4,Ağrı,8,0,8,hiç yok
1994yerel_igm,İl genel meclisi,5,Amasya,7,7,0,tam
1994yerel_igm,İl genel meclisi,6,Ankara,25,9,16,kısmi
1994yerel_igm,İl genel meclisi,7,Antalya,17,5,12,kısmi
1994yerel_igm,İl genel meclisi,8,Artvin,9,8,1,kısmi
1994yerel_igm,İl genel meclisi,9,Aydın,17,14,3,kısmi
1994yerel_igm,İl genel meclisi,10,Balıkesir,19,0,19,hiç yok
1994yerel_igm,İl genel meclisi,11,Bilecik,8,7,1,kısmi
1994yerel_igm,İl genel meclisi,12,Bingöl,8,8,0,tam
1994yerel_igm,İl genel meclisi,13,Bitlis,7,5,2,kısmi
1994yerel_igm,İl genel meclisi,14,Bolu,17,16,1,kısmi
1994yerel_igm,İl genel meclisi,15,Burdur,11,11,0,tam
1994yerel_igm,İl genel meclisi,16,Bursa,17,6,11,kısmi
1994yerel_igm,İl genel meclisi,17,Çanakkale,12,10,2,kısmi
1994yerel_igm,İl genel meclisi,18,Çankırı,14,12,2,kısmi
1994yerel_igm,İl genel meclisi,19,Çorum,14,14,0,tam
1994yerel_igm,İl genel meclisi,20,Denizli,19,18,1,kısmi
1994yerel_igm,İl genel meclisi,21,Diyarbakır,17,8,9,kısmi
1994yerel_igm,İl genel meclisi,22,Edirne,9,9,0,tam
1994yerel_igm,İl genel meclisi,23,Elazığ,11,0,11,hiç yok
1994yerel_igm,İl genel meclisi,24,Erzincan,9,9,0,tam
1994yerel_igm,İl genel meclisi,25,Erzurum,20,3,17,kısmi
1994yerel_igm,İl genel meclisi,26,Eskişehir,14,0,14,hiç yok
1994yerel_igm,İl genel meclisi,27,Gaziantep,10,3,7,kısmi
1994yerel_igm,İl genel meclisi,28,Giresun,16,15,1,kısmi
1994yerel_igm,İl genel meclisi,29,Gümüşhane,6,4,2,kısmi
1994yerel_igm,İl genel meclisi,30,Hakkari,4,4,0,tam
1994yerel_igm,İl genel meclisi,31,Hatay,12,10,2,kısmi
1994yerel_igm,İl genel meclisi,32,Isparta,13,13,0,tam
1994yerel_igm,İl genel meclisi,33,Mersin,13,0,13,hiç yok
1994yerel_igm,İl genel meclisi,34,İstanbul,32,27,5,kısmi
1994yerel_igm,İl genel meclisi,35,İzmir,28,14,14,kısmi
1994yerel_igm,İl genel meclisi,36,Kars,8,0,8,hiç yok
1994yerel_igm,İl genel meclisi,37,Kastamonu,20,20,0,tam
1994yerel_igm,İl genel meclisi,38,Kayseri,16,2,14,kısmi
1994yerel_igm,İl genel meclisi,39,Kırklareli,8,8,0,tam
1994yerel_igm,İl genel meclisi,40,Kırşehir,7,0,7,hiç yok
1994yerel_igm,İl genel meclisi,41,Kocaeli,6,1,5,kısmi
1994yerel_igm,İl genel meclisi,42,Konya,31,10,21,kısmi
1994yerel_igm,İl genel meclisi,43,Kütahya,13,13,0,tam
1994yerel_igm,İl genel meclisi,44,Malatya,13,13,0,tam
1994yerel_igm,İl genel meclisi,45,Manisa,16,16,0,tam
1994yerel_igm,İl genel meclisi,46,Kahramanmaraş,10,10,0,tam
1994yerel_igm,İl genel meclisi,47,Mardin,10,7,3,kısmi
1994yerel_igm,İl genel meclisi,48,Muğla,12,11,1,kısmi
1994yerel_igm,İl genel meclisi,49,Muş,6,0,6,hiç yok
1994yerel_igm,İl genel meclisi,50,Nevşehir,8,8,0,tam
1994yerel_igm,İl genel meclisi,51,Niğde,6,6,0,tam
1994yerel_igm,İl genel meclisi,52,Ordu,19,18,1,kısmi
1994yerel_igm,İl genel meclisi,53,Rize,12,12,0,tam
1994yerel_igm,İl genel meclisi,54,Sakarya,16,12,4,kısmi
1994yerel_igm,İl genel meclisi,55,Samsun,17,2,15,kısmi
1994yerel_igm,İl genel meclisi,56,Siirt,7,7,0,tam
1994yerel_igm,İl genel meclisi,57,Sinop,9,9,0,tam
1994yerel_igm,İl genel meclisi,58,Sivas,17,17,0,tam
1994yerel_igm,İl genel meclisi,59,Tekirdağ,10,7,3,kısmi
1994yerel_igm,İl genel meclisi,60,Tokat,12,12,0,tam
1994yerel_igm,İl genel meclisi,61,Trabzon,18,16,2,kısmi
1994yerel_igm,İl genel meclisi,62,Tunceli,8,8,0,tam
1994yerel_igm,İl genel meclisi,63,Şanlıurfa,12,11,1,kısmi
1994yerel_igm,İl genel meclisi,64,Uşak,6,6,0,tam
1994yerel_igm,İl genel meclisi,65,Van,12,12,0,tam
1994yerel_igm,İl genel meclisi,66,Yozgat,14,13,1,kısmi
1994yerel_igm,İl genel meclisi,67,Zonguldak,12,10,2,kısmi
1994yerel_igm,İl genel meclisi,68,Aksaray,8,7,1,kısmi
1994yerel_igm,İl genel meclisi,69,Bayburt,3,3,0,tam
1994yerel_igm,İl genel meclisi,70,Karaman,6,5,1,kısmi
1994yerel_igm,İl genel meclisi,71,Kırıkkale,9,8,1,kısmi
1994yerel_igm,İl genel meclisi,72,Batman,6,6,0,tam
1994yerel_igm,İl genel meclisi,73,Şırnak,7,7,0,tam
1994yerel_igm,İl genel meclisi,74,Bartın,4,4,0,tam
1994yerel_igm,İl genel meclisi,75,Ardahan,6,6,0,tam
1994yerel_igm,İl genel meclisi,76,Iğdır,4,0,4,hiç yok
1999yerel_bm,Belediye meclisi,1,Adana,13,13,0,tam
1999yerel_bm,Belediye meclisi,2,Adıyaman,9,9,0,tam
1999yerel_bm,Belediye meclisi,3,Afyonkarahisar,18,11,7,kısmi
1999yerel_bm,Belediye meclisi,4,Ağrı,8,7,1,kısmi
1999yerel_bm,Belediye meclisi,5,Amasya,7,3,4,kısmi
1999yerel_bm,Belediye meclisi,6,Ankara,24,16,8,kısmi
1999yerel_bm,Belediye meclisi,7,Antalya,17,13,4,kısmi
1999yerel_bm,Belediye meclisi,8,Artvin,9,8,1,kısmi
1999yerel_bm,Belediye meclisi,9,Aydın,17,12,5,kısmi
1999yerel_bm,Belediye meclisi,10,Balıkesir,19,17,2,kısmi
1999yerel_bm,Belediye meclisi,11,Bilecik,8,7,1,kısmi
1999yerel_bm,Belediye meclisi,12,Bingöl,8,5,3,kısmi
1999yerel_bm,Belediye meclisi,13,Bitlis,7,7,0,tam
1999yerel_bm,Belediye meclisi,14,Bolu,17,14,3,kısmi
1999yerel_bm,Belediye meclisi,15,Burdur,11,11,0,tam
1999yerel_bm,Belediye meclisi,16,Bursa,17,16,1,kısmi
1999yerel_bm,Belediye meclisi,17,Çanakkale,12,12,0,tam
1999yerel_bm,Belediye meclisi,18,Çankırı,12,8,4,kısmi
1999yerel_bm,Belediye meclisi,19,Çorum,14,12,2,kısmi
1999yerel_bm,Belediye meclisi,20,Denizli,19,17,2,kısmi
1999yerel_bm,Belediye meclisi,21,Diyarbakır,17,13,4,kısmi
1999yerel_bm,Belediye meclisi,22,Edirne,9,8,1,kısmi
1999yerel_bm,Belediye meclisi,23,Elazığ,11,5,6,kısmi
1999yerel_bm,Belediye meclisi,24,Erzincan,9,8,1,kısmi
1999yerel_bm,Belediye meclisi,25,Erzurum,20,14,6,kısmi
1999yerel_bm,Belediye meclisi,26,Eskişehir,14,13,1,kısmi
1999yerel_bm,Belediye meclisi,27,Gaziantep,9,9,0,tam
1999yerel_bm,Belediye meclisi,28,Giresun,16,15,1,kısmi
1999yerel_bm,Belediye meclisi,29,Gümüşhane,6,6,0,tam
1999yerel_bm,Belediye meclisi,30,Hakkari,5,4,1,kısmi
1999yerel_bm,Belediye meclisi,31,Hatay,13,10,3,kısmi
1999yerel_bm,Belediye meclisi,32,Isparta,13,10,3,kısmi
1999yerel_bm,Belediye meclisi,33,Mersin,13,12,1,kısmi
1999yerel_bm,Belediye meclisi,34,İstanbul,31,30,1,kısmi
1999yerel_bm,Belediye meclisi,35,İzmir,28,27,1,kısmi
1999yerel_bm,Belediye meclisi,36,Kars,8,8,0,tam
1999yerel_bm,Belediye meclisi,37,Kastamonu,20,20,0,tam
1999yerel_bm,Belediye meclisi,38,Kayseri,16,6,10,kısmi
1999yerel_bm,Belediye meclisi,39,Kırklareli,8,8,0,tam
1999yerel_bm,Belediye meclisi,40,Kırşehir,7,6,1,kısmi
1999yerel_bm,Belediye meclisi,41,Kocaeli,6,5,1,kısmi
1999yerel_bm,Belediye meclisi,42,Konya,31,26,5,kısmi
1999yerel_bm,Belediye meclisi,43,Kütahya,13,10,3,kısmi
1999yerel_bm,Belediye meclisi,44,Malatya,13,12,1,kısmi
1999yerel_bm,Belediye meclisi,45,Manisa,16,9,7,kısmi
1999yerel_bm,Belediye meclisi,46,Kahramanmaraş,10,8,2,kısmi
1999yerel_bm,Belediye meclisi,47,Mardin,10,10,0,tam
1999yerel_bm,Belediye meclisi,48,Muğla,12,11,1,kısmi
1999yerel_bm,Belediye meclisi,49,Muş,6,3,3,kısmi
1999yerel_bm,Belediye meclisi,50,Nevşehir,8,2,6,kısmi
1999yerel_bm,Belediye meclisi,51,Niğde,6,6,0,tam
1999yerel_bm,Belediye meclisi,52,Ordu,19,6,13,kısmi
1999yerel_bm,Belediye meclisi,53,Rize,12,11,1,kısmi
1999yerel_bm,Belediye meclisi,54,Sakarya,16,11,5,kısmi
1999yerel_bm,Belediye meclisi,55,Samsun,17,16,1,kısmi
1999yerel_bm,Belediye meclisi,56,Siirt,7,7,0,tam
1999yerel_bm,Belediye meclisi,57,Sinop,9,9,0,tam
1999yerel_bm,Belediye meclisi,58,Sivas,17,15,2,kısmi
1999yerel_bm,Belediye meclisi,59,Tekirdağ,10,8,2,kısmi
1999yerel_bm,Belediye meclisi,60,Tokat,12,11,1,kısmi
1999yerel_bm,Belediye meclisi,61,Trabzon,18,8,10,kısmi
1999yerel_bm,Belediye meclisi,62,Tunceli,8,1,7,kısmi
1999yerel_bm,Belediye meclisi,63,Şanlıurfa,12,7,5,kısmi
1999yerel_bm,Belediye meclisi,64,Uşak,6,4,2,kısmi
1999yerel_bm,Belediye meclisi,65,Van,12,10,2,kısmi
1999yerel_bm,Belediye meclisi,66,Yozgat,14,5,9,kısmi
1999yerel_bm,Belediye meclisi,67,Zonguldak,8,4,4,kısmi
1999yerel_bm,Belediye meclisi,68,Aksaray,8,5,3,kısmi
1999yerel_bm,Belediye meclisi,69,Bayburt,3,3,0,tam
1999yerel_bm,Belediye meclisi,70,Karaman,6,5,1,kısmi
1999yerel_bm,Belediye meclisi,71,Kırıkkale,9,9,0,tam
1999yerel_bm,Belediye meclisi,72,Batman,6,6,0,tam
1999yerel_bm,Belediye meclisi,73,Şırnak,7,6,1,kısmi
1999yerel_bm,Belediye meclisi,74,Bartın,4,3,1,kısmi
1999yerel_bm,Belediye meclisi,75,Ardahan,6,6,0,tam
1999yerel_bm,Belediye meclisi,76,Iğdır,4,4,0,tam
1999yerel_bm,Belediye meclisi,77,Yalova,6,6,0,tam
1999yerel_bm,Belediye meclisi,78,Karabük,6,5,1,kısmi
1999yerel_bm,Belediye meclisi,79,Kilis,4,4,0,tam
1999yerel_bm,Belediye meclisi,80,Osmaniye,7,6,1,kısmi
1999yerel_igm,İl genel meclisi,1,Adana,13,10,3,kısmi
1999yerel_igm,İl genel meclisi,2,Adıyaman,9,9,0,tam
1999yerel_igm,İl genel meclisi,3,Afyonkarahisar,18,18,0,tam
1999yerel_igm,İl genel meclisi,4,Ağrı,8,7,1,kısmi
1999yerel_igm,İl genel meclisi,5,Amasya,7,7,0,tam
1999yerel_igm,İl genel meclisi,6,Ankara,24,20,4,kısmi
1999yerel_igm,İl genel meclisi,7,Antalya,17,11,6,kısmi
1999yerel_igm,İl genel meclisi,8,Artvin,9,4,5,kısmi
1999yerel_igm,İl genel meclisi,9,Aydın,17,16,1,kısmi
1999yerel_igm,İl genel meclisi,10,Balıkesir,19,19,0,tam
1999yerel_igm,İl genel meclisi,11,Bilecik,8,8,0,tam
1999yerel_igm,İl genel meclisi,12,Bingöl,8,8,0,tam
1999yerel_igm,İl genel meclisi,13,Bitlis,7,6,1,kısmi
1999yerel_igm,İl genel meclisi,14,Bolu,17,15,2,kısmi
1999yerel_igm,İl genel meclisi,15,Burdur,11,11,0,tam
1999yerel_igm,İl genel meclisi,16,Bursa,17,16,1,kısmi
1999yerel_igm,İl genel meclisi,17,Çanakkale,12,10,2,kısmi
1999yerel_igm,İl genel meclisi,18,Çankırı,12,11,1,kısmi
1999yerel_igm,İl genel meclisi,19,Çorum,14,13,1,kısmi
1999yerel_igm,İl genel meclisi,20,Denizli,19,16,3,kısmi
1999yerel_igm,İl genel meclisi,21,Diyarbakır,17,12,5,kısmi
1999yerel_igm,İl genel meclisi,22,Edirne,9,9,0,tam
1999yerel_igm,İl genel meclisi,23,Elazığ,11,10,1,kısmi
1999yerel_igm,İl genel meclisi,24,Erzincan,9,7,2,kısmi
1999yerel_igm,İl genel meclisi,25,Erzurum,20,15,5,kısmi
1999yerel_igm,İl genel meclisi,26,Eskişehir,14,11,3,kısmi
1999yerel_igm,İl genel meclisi,27,Gaziantep,9,9,0,tam
1999yerel_igm,İl genel meclisi,28,Giresun,16,15,1,kısmi
1999yerel_igm,İl genel meclisi,29,Gümüşhane,6,5,1,kısmi
1999yerel_igm,İl genel meclisi,30,Hakkari,5,4,1,kısmi
1999yerel_igm,İl genel meclisi,31,Hatay,13,10,3,kısmi
1999yerel_igm,İl genel meclisi,32,Isparta,13,12,1,kısmi
1999yerel_igm,İl genel meclisi,33,Mersin,13,8,5,kısmi
1999yerel_igm,İl genel meclisi,34,İstanbul,31,30,1,kısmi
1999yerel_igm,İl genel meclisi,35,İzmir,28,27,1,kısmi
1999yerel_igm,İl genel meclisi,36,Kars,8,7,1,kısmi
1999yerel_igm,İl genel meclisi,37,Kastamonu,20,19,1,kısmi
1999yerel_igm,İl genel meclisi,38,Kayseri,16,15,1,kısmi
1999yerel_igm,İl genel meclisi,39,Kırklareli,8,6,2,kısmi
1999yerel_igm,İl genel meclisi,40,Kırşehir,7,7,0,tam
1999yerel_igm,İl genel meclisi,41,Kocaeli,6,5,1,kısmi
1999yerel_igm,İl genel meclisi,42,Konya,31,31,0,tam
1999yerel_igm,İl genel meclisi,43,Kütahya,13,13,0,tam
1999yerel_igm,İl genel meclisi,44,Malatya,13,13,0,tam
1999yerel_igm,İl genel meclisi,45,Manisa,16,14,2,kısmi
1999yerel_igm,İl genel meclisi,46,Kahramanmaraş,10,10,0,tam
1999yerel_igm,İl genel meclisi,47,Mardin,10,10,0,tam
1999yerel_igm,İl genel meclisi,48,Muğla,12,11,1,kısmi
1999yerel_igm,İl genel meclisi,49,Muş,6,5,1,kısmi
1999yerel_igm,İl genel meclisi,50,Nevşehir,8,4,4,kısmi
1999yerel_igm,İl genel meclisi,51,Niğde,6,6,0,tam
1999yerel_igm,İl genel meclisi,52,Ordu,19,18,1,kısmi
1999yerel_igm,İl genel meclisi,53,Rize,12,10,2,kısmi
1999yerel_igm,İl genel meclisi,54,Sakarya,16,12,4,kısmi
1999yerel_igm,İl genel meclisi,55,Samsun,17,10,7,kısmi
1999yerel_igm,İl genel meclisi,56,Siirt,7,7,0,tam
1999yerel_igm,İl genel meclisi,57,Sinop,9,8,1,kısmi
1999yerel_igm,İl genel meclisi,58,Sivas,17,16,1,kısmi
1999yerel_igm,İl genel meclisi,59,Tekirdağ,10,7,3,kısmi
1999yerel_igm,İl genel meclisi,60,Tokat,12,10,2,kısmi
1999yerel_igm,İl genel meclisi,61,Trabzon,18,16,2,kısmi
1999yerel_igm,İl genel meclisi,62,Tunceli,8,8,0,tam
1999yerel_igm,İl genel meclisi,63,Şanlıurfa,12,11,1,kısmi
1999yerel_igm,İl genel meclisi,64,Uşak,6,6,0,tam
1999yerel_igm,İl genel meclisi,65,Van,12,11,1,kısmi
1999yerel_igm,İl genel meclisi,66,Yozgat,14,13,1,kısmi
1999yerel_igm,İl genel meclisi,67,Zonguldak,8,5,3,kısmi
1999yerel_igm,İl genel meclisi,68,Aksaray,8,5,3,kısmi
1999yerel_igm,İl genel meclisi,69,Bayburt,3,2,1,kısmi
1999yerel_igm,İl genel meclisi,70,Karaman,6,6,0,tam
1999yerel_igm,İl genel meclisi,71,Kırıkkale,9,9,0,tam
1999yerel_igm,İl genel meclisi,72,Batman,6,6,0,tam
1999yerel_igm,İl genel meclisi,73,Şırnak,7,6,1,kısmi
1999yerel_igm,İl genel meclisi,74,Bartın,4,3,1,kısmi
1999yerel_igm,İl genel meclisi,75,Ardahan,6,6,0,tam
1999yerel_igm,İl genel meclisi,76,Iğdır,4,4,0,tam
1999yerel_igm,İl genel meclisi,77,Yalova,6,4,2,kısmi
1999yerel_igm,İl genel meclisi,78,Karabük,6,6,0,tam
1999yerel_igm,İl genel meclisi,79,Kilis,4,3,1,kısmi
1999yerel_igm,İl genel meclisi,80,Osmaniye,7,7,0,tam
2004yerel_bm,Belediye meclisi,1,Adana,13,13,0,tam
2004yerel_bm,Belediye meclisi,2,Adıyaman,9,9,0,tam
2004yerel_bm,Belediye meclisi,3,Afyonkarahisar,18,18,0,tam
2004yerel_bm,Belediye meclisi,4,Ağrı,8,8,0,tam
2004yerel_bm,Belediye meclisi,5,Amasya,7,7,0,tam
2004yerel_bm,Belediye meclisi,6,Ankara,24,23,1,kısmi
2004yerel_bm,Belediye meclisi,7,Antalya,17,14,3,kısmi
2004yerel_bm,Belediye meclisi,8,Artvin,9,8,1,kısmi
2004yerel_bm,Belediye meclisi,9,Aydın,17,16,1,kısmi
2004yerel_bm,Belediye meclisi,10,Balıkesir,19,19,0,tam
2004yerel_bm,Belediye meclisi,11,Bilecik,8,8,0,tam
2004yerel_bm,Belediye meclisi,12,Bingöl,8,8,0,tam
2004yerel_bm,Belediye meclisi,13,Bitlis,7,7,0,tam
2004yerel_bm,Belediye meclisi,14,Bolu,9,9,0,tam
2004yerel_bm,Belediye meclisi,15,Burdur,11,10,1,kısmi
2004yerel_bm,Belediye meclisi,16,Bursa,17,16,1,kısmi
2004yerel_bm,Belediye meclisi,17,Çanakkale,12,12,0,tam
2004yerel_bm,Belediye meclisi,18,Çankırı,12,12,0,tam
2004yerel_bm,Belediye meclisi,19,Çorum,14,14,0,tam
2004yerel_bm,Belediye meclisi,20,Denizli,19,18,1,kısmi
2004yerel_bm,Belediye meclisi,21,Diyarbakır,17,13,4,kısmi
2004yerel_bm,Belediye meclisi,22,Edirne,9,9,0,tam
2004yerel_bm,Belediye meclisi,23,Elazığ,11,11,0,tam
2004yerel_bm,Belediye meclisi,24,Erzincan,9,9,0,tam
2004yerel_bm,Belediye meclisi,25,Erzurum,20,18,2,kısmi
2004yerel_bm,Belediye meclisi,26,Eskişehir,14,12,2,kısmi
2004yerel_bm,Belediye meclisi,27,Gaziantep,9,9,0,tam
2004yerel_bm,Belediye meclisi,28,Giresun,16,16,0,tam
2004yerel_bm,Belediye meclisi,29,Gümüşhane,6,6,0,tam
2004yerel_bm,Belediye meclisi,30,Hakkari,5,4,1,kısmi
2004yerel_bm,Belediye meclisi,31,Hatay,14,12,2,kısmi
2004yerel_bm,Belediye meclisi,32,Isparta,13,13,0,tam
2004yerel_bm,Belediye meclisi,33,Mersin,13,9,4,kısmi
2004yerel_bm,Belediye meclisi,34,İstanbul,31,31,0,tam
2004yerel_bm,Belediye meclisi,35,İzmir,28,28,0,tam
2004yerel_bm,Belediye meclisi,36,Kars,8,8,0,tam
2004yerel_bm,Belediye meclisi,37,Kastamonu,20,19,1,kısmi
2004yerel_bm,Belediye meclisi,38,Kayseri,16,16,0,tam
2004yerel_bm,Belediye meclisi,39,Kırklareli,8,8,0,tam
2004yerel_bm,Belediye meclisi,40,Kırşehir,7,7,0,tam
2004yerel_bm,Belediye meclisi,41,Kocaeli,7,6,1,kısmi
2004yerel_bm,Belediye meclisi,42,Konya,31,31,0,tam
2004yerel_bm,Belediye meclisi,43,Kütahya,13,13,0,tam
2004yerel_bm,Belediye meclisi,44,Malatya,13,13,0,tam
2004yerel_bm,Belediye meclisi,45,Manisa,16,16,0,tam
2004yerel_bm,Belediye meclisi,46,Kahramanmaraş,10,10,0,tam
2004yerel_bm,Belediye meclisi,47,Mardin,10,10,0,tam
2004yerel_bm,Belediye meclisi,48,Muğla,12,11,1,kısmi
2004yerel_bm,Belediye meclisi,49,Muş,6,6,0,tam
2004yerel_bm,Belediye meclisi,50,Nevşehir,8,8,0,tam
2004yerel_bm,Belediye meclisi,51,Niğde,6,6,0,tam
2004yerel_bm,Belediye meclisi,52,Ordu,19,18,1,kısmi
2004yerel_bm,Belediye meclisi,53,Rize,12,12,0,tam
2004yerel_bm,Belediye meclisi,54,Sakarya,16,12,4,kısmi
2004yerel_bm,Belediye meclisi,55,Samsun,17,14,3,kısmi
2004yerel_bm,Belediye meclisi,56,Siirt,7,7,0,tam
2004yerel_bm,Belediye meclisi,57,Sinop,9,9,0,tam
2004yerel_bm,Belediye meclisi,58,Sivas,17,16,1,kısmi
2004yerel_bm,Belediye meclisi,59,Tekirdağ,10,8,2,kısmi
2004yerel_bm,Belediye meclisi,60,Tokat,12,12,0,tam
2004yerel_bm,Belediye meclisi,61,Trabzon,18,17,1,kısmi
2004yerel_bm,Belediye meclisi,62,Tunceli,8,8,0,tam
2004yerel_bm,Belediye meclisi,63,Şanlıurfa,12,11,1,kısmi
2004yerel_bm,Belediye meclisi,64,Uşak,6,6,0,tam
2004yerel_bm,Belediye meclisi,65,Van,12,12,0,tam
2004yerel_bm,Belediye meclisi,66,Yozgat,14,14,0,tam
2004yerel_bm,Belediye meclisi,67,Zonguldak,9,6,3,kısmi
2004yerel_bm,Belediye meclisi,68,Aksaray,8,7,1,kısmi
2004yerel_bm,Belediye meclisi,69,Bayburt,3,3,0,tam
2004yerel_bm,Belediye meclisi,70,Karaman,6,6,0,tam
2004yerel_bm,Belediye meclisi,71,Kırıkkale,9,9,0,tam
2004yerel_bm,Belediye meclisi,72,Batman,6,6,0,tam
2004yerel_bm,Belediye meclisi,73,Şırnak,7,7,0,tam
2004yerel_bm,Belediye meclisi,74,Bartın,4,4,0,tam
2004yerel_bm,Belediye meclisi,75,Ardahan,6,6,0,tam
2004yerel_bm,Belediye meclisi,76,Iğdır,4,4,0,tam
2004yerel_bm,Belediye meclisi,77,Yalova,6,6,0,tam
2004yerel_bm,Belediye meclisi,78,Karabük,6,6,0,tam
2004yerel_bm,Belediye meclisi,79,Kilis,4,4,0,tam
2004yerel_bm,Belediye meclisi,80,Osmaniye,7,7,0,tam
2004yerel_bm,Belediye meclisi,81,Düzce,8,8,0,tam
2004yerel_igm,İl genel meclisi,1,Adana,13,13,0,tam
2004yerel_igm,İl genel meclisi,2,Adıyaman,9,8,1,kısmi
2004yerel_igm,İl genel meclisi,3,Afyonkarahisar,18,18,0,tam
2004yerel_igm,İl genel meclisi,4,Ağrı,8,8,0,tam
2004yerel_igm,İl genel meclisi,5,Amasya,7,6,1,kısmi
2004yerel_igm,İl genel meclisi,6,Ankara,24,23,1,kısmi
2004yerel_igm,İl genel meclisi,7,Antalya,17,13,4,kısmi
2004yerel_igm,İl genel meclisi,8,Artvin,9,8,1,kısmi
2004yerel_igm,İl genel meclisi,9,Aydın,17,16,1,kısmi
2004yerel_igm,İl genel meclisi,10,Balıkesir,19,17,2,kısmi
2004yerel_igm,İl genel meclisi,11,Bilecik,8,8,0,tam
2004yerel_igm,İl genel meclisi,12,Bingöl,8,8,0,tam
2004yerel_igm,İl genel meclisi,13,Bitlis,7,7,0,tam
2004yerel_igm,İl genel meclisi,14,Bolu,9,9,0,tam
2004yerel_igm,İl genel meclisi,15,Burdur,11,11,0,tam
2004yerel_igm,İl genel meclisi,16,Bursa,17,16,1,kısmi
2004yerel_igm,İl genel meclisi,17,Çanakkale,12,10,2,kısmi
2004yerel_igm,İl genel meclisi,18,Çankırı,12,11,1,kısmi
2004yerel_igm,İl genel meclisi,19,Çorum,14,14,0,tam
2004yerel_igm,İl genel meclisi,20,Denizli,19,16,3,kısmi
2004yerel_igm,İl genel meclisi,21,Diyarbakır,17,14,3,kısmi
2004yerel_igm,İl genel meclisi,22,Edirne,9,8,1,kısmi
2004yerel_igm,İl genel meclisi,23,Elazığ,11,11,0,tam
2004yerel_igm,İl genel meclisi,24,Erzincan,9,9,0,tam
2004yerel_igm,İl genel meclisi,25,Erzurum,20,18,2,kısmi
2004yerel_igm,İl genel meclisi,26,Eskişehir,14,12,2,kısmi
2004yerel_igm,İl genel meclisi,27,Gaziantep,9,9,0,tam
2004yerel_igm,İl genel meclisi,28,Giresun,16,16,0,tam
2004yerel_igm,İl genel meclisi,29,Gümüşhane,6,6,0,tam
2004yerel_igm,İl genel meclisi,30,Hakkari,5,4,1,kısmi
2004yerel_igm,İl genel meclisi,31,Hatay,14,10,4,kısmi
2004yerel_igm,İl genel meclisi,32,Isparta,13,13,0,tam
2004yerel_igm,İl genel meclisi,33,Mersin,13,10,3,kısmi
2004yerel_igm,İl genel meclisi,34,İstanbul,31,29,2,kısmi
2004yerel_igm,İl genel meclisi,35,İzmir,28,27,1,kısmi
2004yerel_igm,İl genel meclisi,36,Kars,8,8,0,tam
2004yerel_igm,İl genel meclisi,37,Kastamonu,20,19,1,kısmi
2004yerel_igm,İl genel meclisi,38,Kayseri,16,16,0,tam
2004yerel_igm,İl genel meclisi,39,Kırklareli,8,8,0,tam
2004yerel_igm,İl genel meclisi,40,Kırşehir,7,7,0,tam
2004yerel_igm,İl genel meclisi,41,Kocaeli,7,6,1,kısmi
2004yerel_igm,İl genel meclisi,42,Konya,31,30,1,kısmi
2004yerel_igm,İl genel meclisi,43,Kütahya,13,13,0,tam
2004yerel_igm,İl genel meclisi,44,Malatya,13,13,0,tam
2004yerel_igm,İl genel meclisi,45,Manisa,16,15,1,kısmi
2004yerel_igm,İl genel meclisi,46,Kahramanmaraş,10,9,1,kısmi
2004yerel_igm,İl genel meclisi,47,Mardin,10,10,0,tam
2004yerel_igm,İl genel meclisi,48,Muğla,12,11,1,kısmi
2004yerel_igm,İl genel meclisi,49,Muş,6,6,0,tam
2004yerel_igm,İl genel meclisi,50,Nevşehir,8,8,0,tam
2004yerel_igm,İl genel meclisi,51,Niğde,6,6,0,tam
2004yerel_igm,İl genel meclisi,52,Ordu,19,18,1,kısmi
2004yerel_igm,İl genel meclisi,53,Rize,12,12,0,tam
2004yerel_igm,İl genel meclisi,54,Sakarya,16,12,4,kısmi
2004yerel_igm,İl genel meclisi,55,Samsun,17,14,3,kısmi
2004yerel_igm,İl genel meclisi,56,Siirt,7,7,0,tam
2004yerel_igm,İl genel meclisi,57,Sinop,9,8,1,kısmi
2004yerel_igm,İl genel meclisi,58,Sivas,17,17,0,tam
2004yerel_igm,İl genel meclisi,59,Tekirdağ,10,7,3,kısmi
2004yerel_igm,İl genel meclisi,60,Tokat,12,11,1,kısmi
2004yerel_igm,İl genel meclisi,61,Trabzon,18,17,1,kısmi
2004yerel_igm,İl genel meclisi,62,Tunceli,8,8,0,tam
2004yerel_igm,İl genel meclisi,63,Şanlıurfa,12,10,2,kısmi
2004yerel_igm,İl genel meclisi,64,Uşak,6,6,0,tam
2004yerel_igm,İl genel meclisi,65,Van,12,11,1,kısmi
2004yerel_igm,İl genel meclisi,66,Yozgat,14,14,0,tam
2004yerel_igm,İl genel meclisi,67,Zonguldak,9,5,4,kısmi
2004yerel_igm,İl genel meclisi,68,Aksaray,8,7,1,kısmi
2004yerel_igm,İl genel meclisi,69,Bayburt,3,3,0,tam
2004yerel_igm,İl genel meclisi,70,Karaman,6,6,0,tam
2004yerel_igm,İl genel meclisi,71,Kırıkkale,9,8,1,kısmi
2004yerel_igm,İl genel meclisi,72,Batman,6,6,0,tam
2004yerel_igm,İl genel meclisi,73,Şırnak,7,7,0,tam
2004yerel_igm,İl genel meclisi,74,Bartın,4,4,0,tam
2004yerel_igm,İl genel meclisi,75,Ardahan,6,6,0,tam
2004yerel_igm,İl genel meclisi,76,Iğdır,4,4,0,tam
2004yerel_igm,İl genel meclisi,77,Yalova,6,6,0,tam
2004yerel_igm,İl genel meclisi,78,Karabük,6,5,1,kısmi
2004yerel_igm,İl genel meclisi,79,Kilis,4,3,1,kısmi
2004yerel_igm,İl genel meclisi,80,Osmaniye,7,7,0,tam
2004yerel_igm,İl genel meclisi,81,Düzce,8,8,0,tam
