secim,tur,yil,oylama,il_verisi,ilce_verisi,donemdeki_ilce,birim,sonuclu,eksik,eksik_yuzde,kalite,kaynak,guvenilirlik,arastirma,not
1950,Genel seçim,1950,-,63/63,Yok,478,,0,478,100.0,NONE,YSK (A),A,Hayır (kaynak araması kapandı),
1954,Genel seçim,1954,-,64/64,Yok,506,,0,506,100.0,NONE,YSK (A),A,Hayır (kaynak araması kapandı),
1957,Genel seçim,1957,-,67/67,Yok,560,,0,560,100.0,NONE,YSK (A),A,Hayır (kaynak araması kapandı),
1961,Genel seçim,1961,-,67/67,Tam,636,636,636,0,0.0,COMPLETE,TÜİK (A),A,Hayır,
1965,Genel seçim,1965,-,67/67,Tam,637,637,637,0,0.0,COMPLETE,TÜİK (A),A,Hayır,
1969,Genel seçim,1969,-,67/67,Tam,638,638,638,0,0.0,COMPLETE,TÜİK (A),A,Hayır,
1973,Genel seçim,1973,-,67/67,Tam,638,638,638,0,0.0,COMPLETE,TÜİK (A),A,Hayır,
1977,Genel seçim,1977,-,67/67,Tam,638,638,638,0,0.0,COMPLETE,TÜİK (A),A,Hayır,
1983,Genel seçim,1983,-,67/67,Tam,640,640,640,0,0.0,COMPLETE,TÜİK (A),A,Hayır,
1987,Genel seçim,1987,-,67/67,Tam,646,646,646,0,0.0,COMPLETE,TÜİK (A),A,Hayır,
1991,Genel seçim,1991,-,74/74,Tam,895,894,894,0,0.0,COMPLETE,"mertnuhoglu tabanı, TÜİK ile karşılaştırılmış (A)",A,Hayır,
1995,Genel seçim,1995,-,79/79,Tam,918,918,918,0,0.0,COMPLETE,"mertnuhoglu tabanı, TÜİK ile karşılaştırılmış (A)",A,Hayır,
1999,Genel seçim,1999,-,80/80,Tam,921,921,921,0,0.0,COMPLETE,"mertnuhoglu tabanı, TÜİK ile karşılaştırılmış (A)",A,Hayır,
2002,Genel seçim,2002,-,81/81,Tam,923,923,923,0,0.0,COMPLETE,"mertnuhoglu tabanı, TÜİK ile karşılaştırılmış (A)",A,Hayır,
2007,Genel seçim,2007,-,81/81,Tam,923,923,923,0,0.0,COMPLETE,"mertnuhoglu tabanı, TÜİK ile karşılaştırılmış (A)",A,Hayır,
2011,Genel seçim,2011,-,81/81,Tam,977,957,957,0,0.0,COMPLETE,YSK (A),A,Hayır,
2015Haziran,Genel seçim,2015,-,81/81,Tam,972,970,970,0,0.0,COMPLETE,YSK (A),A,Hayır,
2015Kasim,Genel seçim,2015,-,81/81,Tam,972,970,970,0,0.0,COMPLETE,YSK (A),A,Hayır,
2018,Genel seçim,2018,-,81/81,Tam,972,972,972,0,0.0,COMPLETE,YSK (A),A,Hayır,
2023,Genel seçim,2023,-,81/81,Tam,972,973,973,0,0.0,COMPLETE,YSK (A),A,Hayır,
1961referandum,Referandum,1961,-,67/67,Tam,636,636,636,0,0.0,COMPLETE,TÜİK/DİE (A),A,Hayır,
1982referandum,Referandum,1982,-,67/67,Tam,640,640,640,0,0.0,COMPLETE,TÜİK/DİE (A),A,Hayır,
1987referandum,Referandum,1987,-,67/67,Tam,645,645,645,0,0.0,COMPLETE,TÜİK/DİE (A),A,Hayır,
1988referandum,Referandum,1988,-,67/67,Tam,674,674,674,0,0.0,COMPLETE,TÜİK/DİE (A),A,Hayır,
2007referandum,Referandum,2007,-,81/81,Tam,906,923,923,0,0.0,COMPLETE,YSK (A),A,Hayır,
2010referandum,Referandum,2010,-,81/81,Tam,978,957,957,0,0.0,COMPLETE,YSK (A),A,Hayır,
2017referandum,Referandum,2017,-,81/81,Tam,972,970,970,0,0.0,COMPLETE,YSK (A),A,Hayır,
1950yerel,Yerel seçim,1950,Belediye başkanlığı,2/63 (+61 yalnız kazanan),Çok kısmi,478,496,5,491,99.0,VERY_PARTIAL,Türkçe Wikipedia (D),D,Evet,491 satırda yalnız kazanan parti (oy yok); bazı satırlarda katılım yok; 61 ilde yalnız kazanan / sandalye dağılımı
1950yerel_bm,Yerel seçim,1950,Belediye meclisi,0,Yok,478,,0,478,100.0,UNKNOWN,-,-,Evet (araştırılmadı),projede kayıt yok; 1950/1955'te başkanlık satırları zaten meclis sandalyesi
1950yerel_igm,Yerel seçim,1950,İl genel meclisi,0,Yok,478,,0,478,100.0,UNKNOWN,-,-,Evet (araştırılmadı),projede kayıt yok; 1950/1955'te başkanlık satırları zaten meclis sandalyesi
1955yerel,Yerel seçim,1955,Belediye başkanlığı,40/66 (+25 yalnız kazanan),Çok kısmi,539,547,0,547,100.0,VERY_PARTIAL,Türkçe Wikipedia (D),D,Evet,547 satırda yalnız kazanan parti (oy yok); 25 ilde yalnız kazanan / sandalye dağılımı
1955yerel_bm,Yerel seçim,1955,Belediye meclisi,0,Yok,539,,0,539,100.0,UNKNOWN,-,-,Evet (araştırılmadı),projede kayıt yok; 1950/1955'te başkanlık satırları zaten meclis sandalyesi
1955yerel_igm,Yerel seçim,1955,İl genel meclisi,0,Yok,539,,0,539,100.0,UNKNOWN,-,-,Evet (araştırılmadı),projede kayıt yok; 1950/1955'te başkanlık satırları zaten meclis sandalyesi
1963yerel,Yerel seçim,1963,Belediye başkanlığı,67/67,Tam,615,620,620,0,0.0,COMPLETE,Türkçe Wikipedia (D),D,Doğrulama (D kaynaklı satırlar A kaynağıyla),bazı satırlarda katılım yok
1963yerel_bm,Yerel seçim,1963,Belediye meclisi,0,Yok,615,,0,615,100.0,UNKNOWN,-,-,Evet (araştırılmadı),projede kayıt yok
1963yerel_igm,Yerel seçim,1963,İl genel meclisi,0,Yok,615,,0,615,100.0,UNKNOWN,-,-,Evet (araştırılmadı),projede kayıt yok
1968yerel,Yerel seçim,1968,Belediye başkanlığı,67/67,Tam,615,619,619,0,0.0,COMPLETE,Türkçe Wikipedia (D),D,Doğrulama (D kaynaklı satırlar A kaynağıyla),bazı satırlarda katılım yok
1968yerel_bm,Yerel seçim,1968,Belediye meclisi,0,Yok,615,,0,615,100.0,UNKNOWN,-,-,Evet (araştırılmadı),projede kayıt yok
1968yerel_igm,Yerel seçim,1968,İl genel meclisi,0,Yok,615,,0,615,100.0,UNKNOWN,-,-,Evet (araştırılmadı),projede kayıt yok
1973yerel,Yerel seçim,1973,Belediye başkanlığı,67/67,Tam,616,620,620,0,0.0,COMPLETE,Türkçe Wikipedia (D),D,Doğrulama (D kaynaklı satırlar A kaynağıyla),bazı satırlarda katılım yok
1973yerel_bm,Yerel seçim,1973,Belediye meclisi,0,Yok,616,,0,616,100.0,UNKNOWN,-,-,Evet (araştırılmadı),projede kayıt yok
1973yerel_igm,Yerel seçim,1973,İl genel meclisi,0,Yok,616,,0,616,100.0,UNKNOWN,-,-,Evet (araştırılmadı),projede kayıt yok
1977yerel,Yerel seçim,1977,Belediye başkanlığı,67/67,Tam,616,621,621,0,0.0,COMPLETE,Türkçe Wikipedia (D),D,Doğrulama (D kaynaklı satırlar A kaynağıyla),bazı satırlarda katılım yok
1977yerel_bm,Yerel seçim,1977,Belediye meclisi,0,Yok,616,,0,616,100.0,UNKNOWN,-,-,Evet (araştırılmadı),projede kayıt yok
1977yerel_igm,Yerel seçim,1977,İl genel meclisi,0,Yok,616,,0,616,100.0,UNKNOWN,-,-,Evet (araştırılmadı),projede kayıt yok
1984yerel,Yerel seçim,1984,Belediye başkanlığı,67/67,Tam,624,644,644,0,0.0,COMPLETE,"Wikipedia satırları, sayılar DİE kitabıyla teyitli (A)",A,Hayır,"bazı satırlarda seçmen, katılım yok"
1984yerel_bm,Yerel seçim,1984,Belediye meclisi,48/67,Kısmi,624,644,511,133,20.7,PARTIAL,TÜİK/DİE (A),A,Evet,
1984yerel_igm,Yerel seçim,1984,İl genel meclisi,61/67,Kısmi,624,644,572,72,11.2,PARTIAL,TÜİK/DİE (A),A,Evet,
1989yerel,Yerel seçim,1989,Belediye başkanlığı,67/67,Tam,665,752,752,0,0.0,COMPLETE,"Wikipedia satırları, sayılar DİE kitabıyla teyitli (A)",A,Hayır,
1989yerel_bm,Yerel seçim,1989,Belediye meclisi,66/67,Neredeyse tam,665,752,742,10,1.3,MOSTLY_COMPLETE,TÜİK/DİE (A),A,Evet,
1989yerel_igm,Yerel seçim,1989,İl genel meclisi,66/67,Tam,665,752,748,4,0.5,COMPLETE,TÜİK/DİE (A),A,Hayır,
1994yerel,Yerel seçim,1994,Belediye başkanlığı,76/76,Tam,891,931,931,0,0.0,COMPLETE,"TÜİK/DİE %46; YSK %34; Wikipedia satırları, sayılar DİE kitabıyla teyitli %20 (A)",A,Hayır,"9 satırda ilçe belediyesi yerine büyükşehir/ilçe geneli toplamı; bazı satırlarda seçmen, katılım yok"
1994yerel_bm,Yerel seçim,1994,Belediye meclisi,76/76,Neredeyse tam,891,931,918,13,1.4,MOSTLY_COMPLETE,TÜİK/DİE (A),A,Evet,bazı satırlarda katılım yok
1994yerel_igm,Yerel seçim,1994,İl genel meclisi,75/76,Neredeyse tam,891,931,893,38,4.1,MOSTLY_COMPLETE,TÜİK/DİE (A),A,Evet,bazı satırlarda katılım yok
1999yerel,Yerel seçim,1999,Belediye başkanlığı,80/80,Tam,904,943,943,0,0.0,COMPLETE,"TÜİK/DİE %42; YSK %34; Wikipedia satırları, sayılar DİE kitabıyla teyitli %23 (A)",A,Hayır,41 satırda ilçe belediyesi yerine büyükşehir/ilçe geneli toplamı
1999yerel_bm,Yerel seçim,1999,Belediye meclisi,77/80,Neredeyse tam,904,943,928,15,1.6,MOSTLY_COMPLETE,TÜİK/DİE (A),A,Evet,
1999yerel_igm,Yerel seçim,1999,İl genel meclisi,79/80,Neredeyse tam,904,943,904,39,4.1,MOSTLY_COMPLETE,TÜİK/DİE (A),A,Evet,
2004yerel,Yerel seçim,2004,Belediye başkanlığı,81/81,Tam,906,945,945,0,0.0,COMPLETE,"TÜİK/DİE %50; YSK %26; Wikipedia satırları, sayılar DİE kitabıyla teyitli %25 (A)",A,Hayır,24 satırda ilçe belediyesi yerine büyükşehir/ilçe geneli toplamı
2004yerel_bm,Yerel seçim,2004,Belediye meclisi,81/81,Neredeyse tam,906,945,935,10,1.1,MOSTLY_COMPLETE,TÜİK/DİE (A),A,Evet,
2004yerel_igm,Yerel seçim,2004,İl genel meclisi,81/81,Neredeyse tam,906,945,909,36,3.8,MOSTLY_COMPLETE,TÜİK/DİE (A),A,Evet,
2009yerel,Yerel seçim,2009,Belediye başkanlığı,81/81,Tam,950,957,957,0,0.0,COMPLETE,Türkçe Wikipedia %50; YSK %50 (A/D),A/D,Doğrulama (D kaynaklı satırlar A kaynağıyla),
2009yerel_bm,Yerel seçim,2009,Belediye meclisi,81/81,Tam,950,957,956,1,0.1,COMPLETE,YSK (A),A,Hayır,
2009yerel_igm,Yerel seçim,2009,İl genel meclisi,81/81,Tam,950,955,955,0,0.0,COMPLETE,YSK (A),A,Hayır,
2014yerel,Yerel seçim,2014,Belediye başkanlığı,81/81,Tam,973,970,970,0,0.0,COMPLETE,YSK (A),A,Hayır,
2014yerel_bm,Yerel seçim,2014,Belediye meclisi,81/81,Tam,973,970,970,0,0.0,COMPLETE,YSK (A),A,Hayır,
2014yerel_igm,Yerel seçim,2014,İl genel meclisi,51/51,Tam,,449,449,0,0.0,COMPLETE,YSK (A),A,Hayır,yalnız büyükşehir olmayan 51 ilde seçilir (6360 sayılı Kanun)
2019yerel,Yerel seçim,2019,Belediye başkanlığı,81/81,Tam,973,973,973,0,0.0,COMPLETE,YSK (A),A,Hayır,
2019yerel_bm,Yerel seçim,2019,Belediye meclisi,81/81,Tam,973,973,973,0,0.0,COMPLETE,YSK (A),A,Hayır,
2019yerel_igm,Yerel seçim,2019,İl genel meclisi,51/51,Tam,,452,452,0,0.0,COMPLETE,YSK (A),A,Hayır,yalnız büyükşehir olmayan 51 ilde seçilir (6360 sayılı Kanun)
2024yerel,Yerel seçim,2024,Belediye başkanlığı,81/81,Tam,973,973,973,0,0.0,COMPLETE,YSK (A),A,Hayır,
2024yerel_bm,Yerel seçim,2024,Belediye meclisi,81/81,Tam,973,973,973,0,0.0,COMPLETE,YSK (A),A,Hayır,
2024yerel_igm,Yerel seçim,2024,İl genel meclisi,51/51,Tam,,452,452,0,0.0,COMPLETE,YSK (A),A,Hayır,yalnız büyükşehir olmayan 51 ilde seçilir (6360 sayılı Kanun)
2014cb,Cumhurbaşkanlığı,2014,-,81/81,Tam,972,970,970,0,0.0,COMPLETE,YSK (A),A,Hayır,
2018cb,Cumhurbaşkanlığı,2018,-,81/81,Tam,972,972,972,0,0.0,COMPLETE,YSK (A),A,Hayır,
2023cb1tur,Cumhurbaşkanlığı,2023,-,81/81,Tam,972,973,973,0,0.0,COMPLETE,YSK (A),A,Hayır,
2023cb2tur,Cumhurbaşkanlığı,2023,-,81/81,Tam,972,973,973,0,0.0,COMPLETE,YSK (A),A,Hayır,
