secim,tur,oylama,plaka,il,geomId,ilce_bugun,durum,kurulus,kanun,soy,kaynak_ilceler,satir_notu
1961,genel,-,54,Sakarya,TR-D-54-010,Kaynarca,gri_satir_yok,1959-04-01,7033,kanun_dogrulanmadi,Kandıra (2); Kadınhanı (1),
1965,genel,-,54,Sakarya,TR-D-54-010,Kaynarca,gri_satir_yok,1959-04-01,7033,kanun_dogrulanmadi,Kandıra (2); Kadınhanı (1),
1961referandum,referandum,-,54,Sakarya,TR-D-54-010,Kaynarca,gri_satir_yok,1959-04-01,7033,kanun_dogrulanmadi,Kandıra (2); Kadınhanı (1),
1950yerel,yerel,baskanlik,1,Adana,TR-D-01-003,Çukurova,tarali_henuz_yok,2008-03-22,5747,kanun_cok_kaynak,Seyhan (14); Karaisalı (10),
1950yerel,yerel,baskanlik,1,Adana,TR-D-01-007,Karataş,tarali_henuz_yok,1957-09-01,7033,kanun_dogrulanmadi,Merkez (3),
1950yerel,yerel,baskanlik,1,Adana,TR-D-01-009,Pozantı,tarali_henuz_yok,1954-06-01,6324,unresolved,,
1950yerel,yerel,baskanlik,1,Adana,TR-D-01-011,Sarıçam,tarali_henuz_yok,2008-03-22,5747,kanun_tek_kaynak,Yüreğir (72),
1950yerel,yerel,baskanlik,1,Adana,TR-D-01-012,Seyhan,tarali_henuz_yok,1986-06-19,3306,repo_dogrulanmis,,
1950yerel,yerel,baskanlik,1,Adana,TR-D-01-013,Tufanbeyli,tarali_henuz_yok,1958-04-01,7033,unresolved,,
1950yerel,yerel,baskanlik,1,Adana,TR-D-01-014,Yumurtalık,tarali_henuz_yok,1959-04-01,7033,kanun_dogrulanmadi,Merkez (1),
1950yerel,yerel,baskanlik,1,Adana,TR-D-01-015,Yüreğir,tarali_henuz_yok,1986-06-19,3306,repo_dogrulanmis,,
1950yerel,yerel,baskanlik,3,Afyonkarahisar,TR-D-03-002,Başmakçı,tarali_henuz_yok,1987-07-04,3392,kanun_tek_kaynak,Dazkırı (13),
1950yerel,yerel,baskanlik,3,Afyonkarahisar,TR-D-03-005,Çay,tarali_henuz_yok,1958-04-01,7033,kanun_dogrulanmadi,Bolvadin (2),
1950yerel,yerel,baskanlik,3,Afyonkarahisar,TR-D-03-007,Dazkırı,tarali_henuz_yok,1959-04-01,7033,kanun_dogrulanmadi,Dinar (2),
1950yerel,yerel,baskanlik,3,Afyonkarahisar,TR-D-03-010,Evciler,tarali_henuz_yok,1990-05-20,3644,kanun_tek_kaynak,Dazkırı (7),
1950yerel,yerel,baskanlik,3,Afyonkarahisar,TR-D-03-012,İhsaniye,tarali_henuz_yok,1959-04-01,7033,kanun_dogrulanmadi,Merkez (2),
1950yerel,yerel,baskanlik,3,Afyonkarahisar,TR-D-03-016,Sinanpaşa,tarali_henuz_yok,1953-03-01,6068,unresolved,,
1950yerel,yerel,baskanlik,3,Afyonkarahisar,TR-D-03-017,Sultandağı,tarali_henuz_yok,1958-04-01,7033,kanun_dogrulanmadi,Bolvadin (1),
1950yerel,yerel,baskanlik,4,Ağrı,TR-D-04-001,AĞRI MERKEZ,gri_satir_yok,,,,,
1950yerel,yerel,baskanlik,4,Ağrı,TR-D-04-005,Hamur,tarali_henuz_yok,1958-04-01,7033,kanun_dogrulanmadi,Merkez (1),
1950yerel,yerel,baskanlik,4,Ağrı,TR-D-04-007,Taşlıçay,tarali_henuz_yok,1954-06-01,6324,unresolved,,
1950yerel,yerel,baskanlik,5,Amasya,TR-D-05-001,AMASYA MERKEZ,gri_satir_yok,,,,,
1950yerel,yerel,baskanlik,5,Amasya,TR-D-05-002,Göynücek,tarali_henuz_yok,1954-06-01,6324,unresolved,,
1950yerel,yerel,baskanlik,5,Amasya,TR-D-05-006,Suluova,tarali_henuz_yok,1957-09-01,7033,kanun_dogrulanmadi,Merkez (3),
1950yerel,yerel,baskanlik,5,Amasya,TR-D-05-007,TAŞOVA,gri_satir_yok,,,,,
1950yerel,yerel,baskanlik,6,Ankara,TR-D-06-001,Akyurt,tarali_henuz_yok,1990-05-20,3644,kanun_cok_kaynak,Çubuk (16); Kalecik (4),
1950yerel,yerel,baskanlik,6,Ankara,TR-D-06-002,Altındağ,tarali_henuz_yok,1953-03-01,6068,unresolved,,
1950yerel,yerel,baskanlik,6,Ankara,TR-D-06-006,Çamlıdere,tarali_henuz_yok,1953-12-04,6191,unresolved,,
1950yerel,yerel,baskanlik,6,Ankara,TR-D-06-009,Elmadağ,tarali_henuz_yok,1960-04-01,7033,unresolved,,
1950yerel,yerel,baskanlik,6,Ankara,TR-D-06-010,Etimesgut,tarali_henuz_yok,1990-05-20,3644,kanun_tek_kaynak,Yenimahalle (14),
1950yerel,yerel,baskanlik,6,Ankara,TR-D-06-013,Güdül,tarali_henuz_yok,1957-09-01,7033,kanun_dogrulanmadi,Ayaş (1); Beypazarı (1); Kızılcahamam (1),
1950yerel,yerel,baskanlik,6,Ankara,TR-D-06-015,Kahramankazan,tarali_henuz_yok,1987-07-04,3392,kanun_tek_kaynak,Yenimahalle (31),
1950yerel,yerel,baskanlik,6,Ankara,TR-D-06-017,Keçiören,tarali_henuz_yok,1983-11-30,2963,kanun_tek_kaynak,Altındağ (9),
1950yerel,yerel,baskanlik,6,Ankara,TR-D-06-022,Pursaklar,tarali_henuz_yok,2008-03-22,5747,kanun_cok_kaynak,Altındağ (2); Keçiören (2); Çubuk (1),
1950yerel,yerel,baskanlik,6,Ankara,TR-D-06-023,Sincan,tarali_henuz_yok,1983-11-30,2963,kanun_tek_kaynak,Yenimahalle (17),
1950yerel,yerel,baskanlik,6,Ankara,TR-D-06-025,Yenimahalle,tarali_henuz_yok,1957-09-01,7033,kanun_dogrulanmadi,Merkez (3),
1950yerel,yerel,baskanlik,7,Antalya,TR-D-07-010,İbradı,tarali_henuz_yok,1990-05-20,3644,kanun_cok_kaynak,Akseki (13); Manavgat (5),
1950yerel,yerel,baskanlik,7,Antalya,TR-D-07-016,Kumluca,tarali_henuz_yok,1958-04-01,7033,kanun_dogrulanmadi,Finike (2),
1950yerel,yerel,baskanlik,8,Artvin,TR-D-08-002,Arhavi,tarali_henuz_yok,1954-06-01,6324,unresolved,,
1950yerel,yerel,baskanlik,9,Aydın,TR-D-09-002,Buharkent,tarali_henuz_yok,1987-07-04,3392,kanun_tek_kaynak,Kuyucak (8),
1950yerel,yerel,baskanlik,9,Aydın,TR-D-09-004,Didim,tarali_henuz_yok,1990-05-20,3644,kanun_cok_kaynak,Söke (5); Milas (1),
1950yerel,yerel,baskanlik,9,Aydın,TR-D-09-012,KUŞADASI,gri_satir_yok,,,,,
1950yerel,yerel,baskanlik,9,Aydın,TR-D-09-013,Kuyucak,tarali_henuz_yok,1953-03-01,6068,unresolved,,
1950yerel,yerel,baskanlik,9,Aydın,TR-D-09-016,Sultanhisar,tarali_henuz_yok,1958-04-01,7033,kanun_dogrulanmadi,Nazilli (1),
1950yerel,yerel,baskanlik,9,Aydın,TR-D-09-017,Yenipazar,tarali_henuz_yok,1957-09-01,7033,kanun_dogrulanmadi,Bozdoğan (1); Merkez (2),
1950yerel,yerel,baskanlik,10,Balıkesir,TR-D-10-012,Havran,tarali_henuz_yok,1959-04-01,7033,kanun_dogrulanmadi,Edremit (2),
1950yerel,yerel,baskanlik,10,Balıkesir,TR-D-10-015,Kepsut,tarali_henuz_yok,1953-03-01,6068,unresolved,,
1950yerel,yerel,baskanlik,10,Balıkesir,TR-D-10-018,Savaştepe,tarali_henuz_yok,1954-06-01,6325,unresolved,,
1950yerel,yerel,baskanlik,11,Bilecik,TR-D-11-006,Pazaryeri,tarali_henuz_yok,1953-03-01,6068,unresolved,,
1950yerel,yerel,baskanlik,12,Bingöl,TR-D-12-008,Yedisu,tarali_henuz_yok,1990-05-20,3644,kanun_cok_kaynak,Kiğı (12); Pülümür (5); Karlıova (3),
1950yerel,yerel,baskanlik,13,Bitlis,TR-D-13-001,Adilcevaz,tarali_henuz_yok,1953-03-01,6068,unresolved,,
1950yerel,yerel,baskanlik,14,Bolu,TR-D-14-005,Kıbrıscık,tarali_henuz_yok,1958-04-01,7033,kanun_dogrulanmadi,İskilip (3); Seben (1); Merkez (1),
1950yerel,yerel,baskanlik,15,Burdur,TR-D-15-001,Ağlasun,tarali_henuz_yok,1958-04-01,7033,unresolved,,
1950yerel,yerel,baskanlik,15,Burdur,TR-D-15-002,Altınyayla,tarali_henuz_yok,1990-05-20,3644,kanun_tek_kaynak,Gölhisar (11),
1950yerel,yerel,baskanlik,15,Burdur,TR-D-15-005,Çavdır,tarali_henuz_yok,1990-05-20,3644,kanun_tek_kaynak,Gölhisar (14),
1950yerel,yerel,baskanlik,15,Burdur,TR-D-15-007,Gölhisar,tarali_henuz_yok,1953-03-01,6068,unresolved,,
1950yerel,yerel,baskanlik,15,Burdur,TR-D-15-008,Karamanlı,tarali_henuz_yok,1987-07-04,3392,kanun_cok_kaynak,Tefenni (5); Yeşilova (3); Merkez (2),
1950yerel,yerel,baskanlik,16,Bursa,TR-D-16-008,Keles,tarali_henuz_yok,1953-03-01,6068,unresolved,,
1950yerel,yerel,baskanlik,18,Çankırı,TR-D-18-002,Bayramören,tarali_henuz_yok,1990-05-20,3644,kanun_cok_kaynak,Kurşunlu (24); Atkaracalar (3),
1950yerel,yerel,baskanlik,18,Çankırı,TR-D-18-005,Eldivan,tarali_henuz_yok,1960-04-01,7033,kanun_dogrulanmadi,,
1950yerel,yerel,baskanlik,18,Çankırı,TR-D-18-010,Orta,tarali_henuz_yok,1959-04-01,7033,kanun_dogrulanmadi,Tavas (2),
1950yerel,yerel,baskanlik,18,Çankırı,TR-D-18-012,Yapraklı,tarali_henuz_yok,1958-04-01,7033,unresolved,,
1950yerel,yerel,baskanlik,19,Çorum,TR-D-19-002,Bayat,tarali_henuz_yok,1958-04-01,7033,unresolved,,
1950yerel,yerel,baskanlik,19,Çorum,TR-D-19-007,KARGI,gri_satir_yok,,,,,
1950yerel,yerel,baskanlik,19,Çorum,TR-D-19-011,Ortaköy,tarali_henuz_yok,1959-04-01,7033,unresolved,,
1950yerel,yerel,baskanlik,19,Çorum,TR-D-19-014,Uğurludağ,tarali_henuz_yok,1987-07-04,3392,kanun_cok_kaynak,İskilip (17); Sungurlu (12); Merkez (4),
1950yerel,yerel,baskanlik,20,Denizli,TR-D-20-005,Beyağaç,tarali_henuz_yok,1990-05-20,3644,kanun_tek_kaynak,Kale (7),
1950yerel,yerel,baskanlik,20,Denizli,TR-D-20-006,Bozkurt,tarali_henuz_yok,1990-05-20,3644,kanun_tek_kaynak,Çardak (9),
1950yerel,yerel,baskanlik,20,Denizli,TR-D-20-009,Çameli,tarali_henuz_yok,1953-03-01,6068,unresolved,,
1950yerel,yerel,baskanlik,20,Denizli,TR-D-20-010,Çardak,tarali_henuz_yok,1958-04-01,7033,kanun_dogrulanmadi,Merkez (3); Çal (1),
1950yerel,yerel,baskanlik,20,Denizli,TR-D-20-014,Kale,tarali_henuz_yok,1959-04-01,7033,unresolved,,
1950yerel,yerel,baskanlik,21,Diyarbakır,TR-D-21-005,Çüngüş,tarali_henuz_yok,1953-03-01,6068,unresolved,,
1950yerel,yerel,baskanlik,21,Diyarbakır,TR-D-21-009,Hani,tarali_henuz_yok,1958-04-01,7033,unresolved,,
1950yerel,yerel,baskanlik,21,Diyarbakır,TR-D-21-010,Hazro,tarali_henuz_yok,1954-06-01,6325,unresolved,,
1950yerel,yerel,baskanlik,22,Edirne,TR-D-22-002,Enez,tarali_henuz_yok,1953-03-01,6068,unresolved,,
1950yerel,yerel,baskanlik,22,Edirne,TR-D-22-003,Havsa,tarali_henuz_yok,1954-06-01,6324,unresolved,,
1950yerel,yerel,baskanlik,23,Elazığ,TR-D-23-001,Ağın,tarali_henuz_yok,1954-06-01,6324,unresolved,,
1950yerel,yerel,baskanlik,23,Elazığ,TR-D-23-002,Alacakaya,tarali_henuz_yok,1990-05-20,3644,kanun_cok_kaynak,Maden (7); Arıcak (5),
1950yerel,yerel,baskanlik,23,Elazığ,TR-D-23-008,Kovancılar,tarali_henuz_yok,1987-07-04,3392,kanun_cok_kaynak,Palu (78); Ağın (1),
1950yerel,yerel,baskanlik,24,Erzincan,TR-D-24-001,Çayırlı,tarali_henuz_yok,1954-06-01,6324,unresolved,,
1950yerel,yerel,baskanlik,24,Erzincan,TR-D-24-006,Otlukbeli,tarali_henuz_yok,1990-05-20,3644,kanun_tek_kaynak,Çayırlı (13),
1950yerel,yerel,baskanlik,25,Erzurum,TR-D-25-003,Çat,tarali_henuz_yok,1954-06-01,6325,unresolved,,
1950yerel,yerel,baskanlik,25,Erzurum,TR-D-25-005,Horasan,tarali_henuz_yok,1953-12-04,6191,unresolved,,
1950yerel,yerel,baskanlik,25,Erzurum,TR-D-25-010,Narman,tarali_henuz_yok,1954-06-01,6324,unresolved,,
1950yerel,yerel,baskanlik,25,Erzurum,TR-D-25-012,Olur,tarali_henuz_yok,1958-04-01,7033,unresolved,,
1950yerel,yerel,baskanlik,26,Eskişehir,TR-D-26-003,Çifteler,tarali_henuz_yok,1954-06-01,6321,unresolved,,
1950yerel,yerel,baskanlik,26,Eskişehir,TR-D-26-005,Han,tarali_henuz_yok,1990-05-20,3644,kanun_tek_kaynak,Çifteler (10),
1950yerel,yerel,baskanlik,26,Eskişehir,TR-D-26-007,Mahmudiye,tarali_henuz_yok,1954-06-01,6321,unresolved,,
1950yerel,yerel,baskanlik,26,Eskişehir,TR-D-26-008,Mihalgazi,tarali_henuz_yok,1990-05-20,3644,kanun_tek_kaynak,Sarıcakaya (5),
1950yerel,yerel,baskanlik,26,Eskişehir,TR-D-26-011,Sarıcakaya,tarali_henuz_yok,1958-04-01,7033,kanun_dogrulanmadi,Merkez (2),
1950yerel,yerel,baskanlik,27,Gaziantep,TR-D-27-001,Araban,tarali_henuz_yok,1957-09-01,7033,kanun_dogrulanmadi,Tirebolu (3); Merkez (1),
1950yerel,yerel,baskanlik,27,Gaziantep,TR-D-27-009,Yavuzeli,tarali_henuz_yok,1958-04-01,7033,kanun_dogrulanmadi,Merkez (1),
1950yerel,yerel,baskanlik,28,Giresun,TR-D-28-005,Dereli,tarali_henuz_yok,1958-04-01,7033,kanun_dogrulanmadi,Merkez (2),
1950yerel,yerel,baskanlik,28,Giresun,TR-D-28-007,Espiye,tarali_henuz_yok,1957-09-01,7033,unresolved,,
1950yerel,yerel,baskanlik,28,Giresun,TR-D-28-008,Eynesil,tarali_henuz_yok,1960-04-01,7033,kanun_dogrulanmadi,Görele (1); Merkez (1),
1950yerel,yerel,baskanlik,28,Giresun,TR-D-28-016,Yağlıdere,tarali_henuz_yok,1987-07-04,3392,kanun_tek_kaynak,Espiye (30),
1950yerel,yerel,baskanlik,29,Gümüşhane,TR-D-29-004,Kürtün,tarali_henuz_yok,1990-05-20,3644,kanun_cok_kaynak,Torul (32); Tirebolu (2),
1950yerel,yerel,baskanlik,30,Hakkari,TR-D-30-001,Çukurca,tarali_henuz_yok,1953-03-01,6068,unresolved,,
1950yerel,yerel,baskanlik,30,Hakkari,TR-D-30-005,Derecik,tarali_henuz_yok,2018-10-25,7148,unresolved,,
1950yerel,yerel,baskanlik,32,Isparta,TR-D-32-002,Atabey,tarali_henuz_yok,1960-04-01,7033,unresolved,,
1950yerel,yerel,baskanlik,32,Isparta,TR-D-32-004,Gelendost,tarali_henuz_yok,1954-06-01,6324,unresolved,,
1950yerel,yerel,baskanlik,32,Isparta,TR-D-32-008,Senirkent,tarali_henuz_yok,1952-06-30,5959,unresolved,,
1950yerel,yerel,baskanlik,33,Mersin,TR-D-33-006,Erdemli,tarali_henuz_yok,1954-06-01,6325,unresolved,,
1950yerel,yerel,baskanlik,34,İstanbul,TR-D-34-002,Arnavutköy,tarali_henuz_yok,2008-03-22,5747,kanun_cok_kaynak,Gaziosmanpaşa (26); Çatalca (18); Küçükçekmece (1),
1950yerel,yerel,baskanlik,34,İstanbul,TR-D-34-003,Ataşehir,tarali_henuz_yok,2008-03-22,5747,repo_dogrulanmis,Kadıköy (7); Üsküdar (3); Ümraniye (3); Kartal (2),
1950yerel,yerel,baskanlik,34,İstanbul,TR-D-34-008,Başakşehir,tarali_henuz_yok,2008-03-22,5747,kanun_cok_kaynak,Küçükçekmece (8); Büyükçekmece (3); Esenler (1),
1950yerel,yerel,baskanlik,34,İstanbul,TR-D-34-016,Çekmeköy,tarali_henuz_yok,2008-03-22,5747,repo_dogrulanmis,Ümraniye (25); Kartal (1),
1950yerel,yerel,baskanlik,34,İstanbul,TR-D-34-017,Esenler,tarali_henuz_yok,1993-12-29,3949,kanun_kaynak_yazilmamis,,
1950yerel,yerel,baskanlik,34,İstanbul,TR-D-34-018,Esenyurt,tarali_henuz_yok,2008-03-22,5747,kanun_cok_kaynak,Büyükçekmece (23); Avcılar (1),
1950yerel,yerel,baskanlik,34,İstanbul,TR-D-34-024,Kağıthane,tarali_henuz_yok,1987-07-04,3392,kanun_kaynak_yazilmamis,,
1950yerel,yerel,baskanlik,34,İstanbul,TR-D-34-029,Sancaktepe,tarali_henuz_yok,2008-03-22,5747,repo_dogrulanmis,Ümraniye (15); Kartal (1),
1950yerel,yerel,baskanlik,34,İstanbul,TR-D-34-033,Sultangazi,tarali_henuz_yok,2008-03-22,5747,kanun_cok_kaynak,Gaziosmanpaşa (14); Eyüp (1); Esenler (1),
1950yerel,yerel,baskanlik,34,İstanbul,TR-D-34-035,Şişli,tarali_henuz_yok,1954-06-01,6324,unresolved,,
1950yerel,yerel,baskanlik,34,İstanbul,TR-D-34-037,Ümraniye,tarali_henuz_yok,1987-07-04,3392,repo_dogrulanmis,,
1950yerel,yerel,baskanlik,34,İstanbul,TR-D-34-039,Zeytinburnu,tarali_henuz_yok,1957-09-01,7033,kanun_dogrulanmadi,,
1950yerel,yerel,baskanlik,35,İzmir,TR-D-35-001,Aliağa,tarali_henuz_yok,1982-01-21,2585,kanun_cok_kaynak,Menemen (12); Bergama (6); Foça (2),
1950yerel,yerel,baskanlik,35,İzmir,TR-D-35-004,Bayraklı,tarali_henuz_yok,2008-03-22,5747,repo_dogrulanmis,Karşıyaka (23),
1950yerel,yerel,baskanlik,35,İzmir,TR-D-35-007,Bornova,tarali_henuz_yok,1958-04-01,7033,kanun_dogrulanmadi,Ardahan (3); Merkez (1),
1950yerel,yerel,baskanlik,35,İzmir,TR-D-35-010,Çiğli,tarali_henuz_yok,1992-06-03,3806,repo_dogrulanmis,Karşıyaka (2),
1950yerel,yerel,baskanlik,35,İzmir,TR-D-35-017,Karşıyaka,tarali_henuz_yok,1954-06-01,6325,repo_dogrulanmis,,
1950yerel,yerel,baskanlik,35,İzmir,TR-D-35-027,Selçuk,tarali_henuz_yok,1957-09-01,7033,unresolved,,
1950yerel,yerel,baskanlik,36,Kars,TR-D-36-003,Digor,tarali_henuz_yok,1953-03-01,6068,unresolved,,
1950yerel,yerel,baskanlik,36,Kars,TR-D-36-007,Selim,tarali_henuz_yok,1957-09-01,7033,unresolved,,
1950yerel,yerel,baskanlik,36,Kars,TR-D-36-008,Susuz,tarali_henuz_yok,1959-04-01,7033,kanun_dogrulanmadi,Merkez (2),
1950yerel,yerel,baskanlik,37,Kastamonu,TR-D-37-002,Ağlı,tarali_henuz_yok,1990-05-20,3644,kanun_cok_kaynak,Azdavay (7); Küre (5); Daday (3),
1950yerel,yerel,baskanlik,37,Kastamonu,TR-D-37-005,Bozkurt,tarali_henuz_yok,1968-07-17,1055,kanun_kaynak_yazilmamis,,
1950yerel,yerel,baskanlik,37,Kastamonu,TR-D-37-007,Çatalzeytin,tarali_henuz_yok,1954-06-01,6324,unresolved,,
1950yerel,yerel,baskanlik,37,Kastamonu,TR-D-37-017,Seydiler,tarali_henuz_yok,1990-05-20,3644,kanun_cok_kaynak,Devrakani (11); Küre (6),
1950yerel,yerel,baskanlik,38,Kayseri,TR-D-38-004,Felahiye,tarali_henuz_yok,1957-09-01,7033,unresolved,,
1950yerel,yerel,baskanlik,38,Kayseri,TR-D-38-009,Özvatan,tarali_henuz_yok,1990-05-20,3644,kanun_cok_kaynak,Felahiye (5); Sarıoğlan (3); Kocasinan (2),
1950yerel,yerel,baskanlik,38,Kayseri,TR-D-38-011,Sarıoğlan,tarali_henuz_yok,1960-04-01,7033,kanun_dogrulanmadi,Bünyan (1),
1950yerel,yerel,baskanlik,38,Kayseri,TR-D-38-014,Tomarza,tarali_henuz_yok,1953-03-01,6068,unresolved,,
1950yerel,yerel,baskanlik,38,Kayseri,TR-D-38-015,Yahyalı,tarali_henuz_yok,1954-06-01,6324,unresolved,,
1950yerel,yerel,baskanlik,39,Kırklareli,TR-D-39-004,Kofçaz,tarali_henuz_yok,1959-04-01,7033,kanun_dogrulanmadi,Merkez (1),
1950yerel,yerel,baskanlik,39,Kırklareli,TR-D-39-006,Pehlivanköy,tarali_henuz_yok,1958-04-01,7033,unresolved,,
1950yerel,yerel,baskanlik,39,Kırklareli,TR-D-39-007,Pınarhisar,tarali_henuz_yok,1953-03-01,6068,unresolved,,
1950yerel,yerel,baskanlik,40,Kırşehir,TR-D-40-001,Akçakent,tarali_henuz_yok,1990-05-20,3644,kanun_cok_kaynak,Çiçekdağı (22); Akpınar (5),
1950yerel,yerel,baskanlik,41,Kocaeli,TR-D-41-012,Körfez,tarali_henuz_yok,1987-07-04,3392,kanun_cok_kaynak,Gebze (9); Merkez (8),
1950yerel,yerel,baskanlik,42,Konya,TR-D-42-008,Çeltik,tarali_henuz_yok,1990-05-20,3644,kanun_tek_kaynak,Yunak (10),
1950yerel,yerel,baskanlik,42,Konya,TR-D-42-010,Derbent,tarali_henuz_yok,1990-05-20,3644,kanun_cok_kaynak,Selçuklu (9); Meram (1),
1950yerel,yerel,baskanlik,42,Konya,TR-D-42-012,Doğanhisar,tarali_henuz_yok,1957-09-01,7033,unresolved,,
1950yerel,yerel,baskanlik,42,Konya,TR-D-42-023,Kulu,tarali_henuz_yok,1954-06-01,6325,unresolved,,
1950yerel,yerel,baskanlik,42,Konya,TR-D-42-025,Sarayönü,tarali_henuz_yok,1959-04-01,7033,unresolved,,
1950yerel,yerel,baskanlik,42,Konya,TR-D-42-031,Yunak,tarali_henuz_yok,1953-03-01,6068,unresolved,,
1950yerel,yerel,baskanlik,43,Kütahya,TR-D-43-003,Çavdarhisar,tarali_henuz_yok,1990-05-20,3644,kanun_cok_kaynak,Emet (11); Gediz (6); Aslanapa (1),
1950yerel,yerel,baskanlik,43,Kütahya,TR-D-43-004,Domaniç,tarali_henuz_yok,1960-04-01,7033,kanun_dogrulanmadi,Tavşanlı (1),
1950yerel,yerel,baskanlik,44,Malatya,TR-D-44-003,Arguvan,tarali_henuz_yok,1954-06-01,6325,unresolved,,
1950yerel,yerel,baskanlik,44,Malatya,TR-D-44-013,Yeşilyurt,tarali_henuz_yok,1957-09-01,7033,repo_dogrulanmis,Merkez (1),
1950yerel,yerel,baskanlik,45,Manisa,TR-D-45-008,Köprübaşı,tarali_henuz_yok,1990-05-20,3644,kanun_cok_kaynak,Gördes (30); Salihli (1),
1950yerel,yerel,baskanlik,45,Manisa,TR-D-45-011,Sarıgöl,tarali_henuz_yok,1957-09-01,7033,kanun_dogrulanmadi,Alaşehir (1),
1950yerel,yerel,baskanlik,45,Manisa,TR-D-45-012,Saruhanlı,tarali_henuz_yok,1959-04-01,7033,kanun_dogrulanmadi,Merkez (1),
1950yerel,yerel,baskanlik,45,Manisa,TR-D-45-013,Selendi,tarali_henuz_yok,1954-06-01,6324,unresolved,,
1950yerel,yerel,baskanlik,46,Kahramanmaraş,TR-D-46-011,Türkoğlu,tarali_henuz_yok,1960-04-01,7033,kanun_dogrulanmadi,Merkez (1),
1950yerel,yerel,baskanlik,47,Mardin,TR-D-47-002,Dargeçit,tarali_henuz_yok,1987-07-04,3392,kanun_cok_kaynak,Midyat (32); İdil (5); Gercüş (3); Merkez (1),
1950yerel,yerel,baskanlik,47,Mardin,TR-D-47-008,Ömerli,tarali_henuz_yok,1953-03-01,6068,unresolved,,
1950yerel,yerel,baskanlik,48,Muğla,TR-D-48-012,Ula,tarali_henuz_yok,1954-06-01,6325,unresolved,,
1950yerel,yerel,baskanlik,52,Ordu,TR-D-52-001,Akkuş,tarali_henuz_yok,1954-06-01,6324,unresolved,,
1950yerel,yerel,baskanlik,52,Ordu,TR-D-52-003,Aybastı,tarali_henuz_yok,1959-04-01,7033,kanun_dogrulanmadi,Gölköy (2),
1950yerel,yerel,baskanlik,52,Ordu,TR-D-52-010,Gürgentepe,tarali_henuz_yok,1987-07-04,3392,kanun_cok_kaynak,Gölköy (5); Fatsa (3); Merkez (1); Ulubey (1),
1950yerel,yerel,baskanlik,52,Ordu,TR-D-52-011,İkizce,tarali_henuz_yok,1990-05-20,3644,kanun_cok_kaynak,Ünye (14); Terme (3),
1950yerel,yerel,baskanlik,52,Ordu,TR-D-52-013,Kabataş,tarali_henuz_yok,1990-05-20,3644,kanun_tek_kaynak,Aybastı (4),
1950yerel,yerel,baskanlik,52,Ordu,TR-D-52-014,Korgan,tarali_henuz_yok,1960-04-01,7033,unresolved,,
1950yerel,yerel,baskanlik,52,Ordu,TR-D-52-015,Kumru,tarali_henuz_yok,1960-04-01,7033,kanun_dogrulanmadi,Ardeşen (2); Merkez (1),
1950yerel,yerel,baskanlik,52,Ordu,TR-D-52-018,Ulubey,tarali_henuz_yok,1958-04-01,7033,unresolved,,
1950yerel,yerel,baskanlik,53,Rize,TR-D-53-001,Ardeşen,tarali_henuz_yok,1953-03-01,6068,unresolved,,
1950yerel,yerel,baskanlik,53,Rize,TR-D-53-002,Çamlıhemşin,tarali_henuz_yok,1960-04-01,7033,unresolved,,
1950yerel,yerel,baskanlik,53,Rize,TR-D-53-005,FINDIKLI,gri_satir_yok,,,,,
1950yerel,yerel,baskanlik,53,Rize,TR-D-53-010,Kalkandere,tarali_henuz_yok,1959-04-01,7033,kanun_dogrulanmadi,Merkez (1); Merkez (1),
1950yerel,yerel,baskanlik,55,Samsun,TR-D-55-001,Ondokuzmayıs,tarali_henuz_yok,1987-07-04,3392,kanun_cok_kaynak,Bafra (22); Merkez (13),
1950yerel,yerel,baskanlik,55,Samsun,TR-D-55-013,Salıpazarı,tarali_henuz_yok,1987-07-04,3392,kanun_cok_kaynak,Terme (17); Çarşamba (14),
1950yerel,yerel,baskanlik,56,Siirt,TR-D-56-001,BAYKAN,gri_satir_yok,,,,,
1950yerel,yerel,baskanlik,57,Sinop,TR-D-57-004,Durağan,tarali_henuz_yok,1954-06-01,6324,unresolved,,
1950yerel,yerel,baskanlik,57,Sinop,TR-D-57-005,Erfelek,tarali_henuz_yok,1960-04-01,7033,unresolved,,
1950yerel,yerel,baskanlik,57,Sinop,TR-D-57-009,Türkeli,tarali_henuz_yok,1957-09-01,7033,kanun_dogrulanmadi,,
1950yerel,yerel,baskanlik,58,Sivas,TR-D-58-002,Altınyayla,tarali_henuz_yok,1990-05-20,3644,kanun_cok_kaynak,Şarkışla (18); Merkez (2),
1950yerel,yerel,baskanlik,58,Sivas,TR-D-58-005,Gemerek,tarali_henuz_yok,1953-03-01,6068,unresolved,,
1950yerel,yerel,baskanlik,59,Tekirdağ,TR-D-59-001,Çerkezköy,tarali_henuz_yok,1958-04-01,7033,kanun_dogrulanmadi,Saray (1); Çorlu (1),
1950yerel,yerel,baskanlik,59,Tekirdağ,TR-D-59-005,Kapaklı,tarali_henuz_yok,2012-12-06,6360,kanun_tek_kaynak,Çerkezköy (7),
1950yerel,yerel,baskanlik,59,Tekirdağ,TR-D-59-007,Marmaraereğlisi,tarali_henuz_yok,1987-07-04,3392,kanun_cok_kaynak,Çorlu (4),
1950yerel,yerel,baskanlik,59,Tekirdağ,TR-D-59-008,Muratlı,tarali_henuz_yok,1957-09-01,7033,unresolved,,
1950yerel,yerel,baskanlik,60,Tokat,TR-D-60-001,Almus,tarali_henuz_yok,1954-06-01,6325,unresolved,,
1950yerel,yerel,baskanlik,60,Tokat,TR-D-60-008,Sulusaray,tarali_henuz_yok,1990-05-20,3644,kanun_cok_kaynak,Yeşilyurt (18); Artova (1),
1950yerel,yerel,baskanlik,60,Tokat,TR-D-60-011,Yeşilyurt,tarali_henuz_yok,1987-07-04,3392,kanun_cok_kaynak,Artova (32); Merkez (5),
1950yerel,yerel,baskanlik,61,Trabzon,TR-D-61-002,Araklı,tarali_henuz_yok,1953-03-01,6068,unresolved,,
1950yerel,yerel,baskanlik,61,Trabzon,TR-D-61-003,Arsin,tarali_henuz_yok,1959-04-01,7033,unresolved,,
1950yerel,yerel,baskanlik,61,Trabzon,TR-D-61-016,Tonya,tarali_henuz_yok,1954-06-01,6324,unresolved,,
1950yerel,yerel,baskanlik,61,Trabzon,TR-D-61-018,Yomra,tarali_henuz_yok,1959-04-01,7033,kanun_dogrulanmadi,Merkez (1),
1950yerel,yerel,baskanlik,63,Şanlıurfa,TR-D-63-006,Halfeti,tarali_henuz_yok,1954-06-01,6324,unresolved,,
1950yerel,yerel,baskanlik,65,Van,TR-D-65-003,Çaldıran,tarali_henuz_yok,1987-07-04,3392,kanun_cok_kaynak,Muradiye (62),
1950yerel,yerel,baskanlik,66,Yozgat,TR-D-66-009,Sarıkaya,tarali_henuz_yok,1957-09-01,7033,kanun_dogrulanmadi,Boğazlıyan (1); Akdağmadeni (2); Bartın (1); Saimbeyli (1),
1950yerel,yerel,baskanlik,66,Yozgat,TR-D-66-011,Şefaatli,tarali_henuz_yok,1954-06-01,6324,unresolved,,
1955yerel,yerel,baskanlik,1,Adana,TR-D-01-003,Çukurova,tarali_henuz_yok,2008-03-22,5747,kanun_cok_kaynak,Seyhan (14); Karaisalı (10),
1955yerel,yerel,baskanlik,1,Adana,TR-D-01-007,Karataş,tarali_henuz_yok,1957-09-01,7033,kanun_dogrulanmadi,Merkez (3),
1955yerel,yerel,baskanlik,1,Adana,TR-D-01-011,Sarıçam,tarali_henuz_yok,2008-03-22,5747,kanun_tek_kaynak,Yüreğir (72),
1955yerel,yerel,baskanlik,1,Adana,TR-D-01-012,Seyhan,tarali_henuz_yok,1986-06-19,3306,repo_dogrulanmis,,
1955yerel,yerel,baskanlik,1,Adana,TR-D-01-013,Tufanbeyli,tarali_henuz_yok,1958-04-01,7033,unresolved,,
1955yerel,yerel,baskanlik,1,Adana,TR-D-01-014,Yumurtalık,tarali_henuz_yok,1959-04-01,7033,kanun_dogrulanmadi,Merkez (1),
1955yerel,yerel,baskanlik,1,Adana,TR-D-01-015,Yüreğir,tarali_henuz_yok,1986-06-19,3306,repo_dogrulanmis,,
1955yerel,yerel,baskanlik,2,Adıyaman,TR-D-02-001,ADIYAMAN MERKEZ,gri_satir_yok,,,,,
1955yerel,yerel,baskanlik,2,Adıyaman,TR-D-02-005,Gölbaşı,tarali_henuz_yok,1958-04-01,7033,kanun_dogrulanmadi,,
1955yerel,yerel,baskanlik,2,Adıyaman,TR-D-02-007,Samsat,tarali_henuz_yok,1960-04-01,7033,kanun_dogrulanmadi,Merkez (2),
1955yerel,yerel,baskanlik,3,Afyonkarahisar,TR-D-03-002,Başmakçı,tarali_henuz_yok,1987-07-04,3392,kanun_tek_kaynak,Dazkırı (13),
1955yerel,yerel,baskanlik,3,Afyonkarahisar,TR-D-03-005,Çay,tarali_henuz_yok,1958-04-01,7033,kanun_dogrulanmadi,Bolvadin (2),
1955yerel,yerel,baskanlik,3,Afyonkarahisar,TR-D-03-007,Dazkırı,tarali_henuz_yok,1959-04-01,7033,kanun_dogrulanmadi,Dinar (2),
1955yerel,yerel,baskanlik,3,Afyonkarahisar,TR-D-03-010,Evciler,tarali_henuz_yok,1990-05-20,3644,kanun_tek_kaynak,Dazkırı (7),
1955yerel,yerel,baskanlik,3,Afyonkarahisar,TR-D-03-012,İhsaniye,tarali_henuz_yok,1959-04-01,7033,kanun_dogrulanmadi,Merkez (2),
1955yerel,yerel,baskanlik,3,Afyonkarahisar,TR-D-03-017,Sultandağı,tarali_henuz_yok,1958-04-01,7033,kanun_dogrulanmadi,Bolvadin (1),
1955yerel,yerel,baskanlik,4,Ağrı,TR-D-04-001,AĞRI MERKEZ,gri_satir_yok,,,,,
1955yerel,yerel,baskanlik,4,Ağrı,TR-D-04-005,Hamur,tarali_henuz_yok,1958-04-01,7033,kanun_dogrulanmadi,Merkez (1),
1955yerel,yerel,baskanlik,5,Amasya,TR-D-05-006,Suluova,tarali_henuz_yok,1957-09-01,7033,kanun_dogrulanmadi,Merkez (3),
1955yerel,yerel,baskanlik,6,Ankara,TR-D-06-001,Akyurt,tarali_henuz_yok,1990-05-20,3644,kanun_cok_kaynak,Çubuk (16); Kalecik (4),
1955yerel,yerel,baskanlik,6,Ankara,TR-D-06-009,Elmadağ,tarali_henuz_yok,1960-04-01,7033,unresolved,,
1955yerel,yerel,baskanlik,6,Ankara,TR-D-06-010,Etimesgut,tarali_henuz_yok,1990-05-20,3644,kanun_tek_kaynak,Yenimahalle (14),
1955yerel,yerel,baskanlik,6,Ankara,TR-D-06-013,Güdül,tarali_henuz_yok,1957-09-01,7033,kanun_dogrulanmadi,Ayaş (1); Beypazarı (1); Kızılcahamam (1),
1955yerel,yerel,baskanlik,6,Ankara,TR-D-06-015,Kahramankazan,tarali_henuz_yok,1987-07-04,3392,kanun_tek_kaynak,Yenimahalle (31),
1955yerel,yerel,baskanlik,6,Ankara,TR-D-06-022,Pursaklar,tarali_henuz_yok,2008-03-22,5747,kanun_cok_kaynak,Altındağ (2); Keçiören (2); Çubuk (1),
1955yerel,yerel,baskanlik,6,Ankara,TR-D-06-023,Sincan,tarali_henuz_yok,1983-11-30,2963,kanun_tek_kaynak,Yenimahalle (17),
1955yerel,yerel,baskanlik,6,Ankara,TR-D-06-025,Yenimahalle,tarali_henuz_yok,1957-09-01,7033,kanun_dogrulanmadi,Merkez (3),
1955yerel,yerel,baskanlik,7,Antalya,TR-D-07-010,İbradı,tarali_henuz_yok,1990-05-20,3644,kanun_cok_kaynak,Akseki (13); Manavgat (5),
1955yerel,yerel,baskanlik,7,Antalya,TR-D-07-016,Kumluca,tarali_henuz_yok,1958-04-01,7033,kanun_dogrulanmadi,Finike (2),
1955yerel,yerel,baskanlik,9,Aydın,TR-D-09-004,Didim,tarali_henuz_yok,1990-05-20,3644,kanun_cok_kaynak,Söke (5); Milas (1),
1955yerel,yerel,baskanlik,9,Aydın,TR-D-09-012,KUŞADASI,gri_satir_yok,,,,,
1955yerel,yerel,baskanlik,9,Aydın,TR-D-09-016,Sultanhisar,tarali_henuz_yok,1958-04-01,7033,kanun_dogrulanmadi,Nazilli (1),
1955yerel,yerel,baskanlik,9,Aydın,TR-D-09-017,Yenipazar,tarali_henuz_yok,1957-09-01,7033,kanun_dogrulanmadi,Bozdoğan (1); Merkez (2),
1955yerel,yerel,baskanlik,10,Balıkesir,TR-D-10-012,Havran,tarali_henuz_yok,1959-04-01,7033,kanun_dogrulanmadi,Edremit (2),
1955yerel,yerel,baskanlik,12,Bingöl,TR-D-12-001,Adaklı,tarali_henuz_yok,1987-07-04,3392,kanun_tek_kaynak,Kiğı (32),
1955yerel,yerel,baskanlik,12,Bingöl,TR-D-12-002,BİNGÖL MERKEZ,gri_satir_yok,,,,,
1955yerel,yerel,baskanlik,12,Bingöl,TR-D-12-005,KİĞI,gri_satir_bos,,,,,
1955yerel,yerel,baskanlik,12,Bingöl,TR-D-12-006,SOLHAN,gri_satir_bos,,,,,
1955yerel,yerel,baskanlik,12,Bingöl,TR-D-12-007,Yayladere,tarali_henuz_yok,1987-07-04,3392,kanun_tek_kaynak,Kiğı (20),
1955yerel,yerel,baskanlik,12,Bingöl,TR-D-12-008,Yedisu,tarali_henuz_yok,1990-05-20,3644,kanun_cok_kaynak,Kiğı (12); Pülümür (5); Karlıova (3),
1955yerel,yerel,baskanlik,14,Bolu,TR-D-14-005,Kıbrıscık,tarali_henuz_yok,1958-04-01,7033,kanun_dogrulanmadi,İskilip (3); Seben (1); Merkez (1),
1955yerel,yerel,baskanlik,15,Burdur,TR-D-15-001,Ağlasun,tarali_henuz_yok,1958-04-01,7033,unresolved,,
1955yerel,yerel,baskanlik,15,Burdur,TR-D-15-004,BURDUR MERKEZ,gri_satir_yok,,,,,
1955yerel,yerel,baskanlik,15,Burdur,TR-D-15-006,Çeltikçi,tarali_henuz_yok,1990-05-20,3644,kanun_cok_kaynak,Merkez (9); Bucak (2),
1955yerel,yerel,baskanlik,15,Burdur,TR-D-15-008,Karamanlı,tarali_henuz_yok,1987-07-04,3392,kanun_cok_kaynak,Tefenni (5); Yeşilova (3); Merkez (2),
1955yerel,yerel,baskanlik,15,Burdur,TR-D-15-009,Kemer,tarali_henuz_yok,1987-07-04,3392,kanun_tek_kaynak,Merkez (6),
1955yerel,yerel,baskanlik,17,Çanakkale,TR-D-17-006,ÇANAKKALE MERKEZ,gri_satir_yok,,,,,
1955yerel,yerel,baskanlik,18,Çankırı,TR-D-18-002,Bayramören,tarali_henuz_yok,1990-05-20,3644,kanun_cok_kaynak,Kurşunlu (24); Atkaracalar (3),
1955yerel,yerel,baskanlik,18,Çankırı,TR-D-18-005,Eldivan,tarali_henuz_yok,1960-04-01,7033,kanun_dogrulanmadi,,
1955yerel,yerel,baskanlik,18,Çankırı,TR-D-18-010,Orta,tarali_henuz_yok,1959-04-01,7033,kanun_dogrulanmadi,Tavas (2),
1955yerel,yerel,baskanlik,18,Çankırı,TR-D-18-012,Yapraklı,tarali_henuz_yok,1958-04-01,7033,unresolved,,
1955yerel,yerel,baskanlik,19,Çorum,TR-D-19-002,Bayat,tarali_henuz_yok,1958-04-01,7033,unresolved,,
1955yerel,yerel,baskanlik,19,Çorum,TR-D-19-011,Ortaköy,tarali_henuz_yok,1959-04-01,7033,unresolved,,
1955yerel,yerel,baskanlik,19,Çorum,TR-D-19-014,Uğurludağ,tarali_henuz_yok,1987-07-04,3392,kanun_cok_kaynak,İskilip (17); Sungurlu (12); Merkez (4),
1955yerel,yerel,baskanlik,20,Denizli,TR-D-20-005,Beyağaç,tarali_henuz_yok,1990-05-20,3644,kanun_tek_kaynak,Kale (7),
1955yerel,yerel,baskanlik,20,Denizli,TR-D-20-006,Bozkurt,tarali_henuz_yok,1990-05-20,3644,kanun_tek_kaynak,Çardak (9),
1955yerel,yerel,baskanlik,20,Denizli,TR-D-20-010,Çardak,tarali_henuz_yok,1958-04-01,7033,kanun_dogrulanmadi,Merkez (3); Çal (1),
1955yerel,yerel,baskanlik,20,Denizli,TR-D-20-014,Kale,tarali_henuz_yok,1959-04-01,7033,unresolved,,
1955yerel,yerel,baskanlik,21,Diyarbakır,TR-D-21-001,Bağlar,tarali_henuz_yok,2008-03-22,5747,repo_dogrulanmis,Merkez (11),
1955yerel,yerel,baskanlik,21,Diyarbakır,TR-D-21-007,Eğil,tarali_henuz_yok,1987-07-04,3392,kanun_cok_kaynak,Merkez (21); Dicle (6),
1955yerel,yerel,baskanlik,21,Diyarbakır,TR-D-21-009,Hani,tarali_henuz_yok,1958-04-01,7033,unresolved,,
1955yerel,yerel,baskanlik,21,Diyarbakır,TR-D-21-011,Kayapınar,tarali_henuz_yok,2008-03-22,5747,repo_dogrulanmis,Merkez (17),
1955yerel,yerel,baskanlik,21,Diyarbakır,TR-D-21-012,Kocaköy,tarali_henuz_yok,1990-05-20,3644,kanun_cok_kaynak,Merkez (8); Lice (3),
1955yerel,yerel,baskanlik,21,Diyarbakır,TR-D-21-016,Sur,tarali_henuz_yok,2008-03-22,5747,repo_dogrulanmis,Merkez (51),
1955yerel,yerel,baskanlik,21,Diyarbakır,TR-D-21-017,Yenişehir,tarali_henuz_yok,2008-03-22,5747,repo_dogrulanmis,Merkez (10),
1955yerel,yerel,baskanlik,23,Elazığ,TR-D-23-002,Alacakaya,tarali_henuz_yok,1990-05-20,3644,kanun_cok_kaynak,Maden (7); Arıcak (5),
1955yerel,yerel,baskanlik,23,Elazığ,TR-D-23-008,Kovancılar,tarali_henuz_yok,1987-07-04,3392,kanun_cok_kaynak,Palu (78); Ağın (1),
1955yerel,yerel,baskanlik,25,Erzurum,TR-D-25-002,Aziziye,tarali_henuz_yok,1990-05-20,3644,kanun_tek_kaynak,Merkez (74),
1955yerel,yerel,baskanlik,25,Erzurum,TR-D-25-012,Olur,tarali_henuz_yok,1958-04-01,7033,unresolved,,
1955yerel,yerel,baskanlik,25,Erzurum,TR-D-25-013,Palandöken,tarali_henuz_yok,2008-03-22,5747,repo_dogrulanmis,Merkez (2),
1955yerel,yerel,baskanlik,25,Erzurum,TR-D-25-020,Yakutiye,tarali_henuz_yok,2008-03-22,5747,repo_dogrulanmis,Merkez (13),
1955yerel,yerel,baskanlik,26,Eskişehir,TR-D-26-008,Mihalgazi,tarali_henuz_yok,1990-05-20,3644,kanun_tek_kaynak,Sarıcakaya (5),
1955yerel,yerel,baskanlik,26,Eskişehir,TR-D-26-011,Sarıcakaya,tarali_henuz_yok,1958-04-01,7033,kanun_dogrulanmadi,Merkez (2),
1955yerel,yerel,baskanlik,27,Gaziantep,TR-D-27-001,Araban,tarali_henuz_yok,1957-09-01,7033,kanun_dogrulanmadi,Tirebolu (3); Merkez (1),
1955yerel,yerel,baskanlik,27,Gaziantep,TR-D-27-009,Yavuzeli,tarali_henuz_yok,1958-04-01,7033,kanun_dogrulanmadi,Merkez (1),
1955yerel,yerel,baskanlik,28,Giresun,TR-D-28-005,Dereli,tarali_henuz_yok,1958-04-01,7033,kanun_dogrulanmadi,Merkez (2),
1955yerel,yerel,baskanlik,28,Giresun,TR-D-28-007,Espiye,tarali_henuz_yok,1957-09-01,7033,unresolved,,
1955yerel,yerel,baskanlik,28,Giresun,TR-D-28-008,Eynesil,tarali_henuz_yok,1960-04-01,7033,kanun_dogrulanmadi,Görele (1); Merkez (1),
1955yerel,yerel,baskanlik,28,Giresun,TR-D-28-009,GİRESUN MERKEZ,gri_satir_yok,,,,,
1955yerel,yerel,baskanlik,28,Giresun,TR-D-28-016,Yağlıdere,tarali_henuz_yok,1987-07-04,3392,kanun_tek_kaynak,Espiye (30),
1955yerel,yerel,baskanlik,29,Gümüşhane,TR-D-29-004,Kürtün,tarali_henuz_yok,1990-05-20,3644,kanun_cok_kaynak,Torul (32); Tirebolu (2),
1955yerel,yerel,baskanlik,30,Hakkari,TR-D-30-005,Derecik,tarali_henuz_yok,2018-10-25,7148,unresolved,,
1955yerel,yerel,baskanlik,32,Isparta,TR-D-32-002,Atabey,tarali_henuz_yok,1960-04-01,7033,unresolved,,
1955yerel,yerel,baskanlik,34,İstanbul,TR-D-34-002,Arnavutköy,tarali_henuz_yok,2008-03-22,5747,kanun_cok_kaynak,Gaziosmanpaşa (26); Çatalca (18); Küçükçekmece (1),
1955yerel,yerel,baskanlik,34,İstanbul,TR-D-34-003,Ataşehir,tarali_henuz_yok,2008-03-22,5747,repo_dogrulanmis,Kadıköy (7); Üsküdar (3); Ümraniye (3); Kartal (2),
1955yerel,yerel,baskanlik,34,İstanbul,TR-D-34-008,Başakşehir,tarali_henuz_yok,2008-03-22,5747,kanun_cok_kaynak,Küçükçekmece (8); Büyükçekmece (3); Esenler (1),
1955yerel,yerel,baskanlik,34,İstanbul,TR-D-34-016,Çekmeköy,tarali_henuz_yok,2008-03-22,5747,repo_dogrulanmis,Ümraniye (25); Kartal (1),
1955yerel,yerel,baskanlik,34,İstanbul,TR-D-34-017,Esenler,tarali_henuz_yok,1993-12-29,3949,kanun_kaynak_yazilmamis,,
1955yerel,yerel,baskanlik,34,İstanbul,TR-D-34-018,Esenyurt,tarali_henuz_yok,2008-03-22,5747,kanun_cok_kaynak,Büyükçekmece (23); Avcılar (1),
1955yerel,yerel,baskanlik,34,İstanbul,TR-D-34-024,Kağıthane,tarali_henuz_yok,1987-07-04,3392,kanun_kaynak_yazilmamis,,
1955yerel,yerel,baskanlik,34,İstanbul,TR-D-34-029,Sancaktepe,tarali_henuz_yok,2008-03-22,5747,repo_dogrulanmis,Ümraniye (15); Kartal (1),
1955yerel,yerel,baskanlik,34,İstanbul,TR-D-34-033,Sultangazi,tarali_henuz_yok,2008-03-22,5747,kanun_cok_kaynak,Gaziosmanpaşa (14); Eyüp (1); Esenler (1),
1955yerel,yerel,baskanlik,34,İstanbul,TR-D-34-037,Ümraniye,tarali_henuz_yok,1987-07-04,3392,repo_dogrulanmis,,
1955yerel,yerel,baskanlik,34,İstanbul,TR-D-34-039,Zeytinburnu,tarali_henuz_yok,1957-09-01,7033,kanun_dogrulanmadi,,
1955yerel,yerel,baskanlik,35,İzmir,TR-D-35-001,Aliağa,tarali_henuz_yok,1982-01-21,2585,kanun_cok_kaynak,Menemen (12); Bergama (6); Foça (2),
1955yerel,yerel,baskanlik,35,İzmir,TR-D-35-004,Bayraklı,tarali_henuz_yok,2008-03-22,5747,repo_dogrulanmis,Karşıyaka (23),
1955yerel,yerel,baskanlik,35,İzmir,TR-D-35-007,Bornova,tarali_henuz_yok,1958-04-01,7033,kanun_dogrulanmadi,Ardahan (3); Merkez (1),
1955yerel,yerel,baskanlik,35,İzmir,TR-D-35-010,Çiğli,tarali_henuz_yok,1992-06-03,3806,repo_dogrulanmis,Karşıyaka (2),
1955yerel,yerel,baskanlik,35,İzmir,TR-D-35-017,Karşıyaka,gri_satir_yok,1954-06-01,6325,repo_dogrulanmis,,
1955yerel,yerel,baskanlik,35,İzmir,TR-D-35-027,Selçuk,tarali_henuz_yok,1957-09-01,7033,unresolved,,
1955yerel,yerel,baskanlik,36,Kars,TR-D-36-007,Selim,tarali_henuz_yok,1957-09-01,7033,unresolved,,
1955yerel,yerel,baskanlik,36,Kars,TR-D-36-008,Susuz,tarali_henuz_yok,1959-04-01,7033,kanun_dogrulanmadi,Merkez (2),
1955yerel,yerel,baskanlik,37,Kastamonu,TR-D-37-001,Abana,tarali_henuz_yok,1968-07-17,1055,kanun_kaynak_yazilmamis,,
1955yerel,yerel,baskanlik,37,Kastamonu,TR-D-37-002,Ağlı,tarali_henuz_yok,1990-05-20,3644,kanun_cok_kaynak,Azdavay (7); Küre (5); Daday (3),
1955yerel,yerel,baskanlik,37,Kastamonu,TR-D-37-017,Seydiler,tarali_henuz_yok,1990-05-20,3644,kanun_cok_kaynak,Devrakani (11); Küre (6),
1955yerel,yerel,baskanlik,38,Kayseri,TR-D-38-004,Felahiye,tarali_henuz_yok,1957-09-01,7033,unresolved,,
1955yerel,yerel,baskanlik,38,Kayseri,TR-D-38-009,Özvatan,tarali_henuz_yok,1990-05-20,3644,kanun_cok_kaynak,Felahiye (5); Sarıoğlan (3); Kocasinan (2),
1955yerel,yerel,baskanlik,38,Kayseri,TR-D-38-011,Sarıoğlan,tarali_henuz_yok,1960-04-01,7033,kanun_dogrulanmadi,Bünyan (1),
1955yerel,yerel,baskanlik,39,Kırklareli,TR-D-39-004,Kofçaz,tarali_henuz_yok,1959-04-01,7033,kanun_dogrulanmadi,Merkez (1),
1955yerel,yerel,baskanlik,39,Kırklareli,TR-D-39-006,Pehlivanköy,tarali_henuz_yok,1958-04-01,7033,unresolved,,
1955yerel,yerel,baskanlik,41,Kocaeli,TR-D-41-012,Körfez,tarali_henuz_yok,1987-07-04,3392,kanun_cok_kaynak,Gebze (9); Merkez (8),
1955yerel,yerel,baskanlik,42,Konya,TR-D-42-010,Derbent,tarali_henuz_yok,1990-05-20,3644,kanun_cok_kaynak,Selçuklu (9); Meram (1),
1955yerel,yerel,baskanlik,42,Konya,TR-D-42-012,Doğanhisar,tarali_henuz_yok,1957-09-01,7033,unresolved,,
1955yerel,yerel,baskanlik,42,Konya,TR-D-42-022,Karatay,tarali_henuz_yok,1987-06-27,3399,repo_dogrulanmis,,
1955yerel,yerel,baskanlik,42,Konya,TR-D-42-024,Meram,tarali_henuz_yok,1987-06-27,3399,repo_dogrulanmis,,
1955yerel,yerel,baskanlik,42,Konya,TR-D-42-025,Sarayönü,tarali_henuz_yok,1959-04-01,7033,unresolved,,
1955yerel,yerel,baskanlik,42,Konya,TR-D-42-026,Selçuklu,tarali_henuz_yok,1987-06-27,3399,repo_dogrulanmis,,
1955yerel,yerel,baskanlik,43,Kütahya,TR-D-43-003,Çavdarhisar,tarali_henuz_yok,1990-05-20,3644,kanun_cok_kaynak,Emet (11); Gediz (6); Aslanapa (1),
1955yerel,yerel,baskanlik,43,Kütahya,TR-D-43-004,Domaniç,tarali_henuz_yok,1960-04-01,7033,kanun_dogrulanmadi,Tavşanlı (1),
1955yerel,yerel,baskanlik,44,Malatya,TR-D-44-013,Yeşilyurt,tarali_henuz_yok,1957-09-01,7033,repo_dogrulanmis,Merkez (1),
1955yerel,yerel,baskanlik,45,Manisa,TR-D-45-008,Köprübaşı,tarali_henuz_yok,1990-05-20,3644,kanun_cok_kaynak,Gördes (30); Salihli (1),
1955yerel,yerel,baskanlik,45,Manisa,TR-D-45-011,Sarıgöl,tarali_henuz_yok,1957-09-01,7033,kanun_dogrulanmadi,Alaşehir (1),
1955yerel,yerel,baskanlik,45,Manisa,TR-D-45-012,Saruhanlı,tarali_henuz_yok,1959-04-01,7033,kanun_dogrulanmadi,Merkez (1),
1955yerel,yerel,baskanlik,46,Kahramanmaraş,TR-D-46-003,Çağlayancerit,tarali_henuz_yok,1987-07-04,3392,kanun_tek_kaynak,Merkez (18),
1955yerel,yerel,baskanlik,46,Kahramanmaraş,TR-D-46-004,Dülkadiroğlu,tarali_henuz_yok,2012-12-06,6360,repo_dogrulanmis,Merkez (43),
1955yerel,yerel,baskanlik,46,Kahramanmaraş,TR-D-46-009,Onikişubat,tarali_henuz_yok,2012-12-06,6360,repo_dogrulanmis,Merkez (47),
1955yerel,yerel,baskanlik,46,Kahramanmaraş,TR-D-46-011,Türkoğlu,tarali_henuz_yok,1960-04-01,7033,kanun_dogrulanmadi,Merkez (1),
1955yerel,yerel,baskanlik,47,Mardin,TR-D-47-002,Dargeçit,tarali_henuz_yok,1987-07-04,3392,kanun_cok_kaynak,Midyat (32); İdil (5); Gercüş (3); Merkez (1),
1955yerel,yerel,baskanlik,50,Nevşehir,TR-D-50-003,Derinkuyu,tarali_henuz_yok,1960-04-01,7033,unresolved,,
1955yerel,yerel,baskanlik,52,Ordu,TR-D-52-002,Altınordu,tarali_henuz_yok,2013-03-22,6447,unresolved,,
1955yerel,yerel,baskanlik,52,Ordu,TR-D-52-003,Aybastı,tarali_henuz_yok,1959-04-01,7033,kanun_dogrulanmadi,Gölköy (2),
1955yerel,yerel,baskanlik,52,Ordu,TR-D-52-009,Gülyalı,tarali_henuz_yok,1987-07-04,3392,kanun_tek_kaynak,Merkez (7),
1955yerel,yerel,baskanlik,52,Ordu,TR-D-52-010,Gürgentepe,tarali_henuz_yok,1987-07-04,3392,kanun_cok_kaynak,Gölköy (5); Fatsa (3); Merkez (1); Ulubey (1),
1955yerel,yerel,baskanlik,52,Ordu,TR-D-52-011,İkizce,tarali_henuz_yok,1990-05-20,3644,kanun_cok_kaynak,Ünye (14); Terme (3),
1955yerel,yerel,baskanlik,52,Ordu,TR-D-52-012,Kabadüz,tarali_henuz_yok,1990-05-20,3644,kanun_tek_kaynak,Merkez (19),
1955yerel,yerel,baskanlik,52,Ordu,TR-D-52-013,Kabataş,tarali_henuz_yok,1990-05-20,3644,kanun_tek_kaynak,Aybastı (4),
1955yerel,yerel,baskanlik,52,Ordu,TR-D-52-014,Korgan,tarali_henuz_yok,1960-04-01,7033,unresolved,,
1955yerel,yerel,baskanlik,52,Ordu,TR-D-52-015,Kumru,tarali_henuz_yok,1960-04-01,7033,kanun_dogrulanmadi,Ardeşen (2); Merkez (1),
1955yerel,yerel,baskanlik,52,Ordu,TR-D-52-018,Ulubey,tarali_henuz_yok,1958-04-01,7033,unresolved,,
1955yerel,yerel,baskanlik,53,Rize,TR-D-53-002,Çamlıhemşin,tarali_henuz_yok,1960-04-01,7033,unresolved,,
1955yerel,yerel,baskanlik,53,Rize,TR-D-53-010,Kalkandere,tarali_henuz_yok,1959-04-01,7033,kanun_dogrulanmadi,Merkez (1); Merkez (1),
1955yerel,yerel,baskanlik,54,Sakarya,TR-D-54-010,Kaynarca,tarali_henuz_yok,1959-04-01,7033,kanun_dogrulanmadi,Kandıra (2); Kadınhanı (1),
1955yerel,yerel,baskanlik,54,Sakarya,TR-D-54-013,Sapanca,tarali_henuz_yok,1957-09-01,7033,kanun_dogrulanmadi,Beşiri (4); Merkez (1),
1955yerel,yerel,baskanlik,55,Samsun,TR-D-55-001,Ondokuzmayıs,tarali_henuz_yok,1987-07-04,3392,kanun_cok_kaynak,Bafra (22); Merkez (13),
1955yerel,yerel,baskanlik,55,Samsun,TR-D-55-004,Atakum,tarali_henuz_yok,2008-03-22,5747,repo_dogrulanmis,Merkez (32),
1955yerel,yerel,baskanlik,55,Samsun,TR-D-55-007,Canik,tarali_henuz_yok,2008-03-22,5747,repo_dogrulanmis,Merkez (41),
1955yerel,yerel,baskanlik,55,Samsun,TR-D-55-010,İlkadım,tarali_henuz_yok,2008-03-22,5747,repo_dogrulanmis,Merkez (14),
1955yerel,yerel,baskanlik,55,Samsun,TR-D-55-013,Salıpazarı,tarali_henuz_yok,1987-07-04,3392,kanun_cok_kaynak,Terme (17); Çarşamba (14),
1955yerel,yerel,baskanlik,55,Samsun,TR-D-55-014,Tekkeköy,tarali_henuz_yok,1987-07-04,3392,repo_dogrulanmis,Çarşamba (26); Merkez (15),
1955yerel,yerel,baskanlik,57,Sinop,TR-D-57-005,Erfelek,tarali_henuz_yok,1960-04-01,7033,unresolved,,
1955yerel,yerel,baskanlik,57,Sinop,TR-D-57-009,Türkeli,tarali_henuz_yok,1957-09-01,7033,kanun_dogrulanmadi,,
1955yerel,yerel,baskanlik,58,Sivas,TR-D-58-002,Altınyayla,tarali_henuz_yok,1990-05-20,3644,kanun_cok_kaynak,Şarkışla (18); Merkez (2),
1955yerel,yerel,baskanlik,58,Sivas,TR-D-58-012,SİVAS MERKEZ,gri_satir_yok,,,,,
1955yerel,yerel,baskanlik,58,Sivas,TR-D-58-015,Ulaş,tarali_henuz_yok,1990-05-20,3644,kanun_tek_kaynak,Merkez (32),
1955yerel,yerel,baskanlik,59,Tekirdağ,TR-D-59-001,Çerkezköy,tarali_henuz_yok,1958-04-01,7033,kanun_dogrulanmadi,Saray (1); Çorlu (1),
1955yerel,yerel,baskanlik,59,Tekirdağ,TR-D-59-005,Kapaklı,tarali_henuz_yok,2012-12-06,6360,kanun_tek_kaynak,Çerkezköy (7),
1955yerel,yerel,baskanlik,59,Tekirdağ,TR-D-59-007,Marmaraereğlisi,tarali_henuz_yok,1987-07-04,3392,kanun_cok_kaynak,Çorlu (4),
1955yerel,yerel,baskanlik,59,Tekirdağ,TR-D-59-008,Muratlı,tarali_henuz_yok,1957-09-01,7033,unresolved,,
1955yerel,yerel,baskanlik,59,Tekirdağ,TR-D-59-010,Süleymanpaşa,tarali_henuz_yok,2012-12-06,6360,merkez_ilce,Merkez (1),
1955yerel,yerel,baskanlik,60,Tokat,TR-D-60-008,Sulusaray,tarali_henuz_yok,1990-05-20,3644,kanun_cok_kaynak,Yeşilyurt (18); Artova (1),
1955yerel,yerel,baskanlik,60,Tokat,TR-D-60-011,Yeşilyurt,tarali_henuz_yok,1987-07-04,3392,kanun_cok_kaynak,Artova (32); Merkez (5),
1955yerel,yerel,baskanlik,61,Trabzon,TR-D-61-003,Arsin,tarali_henuz_yok,1959-04-01,7033,unresolved,,
1955yerel,yerel,baskanlik,61,Trabzon,TR-D-61-018,Yomra,tarali_henuz_yok,1959-04-01,7033,kanun_dogrulanmadi,Merkez (1),
1955yerel,yerel,baskanlik,63,Şanlıurfa,TR-D-63-005,Eyyubiye,tarali_henuz_yok,2012-12-06,6360,repo_dogrulanmis,Merkez (151),
1955yerel,yerel,baskanlik,63,Şanlıurfa,TR-D-63-007,Haliliye,tarali_henuz_yok,2012-12-06,6360,repo_dogrulanmis,Merkez (168),
1955yerel,yerel,baskanlik,63,Şanlıurfa,TR-D-63-010,Karaköprü,tarali_henuz_yok,2012-12-06,6360,repo_dogrulanmis,Merkez (88),
1955yerel,yerel,baskanlik,65,Van,TR-D-65-003,Çaldıran,tarali_henuz_yok,1987-07-04,3392,kanun_cok_kaynak,Muradiye (62),
1955yerel,yerel,baskanlik,66,Yozgat,TR-D-66-009,Sarıkaya,tarali_henuz_yok,1957-09-01,7033,kanun_dogrulanmadi,Boğazlıyan (1); Akdağmadeni (2); Bartın (1); Saimbeyli (1),
1955yerel,yerel,baskanlik,66,Yozgat,TR-D-66-014,YOZGAT MERKEZ,gri_satir_yok,,,,,
1963yerel,yerel,baskanlik,54,Sakarya,TR-D-54-010,Kaynarca,gri_satir_yok,1959-04-01,7033,kanun_dogrulanmadi,Kandıra (2); Kadınhanı (1),
1984yerel_bm,yerel,bm,1,Adana,TR-D-01-013,Tufanbeyli,gri_satir_bos,1958-04-01,7033,unresolved,,DİE kitabındaki satır doğrulanamadı (tarama okuma hatası); gösterilmiyor.
1984yerel_bm,yerel,bm,1,Adana,TR-D-01-014,Yumurtalık,gri_satir_bos,1959-04-01,7033,kanun_dogrulanmadi,Merkez (1),DİE kitabındaki satır doğrulanamadı (tarama okuma hatası); gösterilmiyor.
1984yerel_bm,yerel,bm,3,Afyonkarahisar,TR-D-03-005,Çay,gri_satir_bos,1958-04-01,7033,kanun_dogrulanmadi,Bolvadin (2),Kaynakta bu birimle eşleşen satır bulunamadı.
1984yerel_bm,yerel,bm,3,Afyonkarahisar,TR-D-03-017,Sultandağı,gri_satir_bos,1958-04-01,7033,kanun_dogrulanmadi,Bolvadin (1),DİE kitabındaki satır doğrulanamadı (tarama okuma hatası); gösterilmiyor.
1984yerel_bm,yerel,bm,3,Afyonkarahisar,TR-D-03-018,ŞUHUT,gri_satir_bos,,,,,DİE kitabındaki satır doğrulanamadı (tarama okuma hatası); gösterilmiyor.
1984yerel_bm,yerel,bm,4,Ağrı,TR-D-04-003,DOĞUBAYAZIT,gri_satir_bos,,,,,Kaynakta bu birimle eşleşen satır bulunamadı.
1984yerel_bm,yerel,bm,4,Ağrı,TR-D-04-005,Hamur,gri_satir_bos,1958-04-01,7033,kanun_dogrulanmadi,Merkez (1),Kaynakta bu birimle eşleşen satır bulunamadı.
1984yerel_bm,yerel,bm,5,Amasya,TR-D-05-002,Göynücek,gri_satir_bos,1954-06-01,6324,unresolved,,DİE kitabındaki satır doğrulanamadı (tarama okuma hatası); gösterilmiyor.
1984yerel_bm,yerel,bm,5,Amasya,TR-D-05-003,GÜMÜŞHACIKÖY,gri_satir_yok,,,,,
1984yerel_bm,yerel,bm,5,Amasya,TR-D-05-004,HAMAMÖZÜ,gri_satir_yok,,,,,
1984yerel_bm,yerel,bm,5,Amasya,TR-D-05-005,MERZİFON,gri_satir_bos,,,,,DİE kitabındaki satır doğrulanamadı (tarama okuma hatası); gösterilmiyor.
1984yerel_bm,yerel,bm,6,Ankara,TR-D-06-001,Akyurt,gri_satir_yok,1990-05-20,3644,kanun_cok_kaynak,Çubuk (16); Kalecik (4),
1984yerel_bm,yerel,bm,6,Ankara,TR-D-06-003,AYAŞ,gri_satir_bos,,,,,Kaynakta bu birimle eşleşen satır bulunamadı.
1984yerel_bm,yerel,bm,6,Ankara,TR-D-06-008,ÇUBUK,gri_satir_yok,,,,,
1984yerel_bm,yerel,bm,6,Ankara,TR-D-06-009,Elmadağ,gri_satir_bos,1960-04-01,7033,unresolved,,DİE kitabındaki satır doğrulanamadı (tarama okuma hatası); gösterilmiyor.
1984yerel_bm,yerel,bm,6,Ankara,TR-D-06-019,MAMAK,gri_satir_bos,,,,,DİE kitabındaki satır doğrulanamadı (tarama okuma hatası); gösterilmiyor.
1984yerel_bm,yerel,bm,7,Antalya,TR-D-07-004,DEMRE,gri_satir_yok,,,,,
1984yerel_bm,yerel,bm,7,Antalya,TR-D-07-009,GÜNDOĞMUŞ,gri_satir_bos,,,,,DİE kitabındaki satır doğrulanamadı (tarama okuma hatası); gösterilmiyor.
1984yerel_bm,yerel,bm,7,Antalya,TR-D-07-011,KAŞ,gri_satir_yok,,,,,
1984yerel_bm,yerel,bm,8,Artvin,TR-D-08-002,Arhavi,gri_satir_bos,1954-06-01,6324,unresolved,,DİE kitabındaki satır doğrulanamadı (tarama okuma hatası); gösterilmiyor.
1984yerel_bm,yerel,bm,8,Artvin,TR-D-08-005,HOPA,gri_satir_yok,,,,,
1984yerel_bm,yerel,bm,8,Artvin,TR-D-08-006,Kemalpaşa,gri_satir_yok,2017-08-25,KHK 694,repo_dogrulanmis,,
1984yerel_bm,yerel,bm,8,Artvin,TR-D-08-009,YUSUFELİ,gri_satir_bos,,,,,DİE kitabındaki satır doğrulanamadı (tarama okuma hatası); gösterilmiyor.
1984yerel_bm,yerel,bm,9,Aydın,TR-D-09-004,Didim,gri_satir_yok,1990-05-20,3644,kanun_cok_kaynak,Söke (5); Milas (1),
1984yerel_bm,yerel,bm,9,Aydın,TR-D-09-015,SÖKE,gri_satir_yok,,,,,
1984yerel_bm,yerel,bm,11,Bilecik,TR-D-11-004,İNHİSAR,gri_satir_yok,,,,,
1984yerel_bm,yerel,bm,11,Bilecik,TR-D-11-007,SÖĞÜT,gri_satir_yok,,,,,
1984yerel_bm,yerel,bm,12,Bingöl,TR-D-12-002,BİNGÖL MERKEZ,gri_satir_bos,,,,,DİE kitabındaki satır doğrulanamadı (tarama okuma hatası); gösterilmiyor.
1984yerel_bm,yerel,bm,13,Bitlis,TR-D-13-001,Adilcevaz,gri_satir_bos,1953-03-01,6068,unresolved,,DİE kitabındaki satır doğrulanamadı (tarama okuma hatası); gösterilmiyor.
1984yerel_bm,yerel,bm,15,Burdur,TR-D-15-008,Karamanlı,gri_satir_yok,1987-07-04,3392,kanun_cok_kaynak,Tefenni (5); Yeşilova (3); Merkez (2),
1984yerel_bm,yerel,bm,15,Burdur,TR-D-15-010,TEFENNİ,gri_satir_yok,,,,,
1984yerel_bm,yerel,bm,15,Burdur,TR-D-15-011,YEŞİLOVA,gri_satir_bos,,,,,DİE kitabındaki satır doğrulanamadı (tarama okuma hatası); gösterilmiyor.
1984yerel_bm,yerel,bm,16,Bursa,TR-D-16-002,GEMLİK,gri_satir_yok,,,,,
1984yerel_bm,yerel,bm,16,Bursa,TR-D-16-003,GÜRSU,gri_satir_yok,,,,,
1984yerel_bm,yerel,bm,16,Bursa,TR-D-16-005,İNEGÖL,gri_satir_bos,,,,,DİE kitabındaki satır doğrulanamadı (tarama okuma hatası); gösterilmiyor.
1984yerel_bm,yerel,bm,16,Bursa,TR-D-16-006,İZNİK,gri_satir_bos,,,,,DİE kitabındaki satır doğrulanamadı (tarama okuma hatası); gösterilmiyor.
1984yerel_bm,yerel,bm,16,Bursa,TR-D-16-007,KARACABEY,gri_satir_bos,,,,,DİE kitabındaki satır doğrulanamadı (tarama okuma hatası); gösterilmiyor.
1984yerel_bm,yerel,bm,16,Bursa,TR-D-16-009,KESTEL,gri_satir_yok,,,,,
1984yerel_bm,yerel,bm,16,Bursa,TR-D-16-012,NİLÜFER,gri_satir_yok,,,,,
1984yerel_bm,yerel,bm,16,Bursa,TR-D-16-015,OSMANGAZİ,gri_satir_yok,,,,,
1984yerel_bm,yerel,bm,16,Bursa,TR-D-16-017,YILDIRIM,gri_satir_yok,,,,,
1984yerel_bm,yerel,bm,17,Çanakkale,TR-D-17-004,BOZCAADA,gri_satir_bos,,,,,Kaynakta bu birimle eşleşen satır bulunamadı.
1984yerel_bm,yerel,bm,17,Çanakkale,TR-D-17-008,EZİNE,gri_satir_bos,,,,,DİE kitabındaki satır doğrulanamadı (tarama okuma hatası); gösterilmiyor.
1984yerel_bm,yerel,bm,17,Çanakkale,TR-D-17-010,GÖKÇEADA,gri_satir_bos,,,,,Kaynakta bu birimle eşleşen satır bulunamadı.
1984yerel_bm,yerel,bm,18,Çankırı,TR-D-18-005,Eldivan,gri_satir_bos,1960-04-01,7033,kanun_dogrulanmadi,,DİE kitabındaki satır doğrulanamadı (tarama okuma hatası); gösterilmiyor.
1984yerel_bm,yerel,bm,18,Çankırı,TR-D-18-010,Orta,gri_satir_bos,1959-04-01,7033,kanun_dogrulanmadi,Tavas (2),DİE kitabındaki satır doğrulanamadı (tarama okuma hatası); gösterilmiyor.
1984yerel_bm,yerel,bm,20,Denizli,TR-D-20-001,ACIPAYAM,gri_satir_yok,,,,,
1984yerel_bm,yerel,bm,20,Denizli,TR-D-20-002,BABADAĞ,gri_satir_yok,,,,,
1984yerel_bm,yerel,bm,20,Denizli,TR-D-20-003,BAKLAN,gri_satir_yok,,,,,
1984yerel_bm,yerel,bm,20,Denizli,TR-D-20-004,BEKİLLİ,gri_satir_yok,,,,,
1984yerel_bm,yerel,bm,20,Denizli,TR-D-20-006,Bozkurt,gri_satir_yok,1990-05-20,3644,kanun_tek_kaynak,Çardak (9),
1984yerel_bm,yerel,bm,20,Denizli,TR-D-20-007,BULDAN,gri_satir_bos,,,,,DİE kitabındaki satır doğrulanamadı (tarama okuma hatası); gösterilmiyor.
1984yerel_bm,yerel,bm,20,Denizli,TR-D-20-008,ÇAL,gri_satir_yok,,,,,
1984yerel_bm,yerel,bm,20,Denizli,TR-D-20-009,Çameli,gri_satir_bos,1953-03-01,6068,unresolved,,DİE kitabındaki satır doğrulanamadı (tarama okuma hatası); gösterilmiyor.
1984yerel_bm,yerel,bm,20,Denizli,TR-D-20-010,Çardak,gri_satir_yok,1958-04-01,7033,kanun_dogrulanmadi,Merkez (3); Çal (1),
1984yerel_bm,yerel,bm,20,Denizli,TR-D-20-011,ÇİVRİL,gri_satir_bos,,,,,Kaynakta bu birimle eşleşen satır bulunamadı.
1984yerel_bm,yerel,bm,20,Denizli,TR-D-20-012,GÜNEY,gri_satir_bos,,,,,DİE kitabındaki satır doğrulanamadı (tarama okuma hatası); gösterilmiyor.
1984yerel_bm,yerel,bm,20,Denizli,TR-D-20-017,SARAYKÖY,gri_satir_yok,,,,,
1984yerel_bm,yerel,bm,20,Denizli,TR-D-20-018,SERİNHİSAR,gri_satir_yok,,,,,
1984yerel_bm,yerel,bm,20,Denizli,TR-D-20-019,TAVAS,gri_satir_bos,,,,,DİE kitabındaki satır doğrulanamadı (tarama okuma hatası); gösterilmiyor.
1984yerel_bm,yerel,bm,21,Diyarbakır,TR-D-21-001,Bağlar,gri_satir_yok,2008-03-22,5747,repo_dogrulanmis,Merkez (11),
1984yerel_bm,yerel,bm,21,Diyarbakır,TR-D-21-002,BİSMİL,gri_satir_bos,,,,,Kaynakta bu birimle eşleşen satır bulunamadı.
1984yerel_bm,yerel,bm,21,Diyarbakır,TR-D-21-005,Çüngüş,gri_satir_bos,1953-03-01,6068,unresolved,,Kaynakta bu birimle eşleşen satır bulunamadı.
1984yerel_bm,yerel,bm,21,Diyarbakır,TR-D-21-007,Eğil,gri_satir_yok,1987-07-04,3392,kanun_cok_kaynak,Merkez (21); Dicle (6),
1984yerel_bm,yerel,bm,21,Diyarbakır,TR-D-21-011,Kayapınar,gri_satir_yok,2008-03-22,5747,repo_dogrulanmis,Merkez (17),
1984yerel_bm,yerel,bm,21,Diyarbakır,TR-D-21-012,Kocaköy,gri_satir_yok,1990-05-20,3644,kanun_cok_kaynak,Merkez (8); Lice (3),
1984yerel_bm,yerel,bm,21,Diyarbakır,TR-D-21-016,Sur,gri_satir_yok,2008-03-22,5747,repo_dogrulanmis,Merkez (51),
1984yerel_bm,yerel,bm,21,Diyarbakır,TR-D-21-017,Yenişehir,gri_satir_yok,2008-03-22,5747,repo_dogrulanmis,Merkez (10),
1984yerel_bm,yerel,bm,23,Elazığ,TR-D-23-002,Alacakaya,gri_satir_yok,1990-05-20,3644,kanun_cok_kaynak,Maden (7); Arıcak (5),
1984yerel_bm,yerel,bm,23,Elazığ,TR-D-23-009,MADEN,gri_satir_yok,,,,,
1984yerel_bm,yerel,bm,24,Erzincan,TR-D-24-001,Çayırlı,gri_satir_yok,1954-06-01,6324,unresolved,,
1984yerel_bm,yerel,bm,24,Erzincan,TR-D-24-003,İLİÇ,gri_satir_bos,,,,,Kaynakta bu birimle eşleşen satır bulunamadı.
1984yerel_bm,yerel,bm,24,Erzincan,TR-D-24-006,Otlukbeli,gri_satir_yok,1990-05-20,3644,kanun_tek_kaynak,Çayırlı (13),
1984yerel_bm,yerel,bm,25,Erzurum,TR-D-25-002,Aziziye,gri_satir_yok,1990-05-20,3644,kanun_tek_kaynak,Merkez (74),
1984yerel_bm,yerel,bm,25,Erzurum,TR-D-25-005,Horasan,gri_satir_bos,1953-12-04,6191,unresolved,,DİE kitabındaki satır doğrulanamadı (tarama okuma hatası); gösterilmiyor.
1984yerel_bm,yerel,bm,25,Erzurum,TR-D-25-006,İSPİR,gri_satir_yok,,,,,
1984yerel_bm,yerel,bm,25,Erzurum,TR-D-25-010,Narman,gri_satir_bos,1954-06-01,6324,unresolved,,DİE kitabındaki satır doğrulanamadı (tarama okuma hatası); gösterilmiyor.
1984yerel_bm,yerel,bm,25,Erzurum,TR-D-25-013,Palandöken,gri_satir_yok,2008-03-22,5747,repo_dogrulanmis,Merkez (2),
1984yerel_bm,yerel,bm,25,Erzurum,TR-D-25-015,PAZARYOLU,gri_satir_yok,,,,,
1984yerel_bm,yerel,bm,25,Erzurum,TR-D-25-016,ŞENKAYA,gri_satir_bos,,,,,DİE kitabındaki satır doğrulanamadı (tarama okuma hatası); gösterilmiyor.
1984yerel_bm,yerel,bm,25,Erzurum,TR-D-25-017,TEKMAN,gri_satir_bos,,,,,DİE kitabındaki satır doğrulanamadı (tarama okuma hatası); gösterilmiyor.
1984yerel_bm,yerel,bm,25,Erzurum,TR-D-25-020,Yakutiye,gri_satir_yok,2008-03-22,5747,repo_dogrulanmis,Merkez (13),
1984yerel_bm,yerel,bm,26,Eskişehir,TR-D-26-002,BEYLİKOVA,gri_satir_yok,,,,,
1984yerel_bm,yerel,bm,26,Eskişehir,TR-D-26-009,MİHALIÇÇIK,gri_satir_yok,,,,,
1984yerel_bm,yerel,bm,26,Eskişehir,TR-D-26-012,SEYİTGAZİ,gri_satir_bos,,,,,DİE kitabındaki satır doğrulanamadı (tarama okuma hatası); gösterilmiyor.
1984yerel_bm,yerel,bm,28,Giresun,TR-D-28-006,DOĞANKENT,gri_satir_yok,,,,,
1984yerel_bm,yerel,bm,28,Giresun,TR-D-28-011,GÜCE,gri_satir_yok,,,,,
1984yerel_bm,yerel,bm,28,Giresun,TR-D-28-015,TİREBOLU,gri_satir_yok,,,,,
1984yerel_bm,yerel,bm,31,Hatay,TR-D-31-003,ARSUZ,gri_satir_yok,,,,,
1984yerel_bm,yerel,bm,31,Hatay,TR-D-31-004,BELEN,gri_satir_yok,,,,,
1984yerel_bm,yerel,bm,31,Hatay,TR-D-31-009,İSKENDERUN,gri_satir_yok,,,,,
1984yerel_bm,yerel,bm,32,Isparta,TR-D-32-005,GÖNEN,gri_satir_yok,,,,,
1984yerel_bm,yerel,bm,32,Isparta,TR-D-32-006,ISPARTA MERKEZ,gri_satir_yok,,,,,
1984yerel_bm,yerel,bm,33,Mersin,TR-D-33-001,AKDENİZ,gri_satir_yok,,,,,
1984yerel_bm,yerel,bm,33,Mersin,TR-D-33-008,MEZİTLİ,gri_satir_yok,,,,,
1984yerel_bm,yerel,bm,33,Mersin,TR-D-33-009,MUT,gri_satir_bos,,,,,Kaynakta bu birimle eşleşen satır bulunamadı.
1984yerel_bm,yerel,bm,33,Mersin,TR-D-33-012,TOROSLAR,gri_satir_yok,,,,,
1984yerel_bm,yerel,bm,33,Mersin,TR-D-33-013,YENİŞEHİR,gri_satir_yok,,,,,
1984yerel_bm,yerel,bm,35,İzmir,TR-D-35-003,BAYINDIR,gri_satir_bos,,,,,DİE kitabındaki satır doğrulanamadı (tarama okuma hatası); gösterilmiyor.
1984yerel_bm,yerel,bm,35,İzmir,TR-D-35-019,KINIK,gri_satir_bos,,,,,DİE kitabındaki satır doğrulanamadı (tarama okuma hatası); gösterilmiyor.
1984yerel_bm,yerel,bm,36,Kars,TR-D-36-006,SARIKAMIŞ,gri_satir_bos,,,,,DİE kitabındaki satır doğrulanamadı (tarama okuma hatası); gösterilmiyor.
1984yerel_bm,yerel,bm,37,Kastamonu,TR-D-37-008,DADAY,gri_satir_bos,,,,,DİE kitabındaki satır doğrulanamadı (tarama okuma hatası); gösterilmiyor.
1984yerel_bm,yerel,bm,37,Kastamonu,TR-D-37-011,HANÖNÜ,gri_satir_yok,,,,,
1984yerel_bm,yerel,bm,37,Kastamonu,TR-D-37-019,TAŞKÖPRÜ,gri_satir_yok,,,,,
1984yerel_bm,yerel,bm,38,Kayseri,TR-D-38-012,SARIZ,gri_satir_bos,,,,,DİE kitabındaki satır doğrulanamadı (tarama okuma hatası); gösterilmiyor.
1984yerel_bm,yerel,bm,38,Kayseri,TR-D-38-016,YEŞİLHİSAR,gri_satir_bos,,,,,DİE kitabındaki satır doğrulanamadı (tarama okuma hatası); gösterilmiyor.
1984yerel_bm,yerel,bm,39,Kırklareli,TR-D-39-002,DEMİRKÖY,gri_satir_bos,,,,,DİE kitabındaki satır doğrulanamadı (tarama okuma hatası); gösterilmiyor.
1984yerel_bm,yerel,bm,39,Kırklareli,TR-D-39-005,LÜLEBURGAZ,gri_satir_bos,,,,,DİE kitabındaki satır doğrulanamadı (tarama okuma hatası); gösterilmiyor.
1984yerel_bm,yerel,bm,40,Kırşehir,TR-D-40-001,Akçakent,gri_satir_yok,1990-05-20,3644,kanun_cok_kaynak,Çiçekdağı (22); Akpınar (5),
1984yerel_bm,yerel,bm,40,Kırşehir,TR-D-40-004,ÇİÇEKDAĞI,gri_satir_yok,,,,,
1984yerel_bm,yerel,bm,42,Konya,TR-D-42-002,AKÖREN,gri_satir_yok,,,,,
1984yerel_bm,yerel,bm,42,Konya,TR-D-42-009,ÇUMRA,gri_satir_yok,,,,,
1984yerel_bm,yerel,bm,42,Konya,TR-D-42-010,Derbent,gri_satir_yok,1990-05-20,3644,kanun_cok_kaynak,Selçuklu (9); Meram (1),
1984yerel_bm,yerel,bm,42,Konya,TR-D-42-015,GÜNEYSINIR,gri_satir_yok,,,,,
1984yerel_bm,yerel,bm,42,Konya,TR-D-42-016,HADİM,gri_satir_yok,,,,,
1984yerel_bm,yerel,bm,42,Konya,TR-D-42-020,KADINHANI,gri_satir_bos,,,,,DİE kitabındaki satır doğrulanamadı (tarama okuma hatası); gösterilmiyor.
1984yerel_bm,yerel,bm,42,Konya,TR-D-42-022,Karatay,gri_satir_yok,1987-06-27,3399,repo_dogrulanmis,,
1984yerel_bm,yerel,bm,42,Konya,TR-D-42-024,Meram,gri_satir_yok,1987-06-27,3399,repo_dogrulanmis,,
1984yerel_bm,yerel,bm,42,Konya,TR-D-42-025,Sarayönü,gri_satir_bos,1959-04-01,7033,unresolved,,DİE kitabındaki satır doğrulanamadı (tarama okuma hatası); gösterilmiyor.
1984yerel_bm,yerel,bm,42,Konya,TR-D-42-026,Selçuklu,gri_satir_yok,1987-06-27,3399,repo_dogrulanmis,,
1984yerel_bm,yerel,bm,42,Konya,TR-D-42-027,SEYDİŞEHİR,gri_satir_bos,,,,,DİE kitabındaki satır doğrulanamadı (tarama okuma hatası); gösterilmiyor.
1984yerel_bm,yerel,bm,42,Konya,TR-D-42-028,TAŞKENT,gri_satir_yok,,,,,
1984yerel_bm,yerel,bm,45,Manisa,TR-D-45-006,GÖRDES,gri_satir_yok,,,,,
1984yerel_bm,yerel,bm,45,Manisa,TR-D-45-008,Köprübaşı,gri_satir_yok,1990-05-20,3644,kanun_cok_kaynak,Gördes (30); Salihli (1),
1984yerel_bm,yerel,bm,45,Manisa,TR-D-45-010,SALİHLİ,gri_satir_bos,,,,,DİE kitabındaki satır doğrulanamadı (tarama okuma hatası); gösterilmiyor.
1984yerel_bm,yerel,bm,45,Manisa,TR-D-45-012,Saruhanlı,gri_satir_bos,1959-04-01,7033,kanun_dogrulanmadi,Merkez (1),DİE kitabındaki satır doğrulanamadı (tarama okuma hatası); gösterilmiyor.
1984yerel_bm,yerel,bm,46,Kahramanmaraş,TR-D-46-001,AFŞİN,gri_satir_bos,,,,,DİE kitabındaki satır doğrulanamadı (tarama okuma hatası); gösterilmiyor.
1984yerel_bm,yerel,bm,46,Kahramanmaraş,TR-D-46-002,ANDIRIN,gri_satir_bos,,,,,DİE kitabındaki satır doğrulanamadı (tarama okuma hatası); gösterilmiyor.
1984yerel_bm,yerel,bm,46,Kahramanmaraş,TR-D-46-003,Çağlayancerit,gri_satir_yok,1987-07-04,3392,kanun_tek_kaynak,Merkez (18),
1984yerel_bm,yerel,bm,46,Kahramanmaraş,TR-D-46-004,Dülkadiroğlu,gri_satir_yok,2012-12-06,6360,repo_dogrulanmis,Merkez (43),
1984yerel_bm,yerel,bm,46,Kahramanmaraş,TR-D-46-009,Onikişubat,gri_satir_yok,2012-12-06,6360,repo_dogrulanmis,Merkez (47),
1984yerel_bm,yerel,bm,46,Kahramanmaraş,TR-D-46-011,Türkoğlu,gri_satir_bos,1960-04-01,7033,kanun_dogrulanmadi,Merkez (1),DİE kitabındaki satır doğrulanamadı (tarama okuma hatası); gösterilmiyor.
1984yerel_bm,yerel,bm,47,Mardin,TR-D-47-001,ARTUKLU,gri_satir_yok,,,,,
1984yerel_bm,yerel,bm,47,Mardin,TR-D-47-004,KIZILTEPE,gri_satir_bos,,,,,DİE kitabındaki satır doğrulanamadı (tarama okuma hatası); gösterilmiyor.
1984yerel_bm,yerel,bm,47,Mardin,TR-D-47-010,YEŞİLLİ,gri_satir_yok,,,,,
1984yerel_bm,yerel,bm,48,Muğla,TR-D-48-004,FETHİYE,gri_satir_yok,,,,,
1984yerel_bm,yerel,bm,48,Muğla,TR-D-48-011,SEYDİKEMER,gri_satir_yok,,,,,
1984yerel_bm,yerel,bm,50,Nevşehir,TR-D-50-002,AVANOS,gri_satir_bos,,,,,DİE kitabındaki satır doğrulanamadı (tarama okuma hatası); gösterilmiyor.
1984yerel_bm,yerel,bm,50,Nevşehir,TR-D-50-008,ÜRGÜP,gri_satir_bos,,,,,DİE kitabındaki satır doğrulanamadı (tarama okuma hatası); gösterilmiyor.
1984yerel_bm,yerel,bm,51,Niğde,TR-D-51-003,ÇAMARDI,gri_satir_bos,,,,,Kaynakta bu birimle eşleşen satır bulunamadı.
1984yerel_bm,yerel,bm,51,Niğde,TR-D-51-004,ÇİFTLİK,gri_satir_yok,,,,,
1984yerel_bm,yerel,bm,51,Niğde,TR-D-51-005,NİĞDE MERKEZ,gri_satir_yok,,,,,
1984yerel_bm,yerel,bm,51,Niğde,TR-D-51-006,ULUKIŞLA,gri_satir_bos,,,,,Kaynakta bu birimle eşleşen satır bulunamadı.
1984yerel_bm,yerel,bm,53,Rize,TR-D-53-005,FINDIKLI,gri_satir_bos,,,,,DİE kitabındaki satır doğrulanamadı (tarama okuma hatası); gösterilmiyor.
1984yerel_bm,yerel,bm,53,Rize,TR-D-53-010,Kalkandere,gri_satir_bos,1959-04-01,7033,kanun_dogrulanmadi,Merkez (1); Merkez (1),DİE kitabındaki satır doğrulanamadı (tarama okuma hatası); gösterilmiyor.
1984yerel_bm,yerel,bm,54,Sakarya,TR-D-54-001,ADAPAZARI,gri_satir_yok,,,,,
1984yerel_bm,yerel,bm,54,Sakarya,TR-D-54-003,ARİFİYE,gri_satir_yok,,,,,
1984yerel_bm,yerel,bm,54,Sakarya,TR-D-54-004,ERENLER,gri_satir_yok,,,,,
1984yerel_bm,yerel,bm,54,Sakarya,TR-D-54-005,FERİZLİ,gri_satir_yok,,,,,
1984yerel_bm,yerel,bm,54,Sakarya,TR-D-54-010,Kaynarca,gri_satir_bos,1959-04-01,7033,kanun_dogrulanmadi,Kandıra (2); Kadınhanı (1),DİE kitabındaki satır doğrulanamadı (tarama okuma hatası); gösterilmiyor.
1984yerel_bm,yerel,bm,54,Sakarya,TR-D-54-014,SERDİVAN,gri_satir_yok,,,,,
1984yerel_bm,yerel,bm,54,Sakarya,TR-D-54-015,SÖĞÜTLÜ,gri_satir_yok,,,,,
1984yerel_bm,yerel,bm,55,Samsun,TR-D-55-001,Ondokuzmayıs,gri_satir_yok,1987-07-04,3392,kanun_cok_kaynak,Bafra (22); Merkez (13),
1984yerel_bm,yerel,bm,55,Samsun,TR-D-55-006,BAFRA,gri_satir_yok,,,,,
1984yerel_bm,yerel,bm,55,Samsun,TR-D-55-016,VEZİRKÖPRÜ,gri_satir_bos,,,,,DİE kitabındaki satır doğrulanamadı (tarama okuma hatası); gösterilmiyor.
1984yerel_bm,yerel,bm,58,Sivas,TR-D-58-003,DİVRİĞİ,gri_satir_bos,,,,,Kaynakta bu birimle eşleşen satır bulunamadı.
1984yerel_bm,yerel,bm,58,Sivas,TR-D-58-004,DOĞANŞAR,gri_satir_yok,,,,,
1984yerel_bm,yerel,bm,58,Sivas,TR-D-58-007,GÜRÜN,gri_satir_bos,,,,,Kaynakta bu birimle eşleşen satır bulunamadı.
1984yerel_bm,yerel,bm,58,Sivas,TR-D-58-008,HAFİK,gri_satir_yok,,,,,
1984yerel_bm,yerel,bm,59,Tekirdağ,TR-D-59-002,ÇORLU,gri_satir_yok,,,,,
1984yerel_bm,yerel,bm,59,Tekirdağ,TR-D-59-003,ERGENE,gri_satir_yok,,,,,
1984yerel_bm,yerel,bm,59,Tekirdağ,TR-D-59-007,Marmaraereğlisi,gri_satir_yok,1987-07-04,3392,kanun_cok_kaynak,Çorlu (4),
1984yerel_bm,yerel,bm,59,Tekirdağ,TR-D-59-009,SARAY,gri_satir_bos,,,,,DİE kitabındaki satır doğrulanamadı (tarama okuma hatası); gösterilmiyor.
1984yerel_bm,yerel,bm,59,Tekirdağ,TR-D-59-011,ŞARKÖY,gri_satir_bos,,,,,DİE kitabındaki satır doğrulanamadı (tarama okuma hatası); gösterilmiyor.
1984yerel_bm,yerel,bm,60,Tokat,TR-D-60-003,BAŞÇİFTLİK,gri_satir_yok,,,,,
1984yerel_bm,yerel,bm,60,Tokat,TR-D-60-004,ERBAA,gri_satir_bos,,,,,DİE kitabındaki satır doğrulanamadı (tarama okuma hatası); gösterilmiyor.
1984yerel_bm,yerel,bm,60,Tokat,TR-D-60-005,NİKSAR,gri_satir_yok,,,,,
1984yerel_bm,yerel,bm,60,Tokat,TR-D-60-006,PAZAR,gri_satir_yok,,,,,
1984yerel_bm,yerel,bm,60,Tokat,TR-D-60-007,REŞADİYE,gri_satir_bos,,,,,DİE kitabındaki satır doğrulanamadı (tarama okuma hatası); gösterilmiyor.
1984yerel_bm,yerel,bm,60,Tokat,TR-D-60-010,TURHAL,gri_satir_yok,,,,,
1984yerel_bm,yerel,bm,60,Tokat,TR-D-60-012,ZİLE,gri_satir_bos,,,,,DİE kitabındaki satır doğrulanamadı (tarama okuma hatası); gösterilmiyor.
1984yerel_bm,yerel,bm,62,Tunceli,TR-D-62-001,ÇEMİŞGEZEK,gri_satir_bos,,,,,DİE kitabındaki satır doğrulanamadı (tarama okuma hatası); gösterilmiyor.
1984yerel_bm,yerel,bm,62,Tunceli,TR-D-62-002,HOZAT,gri_satir_bos,,,,,DİE kitabındaki satır doğrulanamadı (tarama okuma hatası); gösterilmiyor.
1984yerel_bm,yerel,bm,62,Tunceli,TR-D-62-003,MAZGİRT,gri_satir_bos,,,,,DİE kitabındaki satır doğrulanamadı (tarama okuma hatası); gösterilmiyor.
1984yerel_bm,yerel,bm,62,Tunceli,TR-D-62-006,PERTEK,gri_satir_bos,,,,,DİE kitabındaki satır doğrulanamadı (tarama okuma hatası); gösterilmiyor.
1984yerel_bm,yerel,bm,62,Tunceli,TR-D-62-007,PÜLÜMÜR,gri_satir_bos,,,,,DİE kitabındaki satır doğrulanamadı (tarama okuma hatası); gösterilmiyor.
1984yerel_bm,yerel,bm,63,Şanlıurfa,TR-D-63-012,SURUÇ,gri_satir_bos,,,,,Kaynakta bu birimle eşleşen satır bulunamadı.
1984yerel_bm,yerel,bm,64,Uşak,TR-D-64-003,KARAHALLI,gri_satir_bos,,,,,DİE kitabındaki satır doğrulanamadı (tarama okuma hatası); gösterilmiyor.
1984yerel_bm,yerel,bm,64,Uşak,TR-D-64-006,UŞAK MERKEZ,gri_satir_bos,,,,,DİE kitabındaki satır doğrulanamadı (tarama okuma hatası); gösterilmiyor.
1984yerel_bm,yerel,bm,66,Yozgat,TR-D-66-001,AKDAĞMADENİ,gri_satir_yok,,,,,
1984yerel_bm,yerel,bm,66,Yozgat,TR-D-66-008,SARAYKENT,gri_satir_yok,,,,,
1984yerel_bm,yerel,bm,66,Yozgat,TR-D-66-011,Şefaatli,gri_satir_bos,1954-06-01,6324,unresolved,,Kaynakta bu birimle eşleşen satır bulunamadı.
1984yerel_igm,yerel,igm,2,Adıyaman,TR-D-02-003,ÇELİKHAN,gri_satir_bos,,,,,DİE kitabındaki satır doğrulanamadı (tarama okuma hatası); gösterilmiyor.
1984yerel_igm,yerel,igm,3,Afyonkarahisar,TR-D-03-003,BAYAT,gri_satir_yok,,,,,
1984yerel_igm,yerel,igm,3,Afyonkarahisar,TR-D-03-005,Çay,gri_satir_bos,1958-04-01,7033,kanun_dogrulanmadi,Bolvadin (2),Kaynakta bu birimle eşleşen satır bulunamadı.
1984yerel_igm,yerel,igm,3,Afyonkarahisar,TR-D-03-009,EMİRDAĞ,gri_satir_yok,,,,,
1984yerel_igm,yerel,igm,4,Ağrı,TR-D-04-002,DİYADİN,gri_satir_bos,,,,,Kaynakta bu birimle eşleşen satır bulunamadı.
1984yerel_igm,yerel,igm,6,Ankara,TR-D-06-002,Altındağ,gri_satir_yok,1953-03-01,6068,unresolved,,
1984yerel_igm,yerel,igm,6,Ankara,TR-D-06-003,AYAŞ,gri_satir_bos,,,,,DİE kitabındaki satır doğrulanamadı (tarama okuma hatası); gösterilmiyor.
1984yerel_igm,yerel,igm,6,Ankara,TR-D-06-006,Çamlıdere,gri_satir_bos,1953-12-04,6191,unresolved,,Kaynakta bu birimle eşleşen satır bulunamadı.
1984yerel_igm,yerel,igm,6,Ankara,TR-D-06-007,ÇANKAYA,gri_satir_bos,,,,,DİE kitabındaki satır doğrulanamadı (tarama okuma hatası); gösterilmiyor.
1984yerel_igm,yerel,igm,6,Ankara,TR-D-06-009,Elmadağ,gri_satir_bos,1960-04-01,7033,unresolved,,Kaynakta bu birimle eşleşen satır bulunamadı.
1984yerel_igm,yerel,igm,6,Ankara,TR-D-06-010,Etimesgut,gri_satir_yok,1990-05-20,3644,kanun_tek_kaynak,Yenimahalle (14),
1984yerel_igm,yerel,igm,6,Ankara,TR-D-06-011,EVREN,gri_satir_yok,,,,,
1984yerel_igm,yerel,igm,6,Ankara,TR-D-06-015,Kahramankazan,gri_satir_yok,1987-07-04,3392,kanun_tek_kaynak,Yenimahalle (31),
1984yerel_igm,yerel,igm,6,Ankara,TR-D-06-019,MAMAK,gri_satir_bos,,,,,Kaynakta bu birimle eşleşen satır bulunamadı.
1984yerel_igm,yerel,igm,6,Ankara,TR-D-06-021,POLATLI,gri_satir_bos,,,,,DİE kitabındaki satır doğrulanamadı (tarama okuma hatası); gösterilmiyor.
1984yerel_igm,yerel,igm,6,Ankara,TR-D-06-022,Pursaklar,gri_satir_yok,2008-03-22,5747,kanun_cok_kaynak,Altındağ (2); Keçiören (2); Çubuk (1),
1984yerel_igm,yerel,igm,6,Ankara,TR-D-06-023,Sincan,gri_satir_bos,1983-11-30,2963,kanun_tek_kaynak,Yenimahalle (17),DİE kitabındaki satır doğrulanamadı (tarama okuma hatası); gösterilmiyor.
1984yerel_igm,yerel,igm,6,Ankara,TR-D-06-024,ŞEREFLİKOÇHİSAR,gri_satir_yok,,,,,
1984yerel_igm,yerel,igm,6,Ankara,TR-D-06-025,Yenimahalle,gri_satir_yok,1957-09-01,7033,kanun_dogrulanmadi,Merkez (3),
1984yerel_igm,yerel,igm,7,Antalya,TR-D-07-019,SERİK,gri_satir_bos,,,,,DİE kitabındaki satır doğrulanamadı (tarama okuma hatası); gösterilmiyor.
1984yerel_igm,yerel,igm,12,Bingöl,TR-D-12-001,Adaklı,gri_satir_yok,1987-07-04,3392,kanun_tek_kaynak,Kiğı (32),
1984yerel_igm,yerel,igm,12,Bingöl,TR-D-12-005,KİĞI,gri_satir_yok,,,,,
1984yerel_igm,yerel,igm,12,Bingöl,TR-D-12-007,Yayladere,gri_satir_yok,1987-07-04,3392,kanun_tek_kaynak,Kiğı (20),
1984yerel_igm,yerel,igm,12,Bingöl,TR-D-12-008,Yedisu,gri_satir_yok,1990-05-20,3644,kanun_cok_kaynak,Kiğı (12); Pülümür (5); Karlıova (3),
1984yerel_igm,yerel,igm,16,Bursa,TR-D-16-011,MUSTAFAKEMALPAŞA,gri_satir_bos,,,,,Kaynakta bu birimle eşleşen satır bulunamadı.
1984yerel_igm,yerel,igm,17,Çanakkale,TR-D-17-004,BOZCAADA,gri_satir_bos,,,,,Kaynakta bu birimle eşleşen satır bulunamadı.
1984yerel_igm,yerel,igm,17,Çanakkale,TR-D-17-010,GÖKÇEADA,gri_satir_bos,,,,,Kaynakta bu birimle eşleşen satır bulunamadı.
1984yerel_igm,yerel,igm,17,Çanakkale,TR-D-17-011,LAPSEKİ,gri_satir_bos,,,,,DİE kitabındaki satır doğrulanamadı (tarama okuma hatası); gösterilmiyor.
1984yerel_igm,yerel,igm,18,Çankırı,TR-D-18-004,ÇERKEŞ,gri_satir_bos,,,,,Kaynakta bu birimle eşleşen satır bulunamadı.
1984yerel_igm,yerel,igm,21,Diyarbakır,TR-D-21-003,ÇERMİK,gri_satir_bos,,,,,DİE kitabındaki satır doğrulanamadı (tarama okuma hatası); gösterilmiyor.
1984yerel_igm,yerel,igm,21,Diyarbakır,TR-D-21-005,Çüngüş,gri_satir_bos,1953-03-01,6068,unresolved,,Kaynakta bu birimle eşleşen satır bulunamadı.
1984yerel_igm,yerel,igm,21,Diyarbakır,TR-D-21-013,KULP,gri_satir_bos,,,,,DİE kitabındaki satır doğrulanamadı (tarama okuma hatası); gösterilmiyor.
1984yerel_igm,yerel,igm,24,Erzincan,TR-D-24-003,İLİÇ,gri_satir_bos,,,,,Kaynakta bu birimle eşleşen satır bulunamadı.
1984yerel_igm,yerel,igm,27,Gaziantep,TR-D-27-001,Araban,gri_satir_bos,1957-09-01,7033,kanun_dogrulanmadi,Tirebolu (3); Merkez (1),DİE kitabındaki satır doğrulanamadı (tarama okuma hatası); gösterilmiyor.
1984yerel_igm,yerel,igm,28,Giresun,TR-D-28-007,Espiye,gri_satir_yok,1957-09-01,7033,unresolved,,
1984yerel_igm,yerel,igm,28,Giresun,TR-D-28-014,ŞEBİNKARAHİSAR,gri_satir_bos,,,,,Kaynakta bu birimle eşleşen satır bulunamadı.
1984yerel_igm,yerel,igm,28,Giresun,TR-D-28-016,Yağlıdere,gri_satir_yok,1987-07-04,3392,kanun_tek_kaynak,Espiye (30),
1984yerel_igm,yerel,igm,29,Gümüşhane,TR-D-29-002,KELKİT,gri_satir_yok,,,,,
1984yerel_igm,yerel,igm,29,Gümüşhane,TR-D-29-003,KÖSE,gri_satir_yok,,,,,
1984yerel_igm,yerel,igm,32,Isparta,TR-D-32-001,AKSU,gri_satir_yok,,,,,
1984yerel_igm,yerel,igm,32,Isparta,TR-D-32-003,EĞİRDİR,gri_satir_yok,,,,,
1984yerel_igm,yerel,igm,33,Mersin,TR-D-33-001,AKDENİZ,gri_satir_yok,,,,,
1984yerel_igm,yerel,igm,33,Mersin,TR-D-33-003,Aydıncık,gri_satir_yok,1987-07-04,3392,kanun_tek_kaynak,Gülnar (10),
1984yerel_igm,yerel,igm,33,Mersin,TR-D-33-007,GÜLNAR,gri_satir_yok,,,,,
1984yerel_igm,yerel,igm,33,Mersin,TR-D-33-008,MEZİTLİ,gri_satir_yok,,,,,
1984yerel_igm,yerel,igm,33,Mersin,TR-D-33-009,MUT,gri_satir_bos,,,,,Kaynakta bu birimle eşleşen satır bulunamadı.
1984yerel_igm,yerel,igm,33,Mersin,TR-D-33-012,TOROSLAR,gri_satir_yok,,,,,
1984yerel_igm,yerel,igm,33,Mersin,TR-D-33-013,YENİŞEHİR,gri_satir_yok,,,,,
1984yerel_igm,yerel,igm,34,İstanbul,TR-D-34-009,BAYRAMPAŞA,gri_satir_yok,,,,,
1984yerel_igm,yerel,igm,34,İstanbul,TR-D-34-019,EYÜPSULTAN,gri_satir_yok,,,,,
1984yerel_igm,yerel,igm,34,İstanbul,TR-D-34-024,Kağıthane,gri_satir_yok,1987-07-04,3392,kanun_kaynak_yazilmamis,,
1984yerel_igm,yerel,igm,34,İstanbul,TR-D-34-031,SİLİVRİ,gri_satir_bos,,,,,Kaynakta bu birimle eşleşen satır bulunamadı.
1984yerel_igm,yerel,igm,34,İstanbul,TR-D-34-033,Sultangazi,gri_satir_yok,2008-03-22,5747,kanun_cok_kaynak,Gaziosmanpaşa (14); Eyüp (1); Esenler (1),
1984yerel_igm,yerel,igm,34,İstanbul,TR-D-34-035,Şişli,gri_satir_yok,1954-06-01,6324,unresolved,,
1984yerel_igm,yerel,igm,34,İstanbul,TR-D-34-039,Zeytinburnu,gri_satir_bos,1957-09-01,7033,kanun_dogrulanmadi,,Kaynakta bu birimle eşleşen satır bulunamadı.
1984yerel_igm,yerel,igm,35,İzmir,TR-D-35-004,Bayraklı,gri_satir_yok,2008-03-22,5747,repo_dogrulanmis,Karşıyaka (23),
1984yerel_igm,yerel,igm,35,İzmir,TR-D-35-007,Bornova,gri_satir_bos,1958-04-01,7033,kanun_dogrulanmadi,Ardahan (3); Merkez (1),DİE kitabındaki satır doğrulanamadı (tarama okuma hatası); gösterilmiyor.
1984yerel_igm,yerel,igm,35,İzmir,TR-D-35-009,ÇEŞME,gri_satir_bos,,,,,Kaynakta bu birimle eşleşen satır bulunamadı.
1984yerel_igm,yerel,igm,35,İzmir,TR-D-35-010,Çiğli,gri_satir_yok,1992-06-03,3806,repo_dogrulanmis,Karşıyaka (2),
1984yerel_igm,yerel,igm,35,İzmir,TR-D-35-011,DİKİLİ,gri_satir_bos,,,,,Kaynakta bu birimle eşleşen satır bulunamadı.
1984yerel_igm,yerel,igm,35,İzmir,TR-D-35-012,FOÇA,gri_satir_bos,,,,,Kaynakta bu birimle eşleşen satır bulunamadı.
1984yerel_igm,yerel,igm,35,İzmir,TR-D-35-017,Karşıyaka,gri_satir_yok,1954-06-01,6325,repo_dogrulanmis,,
1984yerel_igm,yerel,igm,40,Kırşehir,TR-D-40-001,Akçakent,gri_satir_yok,1990-05-20,3644,kanun_cok_kaynak,Çiçekdağı (22); Akpınar (5),
1984yerel_igm,yerel,igm,40,Kırşehir,TR-D-40-004,ÇİÇEKDAĞI,gri_satir_yok,,,,,
1984yerel_igm,yerel,igm,42,Konya,TR-D-42-002,AKÖREN,gri_satir_yok,,,,,
1984yerel_igm,yerel,igm,42,Konya,TR-D-42-008,Çeltik,gri_satir_yok,1990-05-20,3644,kanun_tek_kaynak,Yunak (10),
1984yerel_igm,yerel,igm,42,Konya,TR-D-42-009,ÇUMRA,gri_satir_yok,,,,,
1984yerel_igm,yerel,igm,42,Konya,TR-D-42-015,GÜNEYSINIR,gri_satir_yok,,,,,
1984yerel_igm,yerel,igm,42,Konya,TR-D-42-031,Yunak,gri_satir_yok,1953-03-01,6068,unresolved,,
1984yerel_igm,yerel,igm,43,Kütahya,TR-D-43-004,Domaniç,gri_satir_bos,1960-04-01,7033,kanun_dogrulanmadi,Tavşanlı (1),Kaynakta bu birimle eşleşen satır bulunamadı.
1984yerel_igm,yerel,igm,44,Malatya,TR-D-44-001,AKÇADAĞ,gri_satir_bos,,,,,Kaynakta bu birimle eşleşen satır bulunamadı.
1984yerel_igm,yerel,igm,44,Malatya,TR-D-44-006,DOĞANŞEHİR,gri_satir_bos,,,,,Kaynakta bu birimle eşleşen satır bulunamadı.
1984yerel_igm,yerel,igm,44,Malatya,TR-D-44-013,Yeşilyurt,gri_satir_bos,1957-09-01,7033,repo_dogrulanmis,Merkez (1),Kaynakta bu birimle eşleşen satır bulunamadı.
1984yerel_igm,yerel,igm,47,Mardin,TR-D-47-004,KIZILTEPE,gri_satir_bos,,,,,DİE kitabındaki satır doğrulanamadı (tarama okuma hatası); gösterilmiyor.
1984yerel_igm,yerel,igm,47,Mardin,TR-D-47-008,Ömerli,gri_satir_bos,1953-03-01,6068,unresolved,,Kaynakta bu birimle eşleşen satır bulunamadı.
1984yerel_igm,yerel,igm,48,Muğla,TR-D-48-002,DALAMAN,gri_satir_bos,,,,,DİE kitabındaki satır doğrulanamadı (tarama okuma hatası); gösterilmiyor.
1984yerel_igm,yerel,igm,48,Muğla,TR-D-48-003,DATÇA,gri_satir_bos,,,,,DİE kitabındaki satır doğrulanamadı (tarama okuma hatası); gösterilmiyor.
1984yerel_igm,yerel,igm,48,Muğla,TR-D-48-005,KAVAKLIDERE,gri_satir_yok,,,,,
1984yerel_igm,yerel,igm,48,Muğla,TR-D-48-007,MARMARİS,gri_satir_bos,,,,,Kaynakta bu birimle eşleşen satır bulunamadı.
1984yerel_igm,yerel,igm,48,Muğla,TR-D-48-012,Ula,gri_satir_bos,1954-06-01,6325,unresolved,,DİE kitabındaki satır doğrulanamadı (tarama okuma hatası); gösterilmiyor.
1984yerel_igm,yerel,igm,48,Muğla,TR-D-48-013,YATAĞAN,gri_satir_yok,,,,,
1984yerel_igm,yerel,igm,49,Muş,TR-D-49-006,VARTO,gri_satir_bos,,,,,DİE kitabındaki satır doğrulanamadı (tarama okuma hatası); gösterilmiyor.
1984yerel_igm,yerel,igm,51,Niğde,TR-D-51-003,ÇAMARDI,gri_satir_bos,,,,,Kaynakta bu birimle eşleşen satır bulunamadı.
1984yerel_igm,yerel,igm,52,Ordu,TR-D-52-003,Aybastı,gri_satir_yok,1959-04-01,7033,kanun_dogrulanmadi,Gölköy (2),
1984yerel_igm,yerel,igm,52,Ordu,TR-D-52-013,Kabataş,gri_satir_yok,1990-05-20,3644,kanun_tek_kaynak,Aybastı (4),
1984yerel_igm,yerel,igm,55,Samsun,TR-D-55-005,AYVACIK,gri_satir_yok,,,,,
1984yerel_igm,yerel,igm,55,Samsun,TR-D-55-008,ÇARŞAMBA,gri_satir_yok,,,,,
1984yerel_igm,yerel,igm,62,Tunceli,TR-D-62-002,HOZAT,gri_satir_bos,,,,,DİE kitabındaki satır doğrulanamadı (tarama okuma hatası); gösterilmiyor.
1984yerel_igm,yerel,igm,63,Şanlıurfa,TR-D-63-012,SURUÇ,gri_satir_bos,,,,,Kaynakta bu birimle eşleşen satır bulunamadı.
1984yerel_igm,yerel,igm,64,Uşak,TR-D-64-004,SİVASLI,gri_satir_bos,,,,,DİE kitabındaki satır doğrulanamadı (tarama okuma hatası); gösterilmiyor.
1984yerel_igm,yerel,igm,66,Yozgat,TR-D-66-003,BOĞAZLIYAN,gri_satir_yok,,,,,
1984yerel_igm,yerel,igm,66,Yozgat,TR-D-66-012,YENİFAKILI,gri_satir_yok,,,,,
1989yerel_bm,yerel,bm,2,Adıyaman,TR-D-02-007,Samsat,gri_satir_bos,1960-04-01,7033,kanun_dogrulanmadi,Merkez (2),Kaynakta bu birimle eşleşen satır bulunamadı.
1989yerel_bm,yerel,bm,4,Ağrı,TR-D-04-004,ELEŞKİRT,gri_satir_bos,,,,,DİE kitabındaki satır doğrulanamadı (tarama okuma hatası); gösterilmiyor.
1989yerel_bm,yerel,bm,12,Bingöl,TR-D-12-003,GENÇ,gri_satir_bos,,,,,DİE kitabındaki satır doğrulanamadı (tarama okuma hatası); gösterilmiyor.
1989yerel_bm,yerel,bm,16,Bursa,TR-D-16-010,MUDANYA,gri_satir_bos,,,,,DİE kitabındaki satır doğrulanamadı (tarama okuma hatası); gösterilmiyor.
1989yerel_bm,yerel,bm,20,Denizli,TR-D-20-001,ACIPAYAM,gri_satir_bos,,,,,DİE kitabındaki satır doğrulanamadı (tarama okuma hatası); gösterilmiyor.
1989yerel_bm,yerel,bm,23,Elazığ,TR-D-23-006,KARAKOÇAN,gri_satir_bos,,,,,Kaynakta bu birimle eşleşen satır bulunamadı.
1989yerel_bm,yerel,bm,43,Kütahya,TR-D-43-005,DUMLUPINAR,gri_satir_bos,,,,,Kaynakta bu birimle eşleşen satır bulunamadı.
1989yerel_bm,yerel,bm,48,Muğla,TR-D-48-004,FETHİYE,gri_satir_yok,,,,,
1989yerel_bm,yerel,bm,48,Muğla,TR-D-48-011,SEYDİKEMER,gri_satir_yok,,,,,
1989yerel_bm,yerel,bm,51,Niğde,TR-D-51-006,ULUKIŞLA,gri_satir_bos,,,,,Kaynakta bu birimle eşleşen satır bulunamadı.
1989yerel_igm,yerel,igm,1,Adana,TR-D-01-002,CEYHAN,gri_satir_bos,,,,,Kaynakta bu birimle eşleşen satır bulunamadı.
1989yerel_igm,yerel,igm,17,Çanakkale,TR-D-17-004,BOZCAADA,gri_satir_bos,,,,,Kaynakta bu birimle eşleşen satır bulunamadı.
1989yerel_igm,yerel,igm,17,Çanakkale,TR-D-17-010,GÖKÇEADA,gri_satir_bos,,,,,DİE kitabındaki satır doğrulanamadı (tarama okuma hatası); gösterilmiyor.
1989yerel_igm,yerel,igm,31,Hatay,TR-D-31-002,ANTAKYA,gri_satir_yok,,,,,
1989yerel_igm,yerel,igm,31,Hatay,TR-D-31-005,DEFNE,gri_satir_yok,,,,,
1994yerel_bm,yerel,bm,1,Adana,TR-D-01-005,İMAMOĞLU,gri_satir_bos,,,,,Kaynakta bu birimle eşleşen satır bulunamadı.
1994yerel_bm,yerel,bm,9,Aydın,TR-D-09-005,EFELER,gri_satir_bos,,,,,Kaynakta bu birimle eşleşen satır bulunamadı.
1994yerel_bm,yerel,bm,21,Diyarbakır,TR-D-21-011,Kayapınar,gri_satir_yok,2008-03-22,5747,repo_dogrulanmis,Merkez (17),
1994yerel_bm,yerel,bm,25,Erzurum,TR-D-25-013,Palandöken,gri_satir_yok,2008-03-22,5747,repo_dogrulanmis,Merkez (2),
1994yerel_bm,yerel,bm,31,Hatay,TR-D-31-002,ANTAKYA,gri_satir_yok,,,,,
1994yerel_bm,yerel,bm,31,Hatay,TR-D-31-005,DEFNE,gri_satir_yok,,,,,
1994yerel_bm,yerel,bm,33,Mersin,TR-D-33-008,MEZİTLİ,gri_satir_yok,,,,,
1994yerel_bm,yerel,bm,41,Kocaeli,TR-D-41-001,BAŞİSKELE,gri_satir_yok,,,,,
1994yerel_bm,yerel,bm,41,Kocaeli,TR-D-41-004,DERİNCE,gri_satir_yok,,,,,
1994yerel_bm,yerel,bm,41,Kocaeli,TR-D-41-008,İZMİT,gri_satir_yok,,,,,
1994yerel_bm,yerel,bm,41,Kocaeli,TR-D-41-011,KARTEPE,gri_satir_yok,,,,,
1994yerel_bm,yerel,bm,42,Konya,TR-D-42-016,HADİM,gri_satir_bos,,,,,Kaynakta bu birimle eşleşen satır bulunamadı.
1994yerel_bm,yerel,bm,48,Muğla,TR-D-48-008,MENTEŞE,gri_satir_bos,,,,,Kaynakta bu birimle eşleşen satır bulunamadı.
1994yerel_bm,yerel,bm,52,Ordu,TR-D-52-002,Altınordu,gri_satir_bos,2013-03-22,6447,unresolved,,Kaynakta bu birimle eşleşen satır bulunamadı.
1994yerel_bm,yerel,bm,55,Samsun,TR-D-55-001,Ondokuzmayıs,gri_satir_bos,1987-07-04,3392,kanun_cok_kaynak,Bafra (22); Merkez (13),Kaynakta bu birimle eşleşen satır bulunamadı.
1994yerel_bm,yerel,bm,59,Tekirdağ,TR-D-59-010,Süleymanpaşa,gri_satir_bos,2012-12-06,6360,merkez_ilce,Merkez (1),Kaynakta bu birimle eşleşen satır bulunamadı.
1994yerel_bm,yerel,bm,61,Trabzon,TR-D-61-013,ORTAHİSAR,gri_satir_bos,,,,,Kaynakta bu birimle eşleşen satır bulunamadı.
1994yerel_igm,yerel,igm,6,Ankara,TR-D-06-022,Pursaklar,gri_satir_bos,2008-03-22,5747,kanun_cok_kaynak,Altındağ (2); Keçiören (2); Çubuk (1),Kaynakta bu birimle eşleşen satır bulunamadı.
1994yerel_igm,yerel,igm,7,Antalya,TR-D-07-013,KEPEZ,gri_satir_bos,,,,,Kaynakta bu birimle eşleşen satır bulunamadı.
1994yerel_igm,yerel,igm,7,Antalya,TR-D-07-014,KONYAALTI,gri_satir_bos,,,,,Kaynakta bu birimle eşleşen satır bulunamadı.
1994yerel_igm,yerel,igm,7,Antalya,TR-D-07-018,MURATPAŞA,gri_satir_bos,,,,,Kaynakta bu birimle eşleşen satır bulunamadı.
1994yerel_igm,yerel,igm,8,Artvin,TR-D-08-006,Kemalpaşa,gri_satir_bos,2017-08-25,KHK 694,repo_dogrulanmis,,Kaynakta bu birimle eşleşen satır bulunamadı.
1994yerel_igm,yerel,igm,9,Aydın,TR-D-09-005,EFELER,gri_satir_bos,,,,,Kaynakta bu birimle eşleşen satır bulunamadı.
1994yerel_igm,yerel,igm,17,Çanakkale,TR-D-17-004,BOZCAADA,gri_satir_bos,,,,,Kaynakta bu birimle eşleşen satır bulunamadı.
1994yerel_igm,yerel,igm,17,Çanakkale,TR-D-17-010,GÖKÇEADA,gri_satir_bos,,,,,Kaynakta bu birimle eşleşen satır bulunamadı.
1994yerel_igm,yerel,igm,20,Denizli,TR-D-20-016,PAMUKKALE,gri_satir_bos,,,,,Kaynakta bu birimle eşleşen satır bulunamadı.
1994yerel_igm,yerel,igm,21,Diyarbakır,TR-D-21-001,Bağlar,gri_satir_bos,2008-03-22,5747,repo_dogrulanmis,Merkez (11),Kaynakta bu birimle eşleşen satır bulunamadı.
1994yerel_igm,yerel,igm,21,Diyarbakır,TR-D-21-016,Sur,gri_satir_bos,2008-03-22,5747,repo_dogrulanmis,Merkez (51),Kaynakta bu birimle eşleşen satır bulunamadı.
1994yerel_igm,yerel,igm,21,Diyarbakır,TR-D-21-017,Yenişehir,gri_satir_bos,2008-03-22,5747,repo_dogrulanmis,Merkez (10),Kaynakta bu birimle eşleşen satır bulunamadı.
1994yerel_igm,yerel,igm,25,Erzurum,TR-D-25-020,Yakutiye,gri_satir_bos,2008-03-22,5747,repo_dogrulanmis,Merkez (13),Kaynakta bu birimle eşleşen satır bulunamadı.
1994yerel_igm,yerel,igm,26,Eskişehir,TR-D-26-010,ODUNPAZARI,gri_satir_bos,,,,,Kaynakta bu birimle eşleşen satır bulunamadı.
1994yerel_igm,yerel,igm,26,Eskişehir,TR-D-26-014,TEPEBAŞI,gri_satir_bos,,,,,Kaynakta bu birimle eşleşen satır bulunamadı.
1994yerel_igm,yerel,igm,31,Hatay,TR-D-31-002,ANTAKYA,gri_satir_yok,,,,,
1994yerel_igm,yerel,igm,31,Hatay,TR-D-31-005,DEFNE,gri_satir_yok,,,,,
1994yerel_igm,yerel,igm,33,Mersin,TR-D-33-001,AKDENİZ,gri_satir_bos,,,,,Kaynakta bu birimle eşleşen satır bulunamadı.
1994yerel_igm,yerel,igm,33,Mersin,TR-D-33-012,TOROSLAR,gri_satir_bos,,,,,Kaynakta bu birimle eşleşen satır bulunamadı.
1994yerel_igm,yerel,igm,33,Mersin,TR-D-33-013,YENİŞEHİR,gri_satir_bos,,,,,Kaynakta bu birimle eşleşen satır bulunamadı.
1994yerel_igm,yerel,igm,38,Kayseri,TR-D-38-004,Felahiye,gri_satir_bos,1957-09-01,7033,unresolved,,Kaynakta bu birimle eşleşen satır bulunamadı.
1994yerel_igm,yerel,igm,42,Konya,TR-D-42-016,HADİM,gri_satir_bos,,,,,Kaynakta bu birimle eşleşen satır bulunamadı.
1994yerel_igm,yerel,igm,48,Muğla,TR-D-48-008,MENTEŞE,gri_satir_bos,,,,,Kaynakta bu birimle eşleşen satır bulunamadı.
1994yerel_igm,yerel,igm,52,Ordu,TR-D-52-002,Altınordu,gri_satir_bos,2013-03-22,6447,unresolved,,Kaynakta bu birimle eşleşen satır bulunamadı.
1994yerel_igm,yerel,igm,54,Sakarya,TR-D-54-003,ARİFİYE,gri_satir_bos,,,,,Kaynakta bu birimle eşleşen satır bulunamadı.
1994yerel_igm,yerel,igm,54,Sakarya,TR-D-54-004,ERENLER,gri_satir_bos,,,,,Kaynakta bu birimle eşleşen satır bulunamadı.
1994yerel_igm,yerel,igm,54,Sakarya,TR-D-54-014,SERDİVAN,gri_satir_bos,,,,,Kaynakta bu birimle eşleşen satır bulunamadı.
1994yerel_igm,yerel,igm,55,Samsun,TR-D-55-001,Ondokuzmayıs,gri_satir_bos,1987-07-04,3392,kanun_cok_kaynak,Bafra (22); Merkez (13),Kaynakta bu birimle eşleşen satır bulunamadı.
1994yerel_igm,yerel,igm,55,Samsun,TR-D-55-004,Atakum,gri_satir_bos,2008-03-22,5747,repo_dogrulanmis,Merkez (32),Kaynakta bu birimle eşleşen satır bulunamadı.
1994yerel_igm,yerel,igm,55,Samsun,TR-D-55-007,Canik,gri_satir_bos,2008-03-22,5747,repo_dogrulanmis,Merkez (41),Kaynakta bu birimle eşleşen satır bulunamadı.
1994yerel_igm,yerel,igm,55,Samsun,TR-D-55-010,İlkadım,gri_satir_bos,2008-03-22,5747,repo_dogrulanmis,Merkez (14),Kaynakta bu birimle eşleşen satır bulunamadı.
1994yerel_igm,yerel,igm,59,Tekirdağ,TR-D-59-005,Kapaklı,gri_satir_bos,2012-12-06,6360,kanun_tek_kaynak,Çerkezköy (7),Kaynakta bu birimle eşleşen satır bulunamadı.
1994yerel_igm,yerel,igm,59,Tekirdağ,TR-D-59-010,Süleymanpaşa,gri_satir_bos,2012-12-06,6360,merkez_ilce,Merkez (1),Kaynakta bu birimle eşleşen satır bulunamadı.
1994yerel_igm,yerel,igm,61,Trabzon,TR-D-61-013,ORTAHİSAR,gri_satir_bos,,,,,Kaynakta bu birimle eşleşen satır bulunamadı.
1994yerel_igm,yerel,igm,63,Şanlıurfa,TR-D-63-010,Karaköprü,gri_satir_bos,2012-12-06,6360,repo_dogrulanmis,Merkez (88),Kaynakta bu birimle eşleşen satır bulunamadı.
1994yerel_igm,yerel,igm,67,Zonguldak,TR-D-67-006,KİLİMLİ,gri_satir_bos,,,,,Kaynakta bu birimle eşleşen satır bulunamadı.
1994yerel_igm,yerel,igm,67,Zonguldak,TR-D-67-007,KOZLU,gri_satir_bos,,,,,Kaynakta bu birimle eşleşen satır bulunamadı.
1994yerel_igm,yerel,igm,68,Aksaray,TR-D-68-008,Sultanhanı,gri_satir_bos,2017-08-25,KHK 694,unresolved,,Kaynakta bu birimle eşleşen satır bulunamadı.
1999yerel_bm,yerel,bm,9,Aydın,TR-D-09-005,EFELER,gri_satir_bos,,,,,Kaynakta bu birimle eşleşen satır bulunamadı.
1999yerel_bm,yerel,bm,21,Diyarbakır,TR-D-21-011,Kayapınar,gri_satir_yok,2008-03-22,5747,repo_dogrulanmis,Merkez (17),
1999yerel_bm,yerel,bm,25,Erzurum,TR-D-25-002,Aziziye,gri_satir_bos,1990-05-20,3644,kanun_tek_kaynak,Merkez (74),Kaynakta bu birimle eşleşen satır bulunamadı.
1999yerel_bm,yerel,bm,25,Erzurum,TR-D-25-013,Palandöken,gri_satir_yok,2008-03-22,5747,repo_dogrulanmis,Merkez (2),
1999yerel_bm,yerel,bm,31,Hatay,TR-D-31-002,ANTAKYA,gri_satir_yok,,,,,
1999yerel_bm,yerel,bm,31,Hatay,TR-D-31-005,DEFNE,gri_satir_yok,,,,,
1999yerel_bm,yerel,bm,33,Mersin,TR-D-33-008,MEZİTLİ,gri_satir_yok,,,,,
1999yerel_bm,yerel,bm,41,Kocaeli,TR-D-41-001,BAŞİSKELE,gri_satir_yok,,,,,
1999yerel_bm,yerel,bm,41,Kocaeli,TR-D-41-004,DERİNCE,gri_satir_yok,,,,,
1999yerel_bm,yerel,bm,41,Kocaeli,TR-D-41-008,İZMİT,gri_satir_yok,,,,,
1999yerel_bm,yerel,bm,41,Kocaeli,TR-D-41-011,KARTEPE,gri_satir_yok,,,,,
1999yerel_bm,yerel,bm,46,Kahramanmaraş,TR-D-46-002,ANDIRIN,gri_satir_bos,,,,,DİE kitabındaki satır doğrulanamadı (tarama okuma hatası); gösterilmiyor.
1999yerel_bm,yerel,bm,46,Kahramanmaraş,TR-D-46-006,ELBİSTAN,gri_satir_bos,,,,,DİE kitabındaki satır doğrulanamadı (tarama okuma hatası); gösterilmiyor.
1999yerel_bm,yerel,bm,48,Muğla,TR-D-48-008,MENTEŞE,gri_satir_bos,,,,,Kaynakta bu birimle eşleşen satır bulunamadı.
1999yerel_bm,yerel,bm,52,Ordu,TR-D-52-002,Altınordu,gri_satir_bos,2013-03-22,6447,unresolved,,Kaynakta bu birimle eşleşen satır bulunamadı.
1999yerel_bm,yerel,bm,54,Sakarya,TR-D-54-001,ADAPAZARI,gri_satir_bos,,,,,Kaynakta bu birimle eşleşen satır bulunamadı.
1999yerel_bm,yerel,bm,59,Tekirdağ,TR-D-59-010,Süleymanpaşa,gri_satir_bos,2012-12-06,6360,merkez_ilce,Merkez (1),Kaynakta bu birimle eşleşen satır bulunamadı.
1999yerel_bm,yerel,bm,61,Trabzon,TR-D-61-013,ORTAHİSAR,gri_satir_bos,,,,,Kaynakta bu birimle eşleşen satır bulunamadı.
1999yerel_bm,yerel,bm,74,Bartın,TR-D-74-003,KURUCAŞİLE,gri_satir_bos,,,,,DİE kitabındaki satır doğrulanamadı (tarama okuma hatası); gösterilmiyor.
1999yerel_igm,yerel,igm,7,Antalya,TR-D-07-013,KEPEZ,gri_satir_bos,,,,,Kaynakta bu birimle eşleşen satır bulunamadı.
1999yerel_igm,yerel,igm,7,Antalya,TR-D-07-014,KONYAALTI,gri_satir_bos,,,,,Kaynakta bu birimle eşleşen satır bulunamadı.
1999yerel_igm,yerel,igm,7,Antalya,TR-D-07-018,MURATPAŞA,gri_satir_bos,,,,,Kaynakta bu birimle eşleşen satır bulunamadı.
1999yerel_igm,yerel,igm,8,Artvin,TR-D-08-006,Kemalpaşa,gri_satir_bos,2017-08-25,KHK 694,repo_dogrulanmis,,Kaynakta bu birimle eşleşen satır bulunamadı.
1999yerel_igm,yerel,igm,9,Aydın,TR-D-09-005,EFELER,gri_satir_bos,,,,,Kaynakta bu birimle eşleşen satır bulunamadı.
1999yerel_igm,yerel,igm,17,Çanakkale,TR-D-17-004,BOZCAADA,gri_satir_bos,,,,,Kaynakta bu birimle eşleşen satır bulunamadı.
1999yerel_igm,yerel,igm,17,Çanakkale,TR-D-17-010,GÖKÇEADA,gri_satir_bos,,,,,Kaynakta bu birimle eşleşen satır bulunamadı.
1999yerel_igm,yerel,igm,20,Denizli,TR-D-20-016,PAMUKKALE,gri_satir_bos,,,,,Kaynakta bu birimle eşleşen satır bulunamadı.
1999yerel_igm,yerel,igm,21,Diyarbakır,TR-D-21-001,Bağlar,gri_satir_bos,2008-03-22,5747,repo_dogrulanmis,Merkez (11),Kaynakta bu birimle eşleşen satır bulunamadı.
1999yerel_igm,yerel,igm,21,Diyarbakır,TR-D-21-016,Sur,gri_satir_bos,2008-03-22,5747,repo_dogrulanmis,Merkez (51),Kaynakta bu birimle eşleşen satır bulunamadı.
1999yerel_igm,yerel,igm,21,Diyarbakır,TR-D-21-017,Yenişehir,gri_satir_bos,2008-03-22,5747,repo_dogrulanmis,Merkez (10),Kaynakta bu birimle eşleşen satır bulunamadı.
1999yerel_igm,yerel,igm,25,Erzurum,TR-D-25-002,Aziziye,gri_satir_bos,1990-05-20,3644,kanun_tek_kaynak,Merkez (74),Kaynakta bu birimle eşleşen satır bulunamadı.
1999yerel_igm,yerel,igm,25,Erzurum,TR-D-25-015,PAZARYOLU,gri_satir_bos,,,,,DİE kitabındaki satır doğrulanamadı (tarama okuma hatası); gösterilmiyor.
1999yerel_igm,yerel,igm,25,Erzurum,TR-D-25-020,Yakutiye,gri_satir_bos,2008-03-22,5747,repo_dogrulanmis,Merkez (13),Kaynakta bu birimle eşleşen satır bulunamadı.
1999yerel_igm,yerel,igm,26,Eskişehir,TR-D-26-010,ODUNPAZARI,gri_satir_bos,,,,,Kaynakta bu birimle eşleşen satır bulunamadı.
1999yerel_igm,yerel,igm,26,Eskişehir,TR-D-26-014,TEPEBAŞI,gri_satir_bos,,,,,Kaynakta bu birimle eşleşen satır bulunamadı.
1999yerel_igm,yerel,igm,30,Hakkari,TR-D-30-005,Derecik,gri_satir_bos,2018-10-25,7148,unresolved,,Kaynakta bu birimle eşleşen satır bulunamadı.
1999yerel_igm,yerel,igm,31,Hatay,TR-D-31-002,ANTAKYA,gri_satir_yok,,,,,
1999yerel_igm,yerel,igm,31,Hatay,TR-D-31-003,ARSUZ,gri_satir_bos,,,,,Kaynakta bu birimle eşleşen satır bulunamadı.
1999yerel_igm,yerel,igm,31,Hatay,TR-D-31-005,DEFNE,gri_satir_yok,,,,,
1999yerel_igm,yerel,igm,33,Mersin,TR-D-33-001,AKDENİZ,gri_satir_bos,,,,,Kaynakta bu birimle eşleşen satır bulunamadı.
1999yerel_igm,yerel,igm,33,Mersin,TR-D-33-012,TOROSLAR,gri_satir_bos,,,,,Kaynakta bu birimle eşleşen satır bulunamadı.
1999yerel_igm,yerel,igm,33,Mersin,TR-D-33-013,YENİŞEHİR,gri_satir_bos,,,,,Kaynakta bu birimle eşleşen satır bulunamadı.
1999yerel_igm,yerel,igm,48,Muğla,TR-D-48-008,MENTEŞE,gri_satir_bos,,,,,Kaynakta bu birimle eşleşen satır bulunamadı.
1999yerel_igm,yerel,igm,52,Ordu,TR-D-52-002,Altınordu,gri_satir_bos,2013-03-22,6447,unresolved,,Kaynakta bu birimle eşleşen satır bulunamadı.
1999yerel_igm,yerel,igm,54,Sakarya,TR-D-54-001,ADAPAZARI,gri_satir_bos,,,,,Kaynakta bu birimle eşleşen satır bulunamadı.
1999yerel_igm,yerel,igm,54,Sakarya,TR-D-54-003,ARİFİYE,gri_satir_bos,,,,,Kaynakta bu birimle eşleşen satır bulunamadı.
1999yerel_igm,yerel,igm,54,Sakarya,TR-D-54-004,ERENLER,gri_satir_bos,,,,,Kaynakta bu birimle eşleşen satır bulunamadı.
1999yerel_igm,yerel,igm,54,Sakarya,TR-D-54-014,SERDİVAN,gri_satir_bos,,,,,Kaynakta bu birimle eşleşen satır bulunamadı.
1999yerel_igm,yerel,igm,55,Samsun,TR-D-55-004,Atakum,gri_satir_bos,2008-03-22,5747,repo_dogrulanmis,Merkez (32),Kaynakta bu birimle eşleşen satır bulunamadı.
1999yerel_igm,yerel,igm,55,Samsun,TR-D-55-007,Canik,gri_satir_bos,2008-03-22,5747,repo_dogrulanmis,Merkez (41),Kaynakta bu birimle eşleşen satır bulunamadı.
1999yerel_igm,yerel,igm,55,Samsun,TR-D-55-010,İlkadım,gri_satir_bos,2008-03-22,5747,repo_dogrulanmis,Merkez (14),Kaynakta bu birimle eşleşen satır bulunamadı.
1999yerel_igm,yerel,igm,59,Tekirdağ,TR-D-59-005,Kapaklı,gri_satir_bos,2012-12-06,6360,kanun_tek_kaynak,Çerkezköy (7),Kaynakta bu birimle eşleşen satır bulunamadı.
1999yerel_igm,yerel,igm,59,Tekirdağ,TR-D-59-010,Süleymanpaşa,gri_satir_bos,2012-12-06,6360,merkez_ilce,Merkez (1),Kaynakta bu birimle eşleşen satır bulunamadı.
1999yerel_igm,yerel,igm,61,Trabzon,TR-D-61-013,ORTAHİSAR,gri_satir_bos,,,,,Kaynakta bu birimle eşleşen satır bulunamadı.
1999yerel_igm,yerel,igm,63,Şanlıurfa,TR-D-63-010,Karaköprü,gri_satir_bos,2012-12-06,6360,repo_dogrulanmis,Merkez (88),Kaynakta bu birimle eşleşen satır bulunamadı.
1999yerel_igm,yerel,igm,67,Zonguldak,TR-D-67-006,KİLİMLİ,gri_satir_bos,,,,,Kaynakta bu birimle eşleşen satır bulunamadı.
1999yerel_igm,yerel,igm,67,Zonguldak,TR-D-67-007,KOZLU,gri_satir_bos,,,,,Kaynakta bu birimle eşleşen satır bulunamadı.
1999yerel_igm,yerel,igm,68,Aksaray,TR-D-68-008,Sultanhanı,gri_satir_bos,2017-08-25,KHK 694,unresolved,,Kaynakta bu birimle eşleşen satır bulunamadı.
2004yerel_bm,yerel,bm,9,Aydın,TR-D-09-005,EFELER,gri_satir_bos,,,,,Kaynakta bu birimle eşleşen satır bulunamadı.
2004yerel_bm,yerel,bm,21,Diyarbakır,TR-D-21-011,Kayapınar,gri_satir_yok,2008-03-22,5747,repo_dogrulanmis,Merkez (17),
2004yerel_bm,yerel,bm,25,Erzurum,TR-D-25-013,Palandöken,gri_satir_yok,2008-03-22,5747,repo_dogrulanmis,Merkez (2),
2004yerel_bm,yerel,bm,33,Mersin,TR-D-33-008,MEZİTLİ,gri_satir_yok,,,,,
2004yerel_bm,yerel,bm,41,Kocaeli,TR-D-41-001,BAŞİSKELE,gri_satir_yok,,,,,
2004yerel_bm,yerel,bm,41,Kocaeli,TR-D-41-008,İZMİT,gri_satir_yok,,,,,
2004yerel_bm,yerel,bm,41,Kocaeli,TR-D-41-011,KARTEPE,gri_satir_yok,,,,,
2004yerel_bm,yerel,bm,48,Muğla,TR-D-48-008,MENTEŞE,gri_satir_bos,,,,,Kaynakta bu birimle eşleşen satır bulunamadı.
2004yerel_bm,yerel,bm,52,Ordu,TR-D-52-002,Altınordu,gri_satir_bos,2013-03-22,6447,unresolved,,Kaynakta bu birimle eşleşen satır bulunamadı.
2004yerel_bm,yerel,bm,54,Sakarya,TR-D-54-001,ADAPAZARI,gri_satir_bos,,,,,Kaynakta bu birimle eşleşen satır bulunamadı.
2004yerel_bm,yerel,bm,59,Tekirdağ,TR-D-59-010,Süleymanpaşa,gri_satir_bos,2012-12-06,6360,merkez_ilce,Merkez (1),Kaynakta bu birimle eşleşen satır bulunamadı.
2004yerel_bm,yerel,bm,61,Trabzon,TR-D-61-013,ORTAHİSAR,gri_satir_bos,,,,,Kaynakta bu birimle eşleşen satır bulunamadı.
2004yerel_igm,yerel,igm,7,Antalya,TR-D-07-013,KEPEZ,gri_satir_bos,,,,,Kaynakta bu birimle eşleşen satır bulunamadı.
2004yerel_igm,yerel,igm,7,Antalya,TR-D-07-014,KONYAALTI,gri_satir_bos,,,,,Kaynakta bu birimle eşleşen satır bulunamadı.
2004yerel_igm,yerel,igm,7,Antalya,TR-D-07-018,MURATPAŞA,gri_satir_bos,,,,,Kaynakta bu birimle eşleşen satır bulunamadı.
2004yerel_igm,yerel,igm,8,Artvin,TR-D-08-006,Kemalpaşa,gri_satir_bos,2017-08-25,KHK 694,repo_dogrulanmis,,Kaynakta bu birimle eşleşen satır bulunamadı.
2004yerel_igm,yerel,igm,9,Aydın,TR-D-09-005,EFELER,gri_satir_bos,,,,,Kaynakta bu birimle eşleşen satır bulunamadı.
2004yerel_igm,yerel,igm,17,Çanakkale,TR-D-17-004,BOZCAADA,gri_satir_bos,,,,,Kaynakta bu birimle eşleşen satır bulunamadı.
2004yerel_igm,yerel,igm,17,Çanakkale,TR-D-17-010,GÖKÇEADA,gri_satir_bos,,,,,Kaynakta bu birimle eşleşen satır bulunamadı.
2004yerel_igm,yerel,igm,20,Denizli,TR-D-20-016,PAMUKKALE,gri_satir_bos,,,,,Kaynakta bu birimle eşleşen satır bulunamadı.
2004yerel_igm,yerel,igm,21,Diyarbakır,TR-D-21-001,Bağlar,gri_satir_bos,2008-03-22,5747,repo_dogrulanmis,Merkez (11),Kaynakta bu birimle eşleşen satır bulunamadı.
2004yerel_igm,yerel,igm,21,Diyarbakır,TR-D-21-016,Sur,gri_satir_bos,2008-03-22,5747,repo_dogrulanmis,Merkez (51),Kaynakta bu birimle eşleşen satır bulunamadı.
2004yerel_igm,yerel,igm,21,Diyarbakır,TR-D-21-017,Yenişehir,gri_satir_bos,2008-03-22,5747,repo_dogrulanmis,Merkez (10),Kaynakta bu birimle eşleşen satır bulunamadı.
2004yerel_igm,yerel,igm,25,Erzurum,TR-D-25-020,Yakutiye,gri_satir_bos,2008-03-22,5747,repo_dogrulanmis,Merkez (13),Kaynakta bu birimle eşleşen satır bulunamadı.
2004yerel_igm,yerel,igm,26,Eskişehir,TR-D-26-010,ODUNPAZARI,gri_satir_bos,,,,,Kaynakta bu birimle eşleşen satır bulunamadı.
2004yerel_igm,yerel,igm,26,Eskişehir,TR-D-26-014,TEPEBAŞI,gri_satir_bos,,,,,Kaynakta bu birimle eşleşen satır bulunamadı.
2004yerel_igm,yerel,igm,30,Hakkari,TR-D-30-005,Derecik,gri_satir_bos,2018-10-25,7148,unresolved,,Kaynakta bu birimle eşleşen satır bulunamadı.
2004yerel_igm,yerel,igm,31,Hatay,TR-D-31-002,ANTAKYA,gri_satir_yok,,,,,
2004yerel_igm,yerel,igm,31,Hatay,TR-D-31-003,ARSUZ,gri_satir_bos,,,,,Kaynakta bu birimle eşleşen satır bulunamadı.
2004yerel_igm,yerel,igm,31,Hatay,TR-D-31-005,DEFNE,gri_satir_yok,,,,,
2004yerel_igm,yerel,igm,31,Hatay,TR-D-31-012,PAYAS,gri_satir_bos,,,,,Kaynakta bu birimle eşleşen satır bulunamadı.
2004yerel_igm,yerel,igm,33,Mersin,TR-D-33-001,AKDENİZ,gri_satir_bos,,,,,Kaynakta bu birimle eşleşen satır bulunamadı.
2004yerel_igm,yerel,igm,33,Mersin,TR-D-33-012,TOROSLAR,gri_satir_bos,,,,,Kaynakta bu birimle eşleşen satır bulunamadı.
2004yerel_igm,yerel,igm,33,Mersin,TR-D-33-013,YENİŞEHİR,gri_satir_bos,,,,,Kaynakta bu birimle eşleşen satır bulunamadı.
2004yerel_igm,yerel,igm,48,Muğla,TR-D-48-008,MENTEŞE,gri_satir_bos,,,,,Kaynakta bu birimle eşleşen satır bulunamadı.
2004yerel_igm,yerel,igm,52,Ordu,TR-D-52-002,Altınordu,gri_satir_bos,2013-03-22,6447,unresolved,,Kaynakta bu birimle eşleşen satır bulunamadı.
2004yerel_igm,yerel,igm,54,Sakarya,TR-D-54-003,ARİFİYE,gri_satir_bos,,,,,Kaynakta bu birimle eşleşen satır bulunamadı.
2004yerel_igm,yerel,igm,54,Sakarya,TR-D-54-004,ERENLER,gri_satir_bos,,,,,Kaynakta bu birimle eşleşen satır bulunamadı.
2004yerel_igm,yerel,igm,54,Sakarya,TR-D-54-014,SERDİVAN,gri_satir_bos,,,,,Kaynakta bu birimle eşleşen satır bulunamadı.
2004yerel_igm,yerel,igm,55,Samsun,TR-D-55-004,Atakum,gri_satir_bos,2008-03-22,5747,repo_dogrulanmis,Merkez (32),Kaynakta bu birimle eşleşen satır bulunamadı.
2004yerel_igm,yerel,igm,55,Samsun,TR-D-55-007,Canik,gri_satir_bos,2008-03-22,5747,repo_dogrulanmis,Merkez (41),Kaynakta bu birimle eşleşen satır bulunamadı.
2004yerel_igm,yerel,igm,55,Samsun,TR-D-55-010,İlkadım,gri_satir_bos,2008-03-22,5747,repo_dogrulanmis,Merkez (14),Kaynakta bu birimle eşleşen satır bulunamadı.
2004yerel_igm,yerel,igm,59,Tekirdağ,TR-D-59-005,Kapaklı,gri_satir_bos,2012-12-06,6360,kanun_tek_kaynak,Çerkezköy (7),Kaynakta bu birimle eşleşen satır bulunamadı.
2004yerel_igm,yerel,igm,59,Tekirdağ,TR-D-59-010,Süleymanpaşa,gri_satir_bos,2012-12-06,6360,merkez_ilce,Merkez (1),Kaynakta bu birimle eşleşen satır bulunamadı.
2004yerel_igm,yerel,igm,61,Trabzon,TR-D-61-013,ORTAHİSAR,gri_satir_bos,,,,,Kaynakta bu birimle eşleşen satır bulunamadı.
2004yerel_igm,yerel,igm,63,Şanlıurfa,TR-D-63-010,Karaköprü,gri_satir_bos,2012-12-06,6360,repo_dogrulanmis,Merkez (88),Kaynakta bu birimle eşleşen satır bulunamadı.
2004yerel_igm,yerel,igm,67,Zonguldak,TR-D-67-006,KİLİMLİ,gri_satir_bos,,,,,Kaynakta bu birimle eşleşen satır bulunamadı.
2004yerel_igm,yerel,igm,67,Zonguldak,TR-D-67-007,KOZLU,gri_satir_bos,,,,,Kaynakta bu birimle eşleşen satır bulunamadı.
2004yerel_igm,yerel,igm,68,Aksaray,TR-D-68-008,Sultanhanı,gri_satir_bos,2017-08-25,KHK 694,unresolved,,Kaynakta bu birimle eşleşen satır bulunamadı.
2009yerel_bm,yerel,bm,66,Yozgat,TR-D-66-007,KADIŞEHRİ,gri_satir_bos,,,,,İlçede 29 Mart 2009 seçimi iptal edilip 7 Haziran'da yenilendi; YSK açık verisinde ilçe merkezi belediye meclisi sonucu yok (yalnız Halıköy beldesi).
2009yerel_igm,yerel,igm,17,Çanakkale,TR-D-17-004,BOZCAADA,gri_satir_bos,,,,,YSK açık verisinde bu ilçede il genel meclisi sandığı yok (seçim yapılmadı).
2009yerel_igm,yerel,igm,17,Çanakkale,TR-D-17-010,GÖKÇEADA,gri_satir_bos,,,,,YSK açık verisinde bu ilçede il genel meclisi sandığı yok (seçim yapılmadı).
2014yerel_igm,yerel,igm,17,Çanakkale,TR-D-17-004,BOZCAADA,gri_satir_bos,,,,,YSK açık verisinde bu ilçede il genel meclisi sandığı yok (seçim yapılmadı).
2014yerel_igm,yerel,igm,17,Çanakkale,TR-D-17-010,GÖKÇEADA,gri_satir_bos,,,,,YSK açık verisinde bu ilçede il genel meclisi sandığı yok (seçim yapılmadı).
2019yerel_igm,yerel,igm,17,Çanakkale,TR-D-17-004,BOZCAADA,gri_satir_bos,,,,,YSK açık verisinde bu ilçede il genel meclisi sandığı yok (seçim yapılmadı).
2019yerel_igm,yerel,igm,17,Çanakkale,TR-D-17-010,GÖKÇEADA,gri_satir_bos,,,,,YSK açık verisinde bu ilçede il genel meclisi sandığı yok (seçim yapılmadı).
2024yerel_igm,yerel,igm,17,Çanakkale,TR-D-17-004,BOZCAADA,gri_satir_bos,,,,,YSK açık verisinde bu ilçede il genel meclisi sandığı yok (seçim yapılmadı).
2024yerel_igm,yerel,igm,17,Çanakkale,TR-D-17-010,GÖKÇEADA,gri_satir_bos,,,,,YSK açık verisinde bu ilçede il genel meclisi sandığı yok (seçim yapılmadı).
